🦥 Unsloth: Will patch your computer to enable 2x faster free finetuning.
🦥 Unsloth Zoo will now patch everything to make training faster!
INFO 08-17 15:28:52 [__init__.py:243] Automatically detected platform cuda.
==((====))==  Unsloth 2025.6.1: Fast Qwen2 patching. Transformers: 4.52.4. vLLM: 0.9.0.1.
   \\   /|    NVIDIA H100 80GB HBM3. Num GPUs = 1. Max memory: 79.179 GB. Platform: Linux.
O^O/ \_/ \    Torch: 2.7.0+cu126. CUDA: 9.0. CUDA Toolkit: 12.6. Triton: 3.3.0
\        /    Bfloat16 = TRUE. FA [Xformers = 0.0.30. FA2 = False]
 "-____-"     Free license: http://github.com/unslothai/unsloth
Unsloth: Fast downloading is enabled - ignore downloading bars which are red colored!

Not an error, but Unsloth cannot patch MLP layers with our manual autograd engine since either LoRA adapters
are not enabled or a bias term (like in Qwen) is used.
Not an error, but Unsloth cannot patch O projection layer with our manual autograd engine since either LoRA adapters
are not enabled or a bias term (like in Qwen) is used.
Unsloth 2025.6.1 patched 48 layers with 48 QKV layers, 0 O layers and 0 MLP layers.
Creating new LoRA adapter

Map:   0%|          | 0/13698 [00:00<?, ? examples/s]
Map:  29%|██▉       | 4000/13698 [00:00<00:00, 21821.24 examples/s]
Map:  58%|█████▊    | 8000/13698 [00:00<00:00, 21405.04 examples/s]
Map:  80%|████████  | 11000/13698 [00:00<00:00, 20511.60 examples/s]
Map: 100%|██████████| 13698/13698 [00:00<00:00, 20915.55 examples/s]
Map: 100%|██████████| 13698/13698 [00:00<00:00, 20947.17 examples/s]

Map:   0%|          | 0/128 [00:00<?, ? examples/s]
Map: 100%|██████████| 128/128 [00:00<00:00, 14339.12 examples/s]
wandb: Tracking run with wandb version 0.20.1
wandb: W&B syncing is set to `offline` in this directory. Run `wandb online` or set WANDB_MODE=online to enable cloud syncing.
Warning: guessing how to train on responses only

Unsloth: Tokenizing ["text"]:   0%|          | 0/13698 [00:00<?, ? examples/s]
Unsloth: Tokenizing ["text"]:   7%|▋         | 1000/13698 [00:00<00:09, 1322.85 examples/s]
Unsloth: Tokenizing ["text"]:  15%|█▍        | 2000/13698 [00:01<00:08, 1340.34 examples/s]
Unsloth: Tokenizing ["text"]:  22%|██▏       | 3000/13698 [00:02<00:08, 1325.90 examples/s]
Unsloth: Tokenizing ["text"]:  29%|██▉       | 4000/13698 [00:03<00:07, 1335.15 examples/s]
Unsloth: Tokenizing ["text"]:  37%|███▋      | 5000/13698 [00:03<00:06, 1332.81 examples/s]
Unsloth: Tokenizing ["text"]:  44%|████▍     | 6000/13698 [00:04<00:05, 1329.68 examples/s]
Unsloth: Tokenizing ["text"]:  51%|█████     | 7000/13698 [00:05<00:05, 1300.62 examples/s]
Unsloth: Tokenizing ["text"]:  58%|█████▊    | 8000/13698 [00:06<00:04, 1294.13 examples/s]
Unsloth: Tokenizing ["text"]:  66%|██████▌   | 9000/13698 [00:06<00:03, 1268.87 examples/s]
Unsloth: Tokenizing ["text"]:  73%|███████▎  | 10000/13698 [00:07<00:02, 1252.54 examples/s]
Unsloth: Tokenizing ["text"]:  80%|████████  | 11000/13698 [00:08<00:02, 1281.99 examples/s]
Unsloth: Tokenizing ["text"]:  88%|████████▊ | 12000/13698 [00:09<00:01, 1305.62 examples/s]
Unsloth: Tokenizing ["text"]:  95%|█████████▍| 13000/13698 [00:09<00:00, 1318.45 examples/s]
Unsloth: Tokenizing ["text"]: 100%|██████████| 13698/13698 [00:10<00:00, 1296.56 examples/s]
Unsloth: Tokenizing ["text"]: 100%|██████████| 13698/13698 [00:10<00:00, 1301.83 examples/s]

Unsloth: Tokenizing ["text"]:   0%|          | 0/128 [00:00<?, ? examples/s]
Unsloth: Tokenizing ["text"]: 100%|██████████| 128/128 [00:00<00:00, 855.79 examples/s]
Unsloth: Tokenizing ["text"]: 100%|██████████| 128/128 [00:00<00:00, 843.19 examples/s]

Map (num_proc=224):   0%|          | 0/13698 [00:00<?, ? examples/s]
Map (num_proc=224):   0%|          | 62/13698 [00:00<00:33, 402.57 examples/s]
Map (num_proc=224):   1%|▏         | 186/13698 [00:00<00:16, 803.32 examples/s]
Map (num_proc=224):   2%|▏         | 310/13698 [00:00<00:15, 868.30 examples/s]
Map (num_proc=224):   4%|▎         | 496/13698 [00:00<00:13, 992.89 examples/s]
Map (num_proc=224):   5%|▍         | 682/13698 [00:00<00:11, 1177.07 examples/s]
Map (num_proc=224):   6%|▌         | 806/13698 [00:00<00:11, 1096.96 examples/s]
Map (num_proc=224):   7%|▋         | 930/13698 [00:00<00:11, 1113.31 examples/s]
Map (num_proc=224):   8%|▊         | 1054/13698 [00:01<00:13, 960.29 examples/s]
Map (num_proc=224):   9%|▉         | 1240/13698 [00:01<00:11, 1045.36 examples/s]
Map (num_proc=224):  10%|▉         | 1364/13698 [00:01<00:12, 1012.23 examples/s]
Map (num_proc=224):  11%|█▏        | 1550/13698 [00:01<00:10, 1120.63 examples/s]
Map (num_proc=224):  12%|█▏        | 1674/13698 [00:01<00:10, 1124.94 examples/s]
Map (num_proc=224):  13%|█▎        | 1798/13698 [00:01<00:10, 1130.51 examples/s]
Map (num_proc=224):  14%|█▍        | 1922/13698 [00:01<00:10, 1150.74 examples/s]
Map (num_proc=224):  15%|█▍        | 2046/13698 [00:01<00:11, 1022.90 examples/s]
Map (num_proc=224):  16%|█▌        | 2169/13698 [00:02<00:11, 1047.31 examples/s]
Map (num_proc=224):  17%|█▋        | 2291/13698 [00:02<00:10, 1053.24 examples/s]
Map (num_proc=224):  18%|█▊        | 2413/13698 [00:02<00:10, 1077.41 examples/s]
Map (num_proc=224):  19%|█▊        | 2535/13698 [00:02<00:10, 1075.02 examples/s]
Map (num_proc=224):  19%|█▉        | 2657/13698 [00:02<00:10, 1043.44 examples/s]
Map (num_proc=224):  20%|██        | 2779/13698 [00:02<00:10, 1048.09 examples/s]
Map (num_proc=224):  21%|██        | 2901/13698 [00:02<00:10, 1074.57 examples/s]
Map (num_proc=224):  22%|██▏       | 3023/13698 [00:02<00:10, 972.80 examples/s] 
Map (num_proc=224):  23%|██▎       | 3145/13698 [00:03<00:11, 934.27 examples/s]
Map (num_proc=224):  24%|██▍       | 3267/13698 [00:03<00:10, 993.68 examples/s]
Map (num_proc=224):  25%|██▍       | 3389/13698 [00:03<00:10, 985.95 examples/s]
Map (num_proc=224):  26%|██▌       | 3511/13698 [00:03<00:10, 964.51 examples/s]
Map (num_proc=224):  27%|██▋       | 3694/13698 [00:03<00:09, 1085.55 examples/s]
Map (num_proc=224):  28%|██▊       | 3816/13698 [00:03<00:08, 1105.34 examples/s]
Map (num_proc=224):  29%|██▊       | 3938/13698 [00:03<00:08, 1126.27 examples/s]
Map (num_proc=224):  30%|██▉       | 4060/13698 [00:03<00:09, 968.75 examples/s] 
Map (num_proc=224):  31%|███       | 4182/13698 [00:04<00:09, 983.63 examples/s]
Map (num_proc=224):  31%|███▏      | 4304/13698 [00:04<00:09, 1020.76 examples/s]
Map (num_proc=224):  32%|███▏      | 4426/13698 [00:04<00:08, 1064.70 examples/s]
Map (num_proc=224):  33%|███▎      | 4548/13698 [00:04<00:09, 1004.68 examples/s]
Map (num_proc=224):  34%|███▍      | 4670/13698 [00:04<00:09, 947.19 examples/s] 
Map (num_proc=224):  35%|███▍      | 4792/13698 [00:04<00:09, 981.72 examples/s]
Map (num_proc=224):  36%|███▋      | 4975/13698 [00:04<00:07, 1125.43 examples/s]
Map (num_proc=224):  37%|███▋      | 5097/13698 [00:04<00:09, 950.93 examples/s] 
Map (num_proc=224):  39%|███▊      | 5280/13698 [00:05<00:08, 1027.81 examples/s]
Map (num_proc=224):  40%|███▉      | 5463/13698 [00:05<00:07, 1071.96 examples/s]
Map (num_proc=224):  41%|████      | 5585/13698 [00:05<00:07, 1084.72 examples/s]
Map (num_proc=224):  42%|████▏     | 5707/13698 [00:05<00:07, 1095.34 examples/s]
Map (num_proc=224):  43%|████▎     | 5829/13698 [00:05<00:07, 1073.85 examples/s]
Map (num_proc=224):  43%|████▎     | 5951/13698 [00:05<00:07, 1028.52 examples/s]
Map (num_proc=224):  44%|████▍     | 6073/13698 [00:05<00:07, 955.17 examples/s] 
Map (num_proc=224):  45%|████▌     | 6195/13698 [00:06<00:07, 1009.83 examples/s]
Map (num_proc=224):  46%|████▌     | 6317/13698 [00:06<00:07, 997.07 examples/s] 
Map (num_proc=224):  47%|████▋     | 6439/13698 [00:06<00:06, 1051.39 examples/s]
Map (num_proc=224):  48%|████▊     | 6561/13698 [00:06<00:06, 1079.16 examples/s]
Map (num_proc=224):  49%|████▉     | 6744/13698 [00:06<00:05, 1176.65 examples/s]
Map (num_proc=224):  50%|█████     | 6866/13698 [00:06<00:05, 1183.92 examples/s]
Map (num_proc=224):  51%|█████     | 6988/13698 [00:06<00:05, 1160.56 examples/s]
Map (num_proc=224):  52%|█████▏    | 7110/13698 [00:06<00:06, 1065.95 examples/s]
Map (num_proc=224):  53%|█████▎    | 7232/13698 [00:06<00:06, 1062.07 examples/s]
Map (num_proc=224):  54%|█████▍    | 7415/13698 [00:07<00:05, 1191.65 examples/s]
Map (num_proc=224):  55%|█████▌    | 7537/13698 [00:07<00:05, 1196.03 examples/s]
Map (num_proc=224):  56%|█████▌    | 7659/13698 [00:07<00:05, 1060.28 examples/s]
Map (num_proc=224):  57%|█████▋    | 7781/13698 [00:07<00:06, 969.32 examples/s] 
Map (num_proc=224):  58%|█████▊    | 7903/13698 [00:07<00:06, 925.55 examples/s]
Map (num_proc=224):  59%|█████▊    | 8025/13698 [00:07<00:07, 810.38 examples/s]
Map (num_proc=224):  59%|█████▉    | 8147/13698 [00:07<00:06, 812.62 examples/s]
Map (num_proc=224):  60%|██████    | 8269/13698 [00:08<00:06, 815.46 examples/s]
Map (num_proc=224):  61%|██████▏   | 8391/13698 [00:08<00:06, 820.96 examples/s]
Map (num_proc=224):  62%|██████▏   | 8513/13698 [00:08<00:06, 805.50 examples/s]
Map (num_proc=224):  63%|██████▎   | 8635/13698 [00:08<00:06, 811.14 examples/s]
Map (num_proc=224):  64%|██████▍   | 8757/13698 [00:08<00:05, 824.72 examples/s]
Map (num_proc=224):  65%|██████▍   | 8879/13698 [00:08<00:05, 845.90 examples/s]
Map (num_proc=224):  66%|██████▌   | 9001/13698 [00:09<00:05, 788.89 examples/s]
Map (num_proc=224):  67%|██████▋   | 9123/13698 [00:09<00:05, 803.59 examples/s]
Map (num_proc=224):  67%|██████▋   | 9245/13698 [00:09<00:05, 836.19 examples/s]
Map (num_proc=224):  68%|██████▊   | 9367/13698 [00:09<00:05, 842.16 examples/s]
Map (num_proc=224):  69%|██████▉   | 9489/13698 [00:09<00:04, 847.56 examples/s]
Map (num_proc=224):  70%|███████   | 9611/13698 [00:09<00:04, 861.75 examples/s]
Map (num_proc=224):  71%|███████   | 9733/13698 [00:09<00:04, 878.90 examples/s]
Map (num_proc=224):  72%|███████▏  | 9855/13698 [00:09<00:04, 889.64 examples/s]
Map (num_proc=224):  73%|███████▎  | 9977/13698 [00:10<00:04, 883.77 examples/s]
Map (num_proc=224):  74%|███████▎  | 10099/13698 [00:10<00:04, 856.67 examples/s]
Map (num_proc=224):  75%|███████▍  | 10221/13698 [00:10<00:03, 876.78 examples/s]
Map (num_proc=224):  76%|███████▌  | 10404/13698 [00:10<00:03, 962.53 examples/s]
Map (num_proc=224):  77%|███████▋  | 10526/13698 [00:10<00:03, 926.71 examples/s]
Map (num_proc=224):  78%|███████▊  | 10648/13698 [00:10<00:03, 895.25 examples/s]
Map (num_proc=224):  79%|███████▉  | 10831/13698 [00:10<00:02, 1054.73 examples/s]
Map (num_proc=224):  80%|███████▉  | 10953/13698 [00:11<00:02, 1057.28 examples/s]
Map (num_proc=224):  81%|████████  | 11075/13698 [00:11<00:02, 1043.99 examples/s]
Map (num_proc=224):  82%|████████▏ | 11197/13698 [00:11<00:02, 980.23 examples/s] 
Map (num_proc=224):  83%|████████▎ | 11380/13698 [00:11<00:02, 1052.14 examples/s]
Map (num_proc=224):  84%|████████▍ | 11502/13698 [00:11<00:02, 1052.99 examples/s]
Map (num_proc=224):  85%|████████▌ | 11685/13698 [00:11<00:01, 1134.46 examples/s]
Map (num_proc=224):  86%|████████▌ | 11807/13698 [00:11<00:01, 1066.07 examples/s]
Map (num_proc=224):  87%|████████▋ | 11929/13698 [00:12<00:02, 846.09 examples/s] 
Map (num_proc=224):  89%|████████▉ | 12173/13698 [00:12<00:01, 1116.08 examples/s]
Map (num_proc=224):  90%|████████▉ | 12295/13698 [00:12<00:01, 1057.46 examples/s]
Map (num_proc=224):  91%|█████████ | 12417/13698 [00:12<00:01, 1073.07 examples/s]
Map (num_proc=224):  92%|█████████▏| 12539/13698 [00:12<00:01, 1101.67 examples/s]
Map (num_proc=224):  92%|█████████▏| 12661/13698 [00:12<00:00, 1120.26 examples/s]
Map (num_proc=224):  93%|█████████▎| 12783/13698 [00:12<00:00, 1090.43 examples/s]
Map (num_proc=224):  94%|█████████▍| 12905/13698 [00:12<00:00, 1049.93 examples/s]
Map (num_proc=224):  95%|█████████▌| 13027/13698 [00:13<00:00, 992.25 examples/s] 
Map (num_proc=224):  96%|█████████▋| 13210/13698 [00:13<00:00, 1082.77 examples/s]
Map (num_proc=224):  98%|█████████▊| 13393/13698 [00:13<00:00, 1253.15 examples/s]
Map (num_proc=224):  99%|█████████▉| 13576/13698 [00:13<00:00, 1331.54 examples/s]
Map (num_proc=224): 100%|██████████| 13698/13698 [00:13<00:00, 999.72 examples/s] 
num_proc must be <= 128. Reducing num_proc to 128 for dataset of size 128.

Map (num_proc=128):   0%|          | 0/128 [00:00<?, ? examples/s]
Map (num_proc=128):   1%|          | 1/128 [00:00<00:15,  8.19 examples/s]
Map (num_proc=128):   4%|▍         | 5/128 [00:00<00:05, 23.07 examples/s]
Map (num_proc=128):  12%|█▎        | 16/128 [00:00<00:02, 52.75 examples/s]
Map (num_proc=128):  17%|█▋        | 22/128 [00:00<00:02, 45.75 examples/s]
Map (num_proc=128):  26%|██▌       | 33/128 [00:00<00:01, 64.02 examples/s]
Map (num_proc=128):  31%|███▏      | 40/128 [00:00<00:01, 62.66 examples/s]
Map (num_proc=128):  37%|███▋      | 47/128 [00:00<00:01, 56.42 examples/s]
Map (num_proc=128):  42%|████▏     | 54/128 [00:01<00:01, 59.89 examples/s]
Map (num_proc=128):  50%|█████     | 64/128 [00:01<00:00, 68.56 examples/s]
Map (num_proc=128):  56%|█████▋    | 72/128 [00:01<00:00, 67.79 examples/s]
Map (num_proc=128):  62%|██████▏   | 79/128 [00:01<00:00, 59.87 examples/s]
Map (num_proc=128):  67%|██████▋   | 86/128 [00:01<00:00, 60.61 examples/s]
Map (num_proc=128):  73%|███████▎  | 93/128 [00:01<00:00, 60.69 examples/s]
Map (num_proc=128):  78%|███████▊  | 100/128 [00:01<00:00, 60.05 examples/s]
Map (num_proc=128):  84%|████████▎ | 107/128 [00:01<00:00, 61.68 examples/s]
Map (num_proc=128):  89%|████████▉ | 114/128 [00:01<00:00, 57.89 examples/s]
Map (num_proc=128):  94%|█████████▍| 120/128 [00:02<00:00, 56.11 examples/s]
Map (num_proc=128):  98%|█████████▊| 126/128 [00:02<00:00, 53.10 examples/s]
Map (num_proc=128): 100%|██████████| 128/128 [00:02<00:00, 53.33 examples/s]
==((====))==  Unsloth - 2x faster free finetuning | Num GPUs used = 1
   \\   /|    Num examples = 13,698 | Num Epochs = 1 | Total steps = 857
O^O/ \_/ \    Batch size per device = 4 | Gradient accumulation steps = 4
\        /    Data Parallel GPUs = 1 | Total batch size (4 x 4 x 1) = 16
 "-____-"     Trainable parameters = 18,944/14,770,052,608 (0.00% trained)
wandb: WARNING The `run_name` is currently set to the same value as `TrainingArguments.output_dir`. If this was not intended, please specify a different run name by setting the `TrainingArguments.run_name` parameter.

                                               

                                               

                                               

                                               

                                               

                                               

                                               

                                               

                                               

                                                

                                                

                                                

                                                

                                                

                                                

                                                

                                                

                                                

                                                

                                                

                                                

                                                

                                                

                                                

                                                

                                                

                                                

                                                

                                                

                                                

                                                

                                                

                                                

                                                

                                                

                                                

                                                

                                                

                                                

                                                

                                                

                                                

                                                

                                                

                                                

                                                

                                                

                                                

                                                

                                                

                                                

                                                

                                                

                                                

                                                

                                                

                                                

                                                

                                                

                                                

                                                

                                                

                                                

                                                

                                                

                                                

                                                

                                                

                                                

                                                

                                                

                                                

                                                

                                                

                                                

                                                

                                                

                                                

                                                
Unsloth: Will smartly offload gradients to save VRAM!
{'loss': 1.8796, 'grad_norm': 3.999685287475586, 'learning_rate': 0.0, 'epoch': 0.0}
{'loss': 1.8746, 'grad_norm': 5.253373622894287, 'learning_rate': 4.000000000000001e-06, 'epoch': 0.0}
{'loss': 1.7084, 'grad_norm': 2.4549055099487305, 'learning_rate': 8.000000000000001e-06, 'epoch': 0.0}
{'loss': 1.59, 'grad_norm': 3.515230178833008, 'learning_rate': 1.2e-05, 'epoch': 0.0}
{'loss': 2.0433, 'grad_norm': 5.230887413024902, 'learning_rate': 1.6000000000000003e-05, 'epoch': 0.01}
{'loss': 1.6121, 'grad_norm': 4.521104335784912, 'learning_rate': 2e-05, 'epoch': 0.01}
{'loss': 1.5028, 'grad_norm': 4.439813137054443, 'learning_rate': 1.9976525821596246e-05, 'epoch': 0.01}
{'loss': 1.5485, 'grad_norm': 4.624142646789551, 'learning_rate': 1.995305164319249e-05, 'epoch': 0.01}
{'loss': 1.5378, 'grad_norm': 4.662938594818115, 'learning_rate': 1.9929577464788734e-05, 'epoch': 0.01}
{'loss': 1.8693, 'grad_norm': 6.512881755828857, 'learning_rate': 1.9906103286384977e-05, 'epoch': 0.01}
{'loss': 1.9424, 'grad_norm': 8.343138694763184, 'learning_rate': 1.988262910798122e-05, 'epoch': 0.01}
{'loss': 1.2561, 'grad_norm': 6.021711826324463, 'learning_rate': 1.9859154929577465e-05, 'epoch': 0.01}
{'loss': 1.435, 'grad_norm': 5.135483741760254, 'learning_rate': 1.9835680751173713e-05, 'epoch': 0.02}
{'loss': 1.6366, 'grad_norm': 7.709458827972412, 'learning_rate': 1.9812206572769953e-05, 'epoch': 0.02}
{'loss': 2.0528, 'grad_norm': 10.601241111755371, 'learning_rate': 1.97887323943662e-05, 'epoch': 0.02}
{'loss': 1.5641, 'grad_norm': 8.952133178710938, 'learning_rate': 1.9765258215962445e-05, 'epoch': 0.02}
{'loss': 2.1281, 'grad_norm': 10.694619178771973, 'learning_rate': 1.9741784037558685e-05, 'epoch': 0.02}
{'loss': 2.2578, 'grad_norm': 17.9309024810791, 'learning_rate': 1.9718309859154933e-05, 'epoch': 0.02}
{'loss': 1.6713, 'grad_norm': 7.8201398849487305, 'learning_rate': 1.9694835680751173e-05, 'epoch': 0.02}
{'loss': 1.5047, 'grad_norm': 8.986961364746094, 'learning_rate': 1.967136150234742e-05, 'epoch': 0.02}
{'loss': 1.805, 'grad_norm': 13.422311782836914, 'learning_rate': 1.9647887323943664e-05, 'epoch': 0.02}
{'loss': 1.4793, 'grad_norm': 7.658254623413086, 'learning_rate': 1.962441314553991e-05, 'epoch': 0.03}
{'loss': 1.2256, 'grad_norm': 7.183312892913818, 'learning_rate': 1.9600938967136152e-05, 'epoch': 0.03}
{'loss': 1.4606, 'grad_norm': 9.385541915893555, 'learning_rate': 1.9577464788732396e-05, 'epoch': 0.03}
{'loss': 1.4242, 'grad_norm': 9.11671257019043, 'learning_rate': 1.955399061032864e-05, 'epoch': 0.03}
{'loss': 1.1721, 'grad_norm': 8.164480209350586, 'learning_rate': 1.9530516431924884e-05, 'epoch': 0.03}
{'loss': 1.3586, 'grad_norm': 7.589332580566406, 'learning_rate': 1.9507042253521128e-05, 'epoch': 0.03}
{'loss': 2.1013, 'grad_norm': 22.187480926513672, 'learning_rate': 1.9483568075117372e-05, 'epoch': 0.03}
{'loss': 1.1666, 'grad_norm': 7.947829723358154, 'learning_rate': 1.9460093896713616e-05, 'epoch': 0.03}
{'loss': 1.2135, 'grad_norm': 15.264336585998535, 'learning_rate': 1.943661971830986e-05, 'epoch': 0.04}
{'loss': 1.6386, 'grad_norm': 12.894477844238281, 'learning_rate': 1.9413145539906104e-05, 'epoch': 0.04}
{'loss': 1.6123, 'grad_norm': 16.866981506347656, 'learning_rate': 1.9389671361502348e-05, 'epoch': 0.04}
{'loss': 1.3267, 'grad_norm': 11.797112464904785, 'learning_rate': 1.9366197183098595e-05, 'epoch': 0.04}
{'loss': 1.2854, 'grad_norm': 15.716501235961914, 'learning_rate': 1.9342723004694836e-05, 'epoch': 0.04}
{'loss': 2.0421, 'grad_norm': 18.94220542907715, 'learning_rate': 1.9319248826291083e-05, 'epoch': 0.04}
{'loss': 1.2262, 'grad_norm': 11.821450233459473, 'learning_rate': 1.9295774647887327e-05, 'epoch': 0.04}
{'loss': 1.2279, 'grad_norm': 20.15171241760254, 'learning_rate': 1.9272300469483568e-05, 'epoch': 0.04}
{'loss': 1.1693, 'grad_norm': 19.72453498840332, 'learning_rate': 1.9248826291079815e-05, 'epoch': 0.04}
{'loss': 1.5004, 'grad_norm': 31.949665069580078, 'learning_rate': 1.922535211267606e-05, 'epoch': 0.05}
{'loss': 1.1938, 'grad_norm': 11.938738822937012, 'learning_rate': 1.9201877934272303e-05, 'epoch': 0.05}
{'loss': 1.5671, 'grad_norm': 27.71558380126953, 'learning_rate': 1.9178403755868547e-05, 'epoch': 0.05}
{'loss': 1.358, 'grad_norm': 24.691905975341797, 'learning_rate': 1.9154929577464788e-05, 'epoch': 0.05}
{'loss': 1.0759, 'grad_norm': 12.162864685058594, 'learning_rate': 1.9131455399061035e-05, 'epoch': 0.05}
{'loss': 1.0612, 'grad_norm': 10.254891395568848, 'learning_rate': 1.910798122065728e-05, 'epoch': 0.05}
{'loss': 1.1025, 'grad_norm': 6.306262016296387, 'learning_rate': 1.9084507042253523e-05, 'epoch': 0.05}
{'loss': 1.0784, 'grad_norm': 10.883983612060547, 'learning_rate': 1.9061032863849767e-05, 'epoch': 0.05}
{'loss': 1.4235, 'grad_norm': 16.237335205078125, 'learning_rate': 1.903755868544601e-05, 'epoch': 0.05}
{'loss': 1.2149, 'grad_norm': 15.195859909057617, 'learning_rate': 1.9014084507042255e-05, 'epoch': 0.06}
{'loss': 1.2, 'grad_norm': 6.368607044219971, 'learning_rate': 1.89906103286385e-05, 'epoch': 0.06}
{'loss': 1.2111, 'grad_norm': 10.020551681518555, 'learning_rate': 1.8967136150234743e-05, 'epoch': 0.06}
{'loss': 0.9834, 'grad_norm': 13.865293502807617, 'learning_rate': 1.8943661971830987e-05, 'epoch': 0.06}
{'loss': 1.1302, 'grad_norm': 8.443868637084961, 'learning_rate': 1.892018779342723e-05, 'epoch': 0.06}
{'loss': 1.3647, 'grad_norm': 14.410649299621582, 'learning_rate': 1.8896713615023478e-05, 'epoch': 0.06}
{'loss': 1.1882, 'grad_norm': 6.109837532043457, 'learning_rate': 1.887323943661972e-05, 'epoch': 0.06}
{'loss': 1.0862, 'grad_norm': 3.777761220932007, 'learning_rate': 1.8849765258215962e-05, 'epoch': 0.06}
{'loss': 1.0712, 'grad_norm': 6.204470157623291, 'learning_rate': 1.882629107981221e-05, 'epoch': 0.07}
{'loss': 1.1892, 'grad_norm': 7.650178909301758, 'learning_rate': 1.880281690140845e-05, 'epoch': 0.07}
{'loss': 1.2139, 'grad_norm': 5.050394058227539, 'learning_rate': 1.8779342723004698e-05, 'epoch': 0.07}
{'loss': 1.095, 'grad_norm': 8.179007530212402, 'learning_rate': 1.875586854460094e-05, 'epoch': 0.07}
{'loss': 1.1452, 'grad_norm': 5.56160306930542, 'learning_rate': 1.8732394366197186e-05, 'epoch': 0.07}
{'loss': 1.2867, 'grad_norm': 7.540460109710693, 'learning_rate': 1.870892018779343e-05, 'epoch': 0.07}
{'loss': 1.3887, 'grad_norm': 8.699117660522461, 'learning_rate': 1.8685446009389673e-05, 'epoch': 0.07}
{'loss': 1.0214, 'grad_norm': 4.164854526519775, 'learning_rate': 1.8661971830985917e-05, 'epoch': 0.07}
{'loss': 1.1328, 'grad_norm': 5.168581008911133, 'learning_rate': 1.863849765258216e-05, 'epoch': 0.07}
{'loss': 1.3105, 'grad_norm': 7.009716033935547, 'learning_rate': 1.8615023474178405e-05, 'epoch': 0.08}
{'loss': 1.1114, 'grad_norm': 3.747415065765381, 'learning_rate': 1.859154929577465e-05, 'epoch': 0.08}
{'loss': 1.0637, 'grad_norm': 3.8276357650756836, 'learning_rate': 1.8568075117370893e-05, 'epoch': 0.08}
{'loss': 1.2424, 'grad_norm': 4.0356903076171875, 'learning_rate': 1.8544600938967137e-05, 'epoch': 0.08}
{'loss': 1.1918, 'grad_norm': 3.3109374046325684, 'learning_rate': 1.852112676056338e-05, 'epoch': 0.08}
{'loss': 1.0324, 'grad_norm': 2.685835361480713, 'learning_rate': 1.8497652582159625e-05, 'epoch': 0.08}
{'loss': 1.3032, 'grad_norm': 4.87663459777832, 'learning_rate': 1.847417840375587e-05, 'epoch': 0.08}
{'loss': 1.1619, 'grad_norm': 3.211029052734375, 'learning_rate': 1.8450704225352113e-05, 'epoch': 0.08}
{'loss': 1.1773, 'grad_norm': 3.7957799434661865, 'learning_rate': 1.842723004694836e-05, 'epoch': 0.09}
{'loss': 1.1383, 'grad_norm': 1.7771281003952026, 'learning_rate': 1.84037558685446e-05, 'epoch': 0.09}
{'loss': 1.2255, 'grad_norm': 2.693321466445923, 'learning_rate': 1.8380281690140845e-05, 'epoch': 0.09}
{'loss': 1.1048, 'grad_norm': 3.242811441421509, 'learning_rate': 1.8356807511737092e-05, 'epoch': 0.09}
{'loss': 1.3048, 'grad_norm': 4.00705623626709, 'learning_rate': 1.8333333333333333e-05, 'epoch': 0.09}
{'loss': 1.2699, 'grad_norm': 3.326155424118042, 'learning_rate': 1.830985915492958e-05, 'epoch': 0.09}
{'loss': 1.1665, 'grad_norm': 2.4388132095336914, 'learning_rate': 1.8286384976525824e-05, 'epoch': 0.09}
                                                

                                                

                                                

                                                

                                                

                                                

                                                

                                                

                                                

                                                

                                                

                                                

                                                

                                                

                                                

                                                

                                                

                                                

                                                

                                                

                                                 

Using gradient accumulation will be very slightly less accurate.
Read more on gradient accumulation issues here: https://unsloth.ai/blog/gradient

{'loss': 1.0331, 'grad_norm': 2.9915425777435303, 'learning_rate': 1.8262910798122068e-05, 'epoch': 0.09}
{'loss': 1.0708, 'grad_norm': 2.3266940116882324, 'learning_rate': 1.8239436619718312e-05, 'epoch': 0.09}
{'loss': 1.317, 'grad_norm': 3.1307384967803955, 'learning_rate': 1.8215962441314556e-05, 'epoch': 0.1}
{'loss': 1.024, 'grad_norm': 5.187917709350586, 'learning_rate': 1.81924882629108e-05, 'epoch': 0.1}
{'loss': 1.0779, 'grad_norm': 2.1110541820526123, 'learning_rate': 1.8169014084507044e-05, 'epoch': 0.1}
{'loss': 1.2254, 'grad_norm': 4.949711322784424, 'learning_rate': 1.8145539906103288e-05, 'epoch': 0.1}
{'loss': 1.404, 'grad_norm': 3.3699119091033936, 'learning_rate': 1.8122065727699532e-05, 'epoch': 0.1}
{'loss': 1.305, 'grad_norm': 3.64611554145813, 'learning_rate': 1.8098591549295776e-05, 'epoch': 0.1}
{'loss': 1.1842, 'grad_norm': 4.853174686431885, 'learning_rate': 1.807511737089202e-05, 'epoch': 0.1}
{'loss': 1.1754, 'grad_norm': 3.6125595569610596, 'learning_rate': 1.8051643192488264e-05, 'epoch': 0.1}
{'loss': 1.0896, 'grad_norm': 5.104070663452148, 'learning_rate': 1.8028169014084508e-05, 'epoch': 0.11}
{'loss': 0.8814, 'grad_norm': 2.43772554397583, 'learning_rate': 1.800469483568075e-05, 'epoch': 0.11}
{'loss': 1.0239, 'grad_norm': 4.590429782867432, 'learning_rate': 1.7981220657276996e-05, 'epoch': 0.11}
{'loss': 1.3556, 'grad_norm': 13.77402114868164, 'learning_rate': 1.7957746478873243e-05, 'epoch': 0.11}
{'loss': 1.0586, 'grad_norm': 2.7181575298309326, 'learning_rate': 1.7934272300469484e-05, 'epoch': 0.11}
{'loss': 1.4508, 'grad_norm': 9.466631889343262, 'learning_rate': 1.7910798122065727e-05, 'epoch': 0.11}
{'loss': 1.1243, 'grad_norm': 8.85680866241455, 'learning_rate': 1.7887323943661975e-05, 'epoch': 0.11}
{'loss': 1.1366, 'grad_norm': 2.2310280799865723, 'learning_rate': 1.7863849765258215e-05, 'epoch': 0.11}
{'loss': 1.3973, 'grad_norm': 7.278900623321533, 'learning_rate': 1.7840375586854463e-05, 'epoch': 0.11}
{'loss': 1.1892, 'grad_norm': 3.4208157062530518, 'learning_rate': 1.7816901408450707e-05, 'epoch': 0.12}
{'loss': 1.0948, 'grad_norm': 3.3644211292266846, 'learning_rate': 1.779342723004695e-05, 'epoch': 0.12}
































                                                 


                                               
[A


                                               [A
                                                 

                                                 

                                                 

                                                 

                                                 

                                                 

                                                 

                                                 

                                                 

                                                 

                                                 

                                                 

                                                 

                                                 

                                                 

                                                 

                                                 

                                                 

                                                 

                                                 

                                                 

                                                 

                                                 

                                                 

                                                 

                                                 

                                                 

                                                 

                                                 

                                                 

                                                 

                                                 

                                                 

                                                 

                                                 

                                                 

                                                 

                                                 

                                                 

                                                 

                                                 

                                                 

                                                 

                                                 

                                                 

                                                 

                                                 

                                                 

                                                 

                                                 

                                                 

                                                 

                                                 

                                                 

                                                 

                                                 

                                                 

                                                 

                                                 

                                                 

                                                 

                                                 

                                                 

                                                 

                                                 

                                                 

                                                 

                                                 

                                                 

                                                 

                                                 

                                                 

                                                 

                                                 

                                                 

                                                 

                                                 
{'eval_loss': 0.9328885078430176, 'eval_runtime': 9.8371, 'eval_samples_per_second': 13.012, 'eval_steps_per_second': 3.253, 'epoch': 0.12}
{'loss': 1.0643, 'grad_norm': 4.573867321014404, 'learning_rate': 1.7769953051643195e-05, 'epoch': 0.12}
{'loss': 1.2104, 'grad_norm': 7.483817100524902, 'learning_rate': 1.774647887323944e-05, 'epoch': 0.12}
{'loss': 1.0319, 'grad_norm': 7.865789890289307, 'learning_rate': 1.7723004694835683e-05, 'epoch': 0.12}
{'loss': 1.6593, 'grad_norm': 4.165823936462402, 'learning_rate': 1.7699530516431927e-05, 'epoch': 0.12}
{'loss': 1.1164, 'grad_norm': 3.770376443862915, 'learning_rate': 1.767605633802817e-05, 'epoch': 0.12}
{'loss': 1.2639, 'grad_norm': 3.8267807960510254, 'learning_rate': 1.7652582159624414e-05, 'epoch': 0.12}
{'loss': 0.9955, 'grad_norm': 3.2509820461273193, 'learning_rate': 1.762910798122066e-05, 'epoch': 0.12}
{'loss': 1.3341, 'grad_norm': 3.843388795852661, 'learning_rate': 1.7605633802816902e-05, 'epoch': 0.13}
{'loss': 1.2562, 'grad_norm': 3.0105631351470947, 'learning_rate': 1.7582159624413146e-05, 'epoch': 0.13}
{'loss': 0.9046, 'grad_norm': 2.9303696155548096, 'learning_rate': 1.755868544600939e-05, 'epoch': 0.13}
{'loss': 1.1524, 'grad_norm': 2.843153715133667, 'learning_rate': 1.7535211267605638e-05, 'epoch': 0.13}
{'loss': 1.025, 'grad_norm': 2.4726083278656006, 'learning_rate': 1.7511737089201878e-05, 'epoch': 0.13}
{'loss': 0.9189, 'grad_norm': 2.782336473464966, 'learning_rate': 1.7488262910798126e-05, 'epoch': 0.13}
{'loss': 1.18, 'grad_norm': 4.600633144378662, 'learning_rate': 1.7464788732394366e-05, 'epoch': 0.13}
{'loss': 1.0993, 'grad_norm': 5.207245349884033, 'learning_rate': 1.744131455399061e-05, 'epoch': 0.13}
{'loss': 0.922, 'grad_norm': 4.565567970275879, 'learning_rate': 1.7417840375586857e-05, 'epoch': 0.14}
{'loss': 1.0321, 'grad_norm': 6.832209587097168, 'learning_rate': 1.7394366197183098e-05, 'epoch': 0.14}
{'loss': 1.0349, 'grad_norm': 3.4921109676361084, 'learning_rate': 1.7370892018779345e-05, 'epoch': 0.14}
{'loss': 1.0324, 'grad_norm': 6.3667778968811035, 'learning_rate': 1.734741784037559e-05, 'epoch': 0.14}
{'loss': 1.0765, 'grad_norm': 5.542193412780762, 'learning_rate': 1.732394366197183e-05, 'epoch': 0.14}
{'loss': 0.7798, 'grad_norm': 4.138411998748779, 'learning_rate': 1.7300469483568077e-05, 'epoch': 0.14}
{'loss': 0.9277, 'grad_norm': 5.446003437042236, 'learning_rate': 1.727699530516432e-05, 'epoch': 0.14}
{'loss': 0.8839, 'grad_norm': 3.157863140106201, 'learning_rate': 1.7253521126760565e-05, 'epoch': 0.14}
{'loss': 0.9865, 'grad_norm': 5.962655067443848, 'learning_rate': 1.723004694835681e-05, 'epoch': 0.14}
{'loss': 1.1268, 'grad_norm': 3.2480475902557373, 'learning_rate': 1.7206572769953053e-05, 'epoch': 0.15}
{'loss': 1.1697, 'grad_norm': 6.0345869064331055, 'learning_rate': 1.7183098591549297e-05, 'epoch': 0.15}
{'loss': 1.0995, 'grad_norm': 5.478139400482178, 'learning_rate': 1.715962441314554e-05, 'epoch': 0.15}
{'loss': 1.3216, 'grad_norm': 5.231709957122803, 'learning_rate': 1.7136150234741785e-05, 'epoch': 0.15}
{'loss': 0.929, 'grad_norm': 6.933344841003418, 'learning_rate': 1.711267605633803e-05, 'epoch': 0.15}
{'loss': 1.0907, 'grad_norm': 3.871178388595581, 'learning_rate': 1.7089201877934273e-05, 'epoch': 0.15}
{'loss': 1.2161, 'grad_norm': 5.400727272033691, 'learning_rate': 1.706572769953052e-05, 'epoch': 0.15}
{'loss': 0.94, 'grad_norm': 6.930874347686768, 'learning_rate': 1.704225352112676e-05, 'epoch': 0.15}
{'loss': 0.9993, 'grad_norm': 3.8290650844573975, 'learning_rate': 1.7018779342723005e-05, 'epoch': 0.16}
{'loss': 1.1338, 'grad_norm': 2.2335338592529297, 'learning_rate': 1.6995305164319252e-05, 'epoch': 0.16}
{'loss': 1.0731, 'grad_norm': 3.0728304386138916, 'learning_rate': 1.6971830985915493e-05, 'epoch': 0.16}
{'loss': 1.0437, 'grad_norm': 4.168683052062988, 'learning_rate': 1.694835680751174e-05, 'epoch': 0.16}
{'loss': 1.0819, 'grad_norm': 3.5337014198303223, 'learning_rate': 1.692488262910798e-05, 'epoch': 0.16}
{'loss': 1.1923, 'grad_norm': 6.728508949279785, 'learning_rate': 1.6901408450704228e-05, 'epoch': 0.16}
{'loss': 1.1361, 'grad_norm': 2.176030397415161, 'learning_rate': 1.6877934272300472e-05, 'epoch': 0.16}
{'loss': 1.0524, 'grad_norm': 2.915224313735962, 'learning_rate': 1.6854460093896712e-05, 'epoch': 0.16}
{'loss': 0.9632, 'grad_norm': 2.4064230918884277, 'learning_rate': 1.683098591549296e-05, 'epoch': 0.16}
{'loss': 1.1242, 'grad_norm': 6.3529253005981445, 'learning_rate': 1.6807511737089204e-05, 'epoch': 0.17}
{'loss': 1.022, 'grad_norm': 16.8232479095459, 'learning_rate': 1.6784037558685448e-05, 'epoch': 0.17}
{'loss': 1.0291, 'grad_norm': 12.568129539489746, 'learning_rate': 1.676056338028169e-05, 'epoch': 0.17}
{'loss': 1.0713, 'grad_norm': 8.168844223022461, 'learning_rate': 1.6737089201877936e-05, 'epoch': 0.17}
{'loss': 0.8639, 'grad_norm': 9.727178573608398, 'learning_rate': 1.671361502347418e-05, 'epoch': 0.17}
{'loss': 0.9009, 'grad_norm': 3.3319013118743896, 'learning_rate': 1.6690140845070424e-05, 'epoch': 0.17}
{'loss': 1.0537, 'grad_norm': 4.812971591949463, 'learning_rate': 1.6666666666666667e-05, 'epoch': 0.17}
{'loss': 1.1185, 'grad_norm': 4.55263090133667, 'learning_rate': 1.664319248826291e-05, 'epoch': 0.17}
{'loss': 1.2156, 'grad_norm': 9.419143676757812, 'learning_rate': 1.6619718309859155e-05, 'epoch': 0.18}
{'loss': 1.1704, 'grad_norm': 14.45209789276123, 'learning_rate': 1.6596244131455403e-05, 'epoch': 0.18}
{'loss': 1.0695, 'grad_norm': 4.7213053703308105, 'learning_rate': 1.6572769953051643e-05, 'epoch': 0.18}
{'loss': 0.8965, 'grad_norm': 13.592876434326172, 'learning_rate': 1.6549295774647887e-05, 'epoch': 0.18}
{'loss': 1.0434, 'grad_norm': 5.24565315246582, 'learning_rate': 1.6525821596244135e-05, 'epoch': 0.18}
{'loss': 0.9512, 'grad_norm': 5.548371315002441, 'learning_rate': 1.6502347417840375e-05, 'epoch': 0.18}
{'loss': 0.8835, 'grad_norm': 5.4366374015808105, 'learning_rate': 1.6478873239436623e-05, 'epoch': 0.18}
{'loss': 0.9115, 'grad_norm': 2.071842908859253, 'learning_rate': 1.6455399061032866e-05, 'epoch': 0.18}
{'loss': 0.9636, 'grad_norm': 6.23047399520874, 'learning_rate': 1.643192488262911e-05, 'epoch': 0.18}
{'loss': 1.0952, 'grad_norm': 6.807527542114258, 'learning_rate': 1.6408450704225354e-05, 'epoch': 0.19}
{'loss': 1.0987, 'grad_norm': 3.9909214973449707, 'learning_rate': 1.6384976525821595e-05, 'epoch': 0.19}
{'loss': 1.0574, 'grad_norm': 2.5460550785064697, 'learning_rate': 1.6361502347417842e-05, 'epoch': 0.19}
{'loss': 1.2153, 'grad_norm': 2.363729238510132, 'learning_rate': 1.6338028169014086e-05, 'epoch': 0.19}
{'loss': 0.8875, 'grad_norm': 5.2856059074401855, 'learning_rate': 1.631455399061033e-05, 'epoch': 0.19}
{'loss': 1.0817, 'grad_norm': 12.432729721069336, 'learning_rate': 1.6291079812206574e-05, 'epoch': 0.19}
{'loss': 1.2371, 'grad_norm': 7.415170192718506, 'learning_rate': 1.6267605633802818e-05, 'epoch': 0.19}
{'loss': 1.0534, 'grad_norm': 10.886704444885254, 'learning_rate': 1.6244131455399062e-05, 'epoch': 0.19}
{'loss': 0.9624, 'grad_norm': 6.439122200012207, 'learning_rate': 1.6220657276995306e-05, 'epoch': 0.2}
{'loss': 1.2455, 'grad_norm': 5.414000988006592, 'learning_rate': 1.619718309859155e-05, 'epoch': 0.2}
{'loss': 1.0122, 'grad_norm': 3.414703130722046, 'learning_rate': 1.6173708920187794e-05, 'epoch': 0.2}
{'loss': 0.811, 'grad_norm': 3.413546562194824, 'learning_rate': 1.6150234741784038e-05, 'epoch': 0.2}
{'loss': 1.0591, 'grad_norm': 3.3059446811676025, 'learning_rate': 1.6126760563380285e-05, 'epoch': 0.2}
{'loss': 1.2554, 'grad_norm': 3.897287368774414, 'learning_rate': 1.6103286384976526e-05, 'epoch': 0.2}
{'loss': 1.2132, 'grad_norm': 2.4172184467315674, 'learning_rate': 1.607981220657277e-05, 'epoch': 0.2}
{'loss': 1.334, 'grad_norm': 3.1471211910247803, 'learning_rate': 1.6056338028169017e-05, 'epoch': 0.2}
{'loss': 1.0686, 'grad_norm': 4.662126064300537, 'learning_rate': 1.6032863849765258e-05, 'epoch': 0.2}
{'loss': 0.9883, 'grad_norm': 4.740297317504883, 'learning_rate': 1.6009389671361505e-05, 'epoch': 0.21}
{'loss': 1.1116, 'grad_norm': 2.78796648979187, 'learning_rate': 1.598591549295775e-05, 'epoch': 0.21}
                                                 

                                                 

                                                 

                                                 

                                                 

                                                 

                                                 

                                                 

                                                 

                                                 

                                                 

                                                 

                                                 

                                                 

                                                 

                                                 

                                                 

                                                 

                                                 

                                                 

                                                 

                                                 

                                                 

{'loss': 1.0045, 'grad_norm': 3.6582281589508057, 'learning_rate': 1.5962441314553993e-05, 'epoch': 0.21}
{'loss': 1.1285, 'grad_norm': 6.110068321228027, 'learning_rate': 1.5938967136150237e-05, 'epoch': 0.21}
{'loss': 1.2348, 'grad_norm': 4.148083209991455, 'learning_rate': 1.591549295774648e-05, 'epoch': 0.21}
{'loss': 1.0311, 'grad_norm': 4.202800750732422, 'learning_rate': 1.5892018779342725e-05, 'epoch': 0.21}
{'loss': 1.3393, 'grad_norm': 5.6577935218811035, 'learning_rate': 1.586854460093897e-05, 'epoch': 0.21}
{'loss': 1.168, 'grad_norm': 5.808030128479004, 'learning_rate': 1.5845070422535213e-05, 'epoch': 0.21}
{'loss': 0.8196, 'grad_norm': 5.838710784912109, 'learning_rate': 1.5821596244131457e-05, 'epoch': 0.21}
{'loss': 1.2553, 'grad_norm': 6.292504787445068, 'learning_rate': 1.57981220657277e-05, 'epoch': 0.22}
{'loss': 0.9794, 'grad_norm': 10.004426956176758, 'learning_rate': 1.5774647887323945e-05, 'epoch': 0.22}
{'loss': 0.7726, 'grad_norm': 3.4075212478637695, 'learning_rate': 1.575117370892019e-05, 'epoch': 0.22}
{'loss': 0.9646, 'grad_norm': 3.6128146648406982, 'learning_rate': 1.5727699530516433e-05, 'epoch': 0.22}
{'loss': 1.0933, 'grad_norm': 5.479166030883789, 'learning_rate': 1.5704225352112677e-05, 'epoch': 0.22}
{'loss': 1.2665, 'grad_norm': 5.474767684936523, 'learning_rate': 1.568075117370892e-05, 'epoch': 0.22}
{'loss': 1.1296, 'grad_norm': 11.286375045776367, 'learning_rate': 1.5657276995305168e-05, 'epoch': 0.22}
{'loss': 0.9349, 'grad_norm': 6.6719560623168945, 'learning_rate': 1.563380281690141e-05, 'epoch': 0.22}
{'loss': 0.8704, 'grad_norm': 2.4544694423675537, 'learning_rate': 1.5610328638497652e-05, 'epoch': 0.23}
{'loss': 1.1132, 'grad_norm': 4.033981800079346, 'learning_rate': 1.55868544600939e-05, 'epoch': 0.23}
{'loss': 1.1275, 'grad_norm': 5.226973056793213, 'learning_rate': 1.556338028169014e-05, 'epoch': 0.23}
{'loss': 1.067, 'grad_norm': 11.393853187561035, 'learning_rate': 1.5539906103286388e-05, 'epoch': 0.23}
{'loss': 1.0399, 'grad_norm': 2.2785232067108154, 'learning_rate': 1.551643192488263e-05, 'epoch': 0.23}
{'loss': 0.9499, 'grad_norm': 4.9907002449035645, 'learning_rate': 1.5492957746478872e-05, 'epoch': 0.23}
{'loss': 1.1094, 'grad_norm': 2.67740535736084, 'learning_rate': 1.546948356807512e-05, 'epoch': 0.23}
{'loss': 1.0057, 'grad_norm': 4.718301296234131, 'learning_rate': 1.5446009389671363e-05, 'epoch': 0.23}

































                                                 


                                               
[A


                                               [A
                                                 

                                                 

                                                 

                                                 

                                                 

                                                 

                                                 

                                                 

                                                 

                                                 

                                                 

                                                 

                                                 

                                                 

                                                 

                                                 

                                                 

                                                 

                                                 

                                                 

                                                 

                                                 

                                                 

                                                 

                                                 

                                                 

                                                 

                                                 

                                                 

                                                 

                                                 

                                                 

                                                 

                                                 

                                                 

                                                 

                                                 

                                                 

                                                 

                                                 

                                                 

                                                 

                                                 

                                                 

                                                 

                                                 

                                                 

                                                 

                                                 

                                                 

                                                 

                                                 

                                                 

                                                 

                                                 

                                                 

                                                 

                                                 

                                                 

                                                 

                                                 

                                                 

                                                 

                                                 

                                                 

                                                 

                                                 

                                                 

                                                 

                                                 

                                                 

                                                 

                                                 

                                                 

                                                 

                                                 

                                                 
{'eval_loss': 0.9143151044845581, 'eval_runtime': 9.7129, 'eval_samples_per_second': 13.178, 'eval_steps_per_second': 3.295, 'epoch': 0.23}
{'loss': 1.5137, 'grad_norm': 5.352510452270508, 'learning_rate': 1.5422535211267607e-05, 'epoch': 0.23}
{'loss': 1.1443, 'grad_norm': 3.6712024211883545, 'learning_rate': 1.539906103286385e-05, 'epoch': 0.24}
{'loss': 1.0148, 'grad_norm': 3.2566161155700684, 'learning_rate': 1.5375586854460095e-05, 'epoch': 0.24}
{'loss': 0.9873, 'grad_norm': 4.268070220947266, 'learning_rate': 1.535211267605634e-05, 'epoch': 0.24}
{'loss': 1.2235, 'grad_norm': 5.035430431365967, 'learning_rate': 1.5328638497652583e-05, 'epoch': 0.24}
{'loss': 1.0, 'grad_norm': 5.506537437438965, 'learning_rate': 1.5305164319248827e-05, 'epoch': 0.24}
{'loss': 1.34, 'grad_norm': 3.7545361518859863, 'learning_rate': 1.528169014084507e-05, 'epoch': 0.24}
{'loss': 1.0242, 'grad_norm': 1.7737990617752075, 'learning_rate': 1.5258215962441317e-05, 'epoch': 0.24}
{'loss': 1.0347, 'grad_norm': 3.729186773300171, 'learning_rate': 1.5234741784037559e-05, 'epoch': 0.24}
{'loss': 1.1764, 'grad_norm': 1.9636751413345337, 'learning_rate': 1.5211267605633803e-05, 'epoch': 0.25}
{'loss': 1.2619, 'grad_norm': 8.146696090698242, 'learning_rate': 1.5187793427230049e-05, 'epoch': 0.25}
{'loss': 0.8856, 'grad_norm': 8.043257713317871, 'learning_rate': 1.5164319248826291e-05, 'epoch': 0.25}
{'loss': 0.8806, 'grad_norm': 5.3736371994018555, 'learning_rate': 1.5140845070422537e-05, 'epoch': 0.25}
{'loss': 1.056, 'grad_norm': 6.56033182144165, 'learning_rate': 1.511737089201878e-05, 'epoch': 0.25}
{'loss': 1.0321, 'grad_norm': 4.698202133178711, 'learning_rate': 1.5093896713615025e-05, 'epoch': 0.25}
{'loss': 1.2218, 'grad_norm': 5.935399532318115, 'learning_rate': 1.5070422535211269e-05, 'epoch': 0.25}
{'loss': 0.9865, 'grad_norm': 3.7315943241119385, 'learning_rate': 1.5046948356807514e-05, 'epoch': 0.25}
{'loss': 1.1242, 'grad_norm': 8.313347816467285, 'learning_rate': 1.5023474178403756e-05, 'epoch': 0.25}
{'loss': 0.9993, 'grad_norm': 2.2382607460021973, 'learning_rate': 1.5000000000000002e-05, 'epoch': 0.26}
{'loss': 1.03, 'grad_norm': 4.580287456512451, 'learning_rate': 1.4976525821596246e-05, 'epoch': 0.26}
{'loss': 0.7733, 'grad_norm': 4.294071197509766, 'learning_rate': 1.4953051643192488e-05, 'epoch': 0.26}
{'loss': 0.9988, 'grad_norm': 5.316470623016357, 'learning_rate': 1.4929577464788734e-05, 'epoch': 0.26}
{'loss': 0.8889, 'grad_norm': 2.8517069816589355, 'learning_rate': 1.4906103286384978e-05, 'epoch': 0.26}
{'loss': 1.0499, 'grad_norm': 2.8862385749816895, 'learning_rate': 1.4882629107981222e-05, 'epoch': 0.26}
{'loss': 1.0875, 'grad_norm': 6.48291015625, 'learning_rate': 1.4859154929577466e-05, 'epoch': 0.26}
{'loss': 1.2709, 'grad_norm': 3.7186439037323, 'learning_rate': 1.4835680751173711e-05, 'epoch': 0.26}
{'loss': 0.865, 'grad_norm': 3.7830281257629395, 'learning_rate': 1.4812206572769954e-05, 'epoch': 0.27}
{'loss': 1.015, 'grad_norm': 2.7343666553497314, 'learning_rate': 1.47887323943662e-05, 'epoch': 0.27}
{'loss': 0.915, 'grad_norm': 4.306051731109619, 'learning_rate': 1.4765258215962443e-05, 'epoch': 0.27}
{'loss': 1.0199, 'grad_norm': 9.351054191589355, 'learning_rate': 1.4741784037558686e-05, 'epoch': 0.27}
{'loss': 0.9708, 'grad_norm': 2.580075263977051, 'learning_rate': 1.4718309859154931e-05, 'epoch': 0.27}
{'loss': 0.929, 'grad_norm': 4.7293572425842285, 'learning_rate': 1.4694835680751174e-05, 'epoch': 0.27}
{'loss': 0.9781, 'grad_norm': 4.186633586883545, 'learning_rate': 1.467136150234742e-05, 'epoch': 0.27}
{'loss': 1.0018, 'grad_norm': 4.412667274475098, 'learning_rate': 1.4647887323943663e-05, 'epoch': 0.27}
{'loss': 0.976, 'grad_norm': 5.311072826385498, 'learning_rate': 1.4624413145539907e-05, 'epoch': 0.27}
{'loss': 1.1034, 'grad_norm': 4.048717975616455, 'learning_rate': 1.4600938967136151e-05, 'epoch': 0.28}
{'loss': 0.9634, 'grad_norm': 5.495676517486572, 'learning_rate': 1.4577464788732397e-05, 'epoch': 0.28}
{'loss': 1.1619, 'grad_norm': 6.010183811187744, 'learning_rate': 1.4553990610328639e-05, 'epoch': 0.28}
{'loss': 1.0414, 'grad_norm': 6.403010845184326, 'learning_rate': 1.4530516431924883e-05, 'epoch': 0.28}
{'loss': 1.0314, 'grad_norm': 3.475618839263916, 'learning_rate': 1.4507042253521129e-05, 'epoch': 0.28}
{'loss': 0.9534, 'grad_norm': 2.9519243240356445, 'learning_rate': 1.4483568075117371e-05, 'epoch': 0.28}
{'loss': 1.0319, 'grad_norm': 5.274379730224609, 'learning_rate': 1.4460093896713617e-05, 'epoch': 0.28}
{'loss': 1.31, 'grad_norm': 8.217945098876953, 'learning_rate': 1.443661971830986e-05, 'epoch': 0.28}
{'loss': 1.1038, 'grad_norm': 4.57088565826416, 'learning_rate': 1.4413145539906104e-05, 'epoch': 0.28}
{'loss': 1.146, 'grad_norm': 7.455549240112305, 'learning_rate': 1.4389671361502348e-05, 'epoch': 0.29}
{'loss': 1.0552, 'grad_norm': 8.232397079467773, 'learning_rate': 1.4366197183098594e-05, 'epoch': 0.29}
{'loss': 1.1489, 'grad_norm': 9.37705135345459, 'learning_rate': 1.4342723004694836e-05, 'epoch': 0.29}
{'loss': 0.9567, 'grad_norm': 5.467846870422363, 'learning_rate': 1.4319248826291082e-05, 'epoch': 0.29}
{'loss': 1.2426, 'grad_norm': 14.641593933105469, 'learning_rate': 1.4295774647887326e-05, 'epoch': 0.29}
{'loss': 1.2435, 'grad_norm': 4.276607990264893, 'learning_rate': 1.4272300469483568e-05, 'epoch': 0.29}
{'loss': 0.9521, 'grad_norm': 2.7460649013519287, 'learning_rate': 1.4248826291079814e-05, 'epoch': 0.29}
{'loss': 0.9938, 'grad_norm': 4.237974166870117, 'learning_rate': 1.4225352112676058e-05, 'epoch': 0.29}
{'loss': 1.0157, 'grad_norm': 2.9044580459594727, 'learning_rate': 1.4201877934272302e-05, 'epoch': 0.3}
{'loss': 0.8127, 'grad_norm': 2.124622344970703, 'learning_rate': 1.4178403755868546e-05, 'epoch': 0.3}
{'loss': 0.9031, 'grad_norm': 6.090774059295654, 'learning_rate': 1.4154929577464788e-05, 'epoch': 0.3}
{'loss': 1.0768, 'grad_norm': 3.9847846031188965, 'learning_rate': 1.4131455399061034e-05, 'epoch': 0.3}
{'loss': 1.0626, 'grad_norm': 6.046489238739014, 'learning_rate': 1.410798122065728e-05, 'epoch': 0.3}
{'loss': 1.3294, 'grad_norm': 5.955207824707031, 'learning_rate': 1.4084507042253522e-05, 'epoch': 0.3}
{'loss': 1.1423, 'grad_norm': 6.743602752685547, 'learning_rate': 1.4061032863849765e-05, 'epoch': 0.3}
{'loss': 1.0647, 'grad_norm': 7.796774864196777, 'learning_rate': 1.4037558685446011e-05, 'epoch': 0.3}
{'loss': 1.1183, 'grad_norm': 3.7320055961608887, 'learning_rate': 1.4014084507042253e-05, 'epoch': 0.3}
{'loss': 0.9995, 'grad_norm': 4.132784366607666, 'learning_rate': 1.3990610328638499e-05, 'epoch': 0.31}
{'loss': 1.0366, 'grad_norm': 6.332337379455566, 'learning_rate': 1.3967136150234743e-05, 'epoch': 0.31}
{'loss': 1.0471, 'grad_norm': 6.310107231140137, 'learning_rate': 1.3943661971830987e-05, 'epoch': 0.31}
{'loss': 0.788, 'grad_norm': 2.191431999206543, 'learning_rate': 1.3920187793427231e-05, 'epoch': 0.31}
{'loss': 1.2024, 'grad_norm': 5.8459792137146, 'learning_rate': 1.3896713615023477e-05, 'epoch': 0.31}
{'loss': 1.2272, 'grad_norm': 7.268463134765625, 'learning_rate': 1.3873239436619719e-05, 'epoch': 0.31}
{'loss': 0.9252, 'grad_norm': 17.17998504638672, 'learning_rate': 1.3849765258215963e-05, 'epoch': 0.31}
{'loss': 1.2189, 'grad_norm': 4.309493064880371, 'learning_rate': 1.3826291079812208e-05, 'epoch': 0.31}
{'loss': 1.0922, 'grad_norm': 5.684999465942383, 'learning_rate': 1.380281690140845e-05, 'epoch': 0.32}
{'loss': 1.0712, 'grad_norm': 4.593746185302734, 'learning_rate': 1.3779342723004696e-05, 'epoch': 0.32}
{'loss': 0.9199, 'grad_norm': 2.7552855014801025, 'learning_rate': 1.375586854460094e-05, 'epoch': 0.32}
{'loss': 0.9905, 'grad_norm': 5.837470531463623, 'learning_rate': 1.3732394366197184e-05, 'epoch': 0.32}
{'loss': 1.1262, 'grad_norm': 2.7706146240234375, 'learning_rate': 1.3708920187793428e-05, 'epoch': 0.32}
{'loss': 1.0764, 'grad_norm': 5.139987468719482, 'learning_rate': 1.3685446009389674e-05, 'epoch': 0.32}
{'loss': 0.8806, 'grad_norm': 2.0262451171875, 'learning_rate': 1.3661971830985916e-05, 'epoch': 0.32}
{'loss': 1.1007, 'grad_norm': 4.014565944671631, 'learning_rate': 1.3638497652582162e-05, 'epoch': 0.32}
                                                 

                                                 

                                                 

                                                 

                                                 

                                                 

                                                 

                                                 

                                                 

                                                 

                                                 

                                                 

                                                 

                                                 

                                                 

                                                 

                                                 

                                                 

                                                 

                                                 

                                                 

                                                 

                                                 

{'loss': 0.9494, 'grad_norm': 4.507662296295166, 'learning_rate': 1.3615023474178406e-05, 'epoch': 0.32}
{'loss': 1.0197, 'grad_norm': 4.797790050506592, 'learning_rate': 1.3591549295774648e-05, 'epoch': 0.33}
{'loss': 0.9003, 'grad_norm': 3.603890895843506, 'learning_rate': 1.3568075117370894e-05, 'epoch': 0.33}
{'loss': 1.2538, 'grad_norm': 6.850569248199463, 'learning_rate': 1.3544600938967136e-05, 'epoch': 0.33}
{'loss': 1.3583, 'grad_norm': 7.312731742858887, 'learning_rate': 1.3521126760563382e-05, 'epoch': 0.33}
{'loss': 1.2977, 'grad_norm': 6.344296455383301, 'learning_rate': 1.3497652582159626e-05, 'epoch': 0.33}
{'loss': 1.1685, 'grad_norm': 7.249780654907227, 'learning_rate': 1.347417840375587e-05, 'epoch': 0.33}
{'loss': 1.1309, 'grad_norm': 11.777037620544434, 'learning_rate': 1.3450704225352114e-05, 'epoch': 0.33}
{'loss': 1.0695, 'grad_norm': 3.9050638675689697, 'learning_rate': 1.342723004694836e-05, 'epoch': 0.33}
{'loss': 0.9563, 'grad_norm': 4.077828407287598, 'learning_rate': 1.3403755868544601e-05, 'epoch': 0.34}
{'loss': 0.9402, 'grad_norm': 4.116891384124756, 'learning_rate': 1.3380281690140845e-05, 'epoch': 0.34}
{'loss': 1.0613, 'grad_norm': 4.721768379211426, 'learning_rate': 1.3356807511737091e-05, 'epoch': 0.34}
{'loss': 1.2104, 'grad_norm': 6.078242301940918, 'learning_rate': 1.3333333333333333e-05, 'epoch': 0.34}
{'loss': 1.0264, 'grad_norm': 4.7064690589904785, 'learning_rate': 1.3309859154929579e-05, 'epoch': 0.34}
{'loss': 0.9227, 'grad_norm': 3.901276111602783, 'learning_rate': 1.3286384976525823e-05, 'epoch': 0.34}
{'loss': 1.0801, 'grad_norm': 3.047823905944824, 'learning_rate': 1.3262910798122067e-05, 'epoch': 0.34}
{'loss': 1.1711, 'grad_norm': 4.80066442489624, 'learning_rate': 1.323943661971831e-05, 'epoch': 0.34}
{'loss': 1.0691, 'grad_norm': 4.613447189331055, 'learning_rate': 1.3215962441314556e-05, 'epoch': 0.34}
{'loss': 1.1197, 'grad_norm': 4.380645751953125, 'learning_rate': 1.3192488262910799e-05, 'epoch': 0.35}
{'loss': 0.8074, 'grad_norm': 4.514955043792725, 'learning_rate': 1.3169014084507044e-05, 'epoch': 0.35}
{'loss': 1.1267, 'grad_norm': 2.524268388748169, 'learning_rate': 1.3145539906103288e-05, 'epoch': 0.35}
{'loss': 1.3532, 'grad_norm': 3.6014316082000732, 'learning_rate': 1.312206572769953e-05, 'epoch': 0.35}
{'loss': 0.8721, 'grad_norm': 2.7257938385009766, 'learning_rate': 1.3098591549295776e-05, 'epoch': 0.35}
































                                                 


                                               
[A


                                               [A
                                                 

                                                 

                                                 

                                                 

                                                 

                                                 

                                                 

                                                 

                                                 

                                                 

                                                 

                                                 

                                                 

                                                 

                                                 

                                                 

                                                 

                                                 

                                                 

                                                 

                                                 

                                                 

                                                 

                                                 

                                                 

                                                 

                                                 

                                                 

                                                 

                                                 

                                                 

                                                 

                                                 

                                                 

                                                 

                                                 

                                                 

                                                 

                                                 

                                                 

                                                 

                                                 

                                                 

                                                 

                                                 

                                                 

                                                 

                                                 

                                                 

                                                 

                                                 

                                                 

                                                 

                                                 

                                                 

                                                 

                                                 

                                                 

                                                 

                                                 

                                                 

                                                 

                                                 

                                                 

                                                 

                                                 

                                                 

                                                 

                                                 

                                                 

                                                 

                                                 

                                                 

                                                 

                                                 

                                                 

                                                 
{'eval_loss': 0.9099981784820557, 'eval_runtime': 9.6373, 'eval_samples_per_second': 13.282, 'eval_steps_per_second': 3.32, 'epoch': 0.35}
{'loss': 1.0686, 'grad_norm': 3.8059511184692383, 'learning_rate': 1.307511737089202e-05, 'epoch': 0.35}
{'loss': 0.9034, 'grad_norm': 2.7981350421905518, 'learning_rate': 1.3051643192488264e-05, 'epoch': 0.35}
{'loss': 0.9569, 'grad_norm': 5.351008415222168, 'learning_rate': 1.3028169014084508e-05, 'epoch': 0.35}
{'loss': 0.9378, 'grad_norm': 2.4992551803588867, 'learning_rate': 1.300469483568075e-05, 'epoch': 0.36}
{'loss': 1.0918, 'grad_norm': 8.858124732971191, 'learning_rate': 1.2981220657276996e-05, 'epoch': 0.36}
{'loss': 1.0024, 'grad_norm': 5.2388691902160645, 'learning_rate': 1.2957746478873242e-05, 'epoch': 0.36}
{'loss': 1.3379, 'grad_norm': 2.4780526161193848, 'learning_rate': 1.2934272300469484e-05, 'epoch': 0.36}
{'loss': 0.98, 'grad_norm': 2.355177640914917, 'learning_rate': 1.2910798122065728e-05, 'epoch': 0.36}
{'loss': 0.8414, 'grad_norm': 5.26443338394165, 'learning_rate': 1.2887323943661974e-05, 'epoch': 0.36}
{'loss': 1.1842, 'grad_norm': 14.252776145935059, 'learning_rate': 1.2863849765258216e-05, 'epoch': 0.36}
{'loss': 0.9198, 'grad_norm': 4.28835391998291, 'learning_rate': 1.2840375586854462e-05, 'epoch': 0.36}
{'loss': 1.0956, 'grad_norm': 2.7320661544799805, 'learning_rate': 1.2816901408450705e-05, 'epoch': 0.36}
{'loss': 0.808, 'grad_norm': 2.9079232215881348, 'learning_rate': 1.279342723004695e-05, 'epoch': 0.37}
{'loss': 1.2544, 'grad_norm': 3.25873064994812, 'learning_rate': 1.2769953051643193e-05, 'epoch': 0.37}
{'loss': 0.9908, 'grad_norm': 6.47532320022583, 'learning_rate': 1.2746478873239439e-05, 'epoch': 0.37}
{'loss': 0.9847, 'grad_norm': 4.3566131591796875, 'learning_rate': 1.2723004694835681e-05, 'epoch': 0.37}
{'loss': 1.1535, 'grad_norm': 3.864600896835327, 'learning_rate': 1.2699530516431925e-05, 'epoch': 0.37}
{'loss': 1.0176, 'grad_norm': 5.422084808349609, 'learning_rate': 1.2676056338028171e-05, 'epoch': 0.37}
{'loss': 0.8888, 'grad_norm': 11.26354694366455, 'learning_rate': 1.2652582159624413e-05, 'epoch': 0.37}
{'loss': 0.9603, 'grad_norm': 3.1051745414733887, 'learning_rate': 1.2629107981220659e-05, 'epoch': 0.37}
{'loss': 1.166, 'grad_norm': 2.4493284225463867, 'learning_rate': 1.2605633802816903e-05, 'epoch': 0.37}
{'loss': 1.1674, 'grad_norm': 4.527692794799805, 'learning_rate': 1.2582159624413147e-05, 'epoch': 0.38}
{'loss': 1.1168, 'grad_norm': 10.002049446105957, 'learning_rate': 1.255868544600939e-05, 'epoch': 0.38}
{'loss': 0.9195, 'grad_norm': 4.441901206970215, 'learning_rate': 1.2535211267605636e-05, 'epoch': 0.38}
{'loss': 1.1398, 'grad_norm': 6.44590950012207, 'learning_rate': 1.2511737089201879e-05, 'epoch': 0.38}
{'loss': 1.1082, 'grad_norm': 4.656195640563965, 'learning_rate': 1.2488262910798124e-05, 'epoch': 0.38}
{'loss': 1.1228, 'grad_norm': 18.461044311523438, 'learning_rate': 1.2464788732394367e-05, 'epoch': 0.38}
{'loss': 0.965, 'grad_norm': 3.497124671936035, 'learning_rate': 1.244131455399061e-05, 'epoch': 0.38}
{'loss': 1.1728, 'grad_norm': 5.029929161071777, 'learning_rate': 1.2417840375586856e-05, 'epoch': 0.38}
{'loss': 1.3179, 'grad_norm': 8.149731636047363, 'learning_rate': 1.2394366197183098e-05, 'epoch': 0.39}
{'loss': 0.987, 'grad_norm': 7.054317474365234, 'learning_rate': 1.2370892018779344e-05, 'epoch': 0.39}
{'loss': 1.0237, 'grad_norm': 3.292323112487793, 'learning_rate': 1.2347417840375588e-05, 'epoch': 0.39}
{'loss': 0.9496, 'grad_norm': 3.48250412940979, 'learning_rate': 1.232394366197183e-05, 'epoch': 0.39}
{'loss': 1.2391, 'grad_norm': 4.335970401763916, 'learning_rate': 1.2300469483568076e-05, 'epoch': 0.39}
{'loss': 1.1684, 'grad_norm': 5.030352592468262, 'learning_rate': 1.2276995305164322e-05, 'epoch': 0.39}
{'loss': 0.8426, 'grad_norm': 6.13045597076416, 'learning_rate': 1.2253521126760564e-05, 'epoch': 0.39}
{'loss': 1.1, 'grad_norm': 10.424223899841309, 'learning_rate': 1.2230046948356808e-05, 'epoch': 0.39}
{'loss': 1.3648, 'grad_norm': 12.424473762512207, 'learning_rate': 1.2206572769953053e-05, 'epoch': 0.39}
{'loss': 0.9858, 'grad_norm': 6.677384853363037, 'learning_rate': 1.2183098591549296e-05, 'epoch': 0.4}
{'loss': 1.0572, 'grad_norm': 7.379531383514404, 'learning_rate': 1.2159624413145541e-05, 'epoch': 0.4}
{'loss': 1.1489, 'grad_norm': 5.285064697265625, 'learning_rate': 1.2136150234741785e-05, 'epoch': 0.4}
{'loss': 1.0333, 'grad_norm': 7.113102436065674, 'learning_rate': 1.211267605633803e-05, 'epoch': 0.4}
{'loss': 1.2862, 'grad_norm': 6.8276166915893555, 'learning_rate': 1.2089201877934273e-05, 'epoch': 0.4}
{'loss': 1.0003, 'grad_norm': 3.9522364139556885, 'learning_rate': 1.2065727699530519e-05, 'epoch': 0.4}
{'loss': 1.2218, 'grad_norm': 5.412322044372559, 'learning_rate': 1.2042253521126761e-05, 'epoch': 0.4}
{'loss': 0.9755, 'grad_norm': 8.669567108154297, 'learning_rate': 1.2018779342723005e-05, 'epoch': 0.4}
{'loss': 0.894, 'grad_norm': 2.708934783935547, 'learning_rate': 1.199530516431925e-05, 'epoch': 0.41}
{'loss': 0.9674, 'grad_norm': 2.7276086807250977, 'learning_rate': 1.1971830985915493e-05, 'epoch': 0.41}
{'loss': 1.097, 'grad_norm': 7.526111602783203, 'learning_rate': 1.1948356807511739e-05, 'epoch': 0.41}
{'loss': 1.025, 'grad_norm': 9.511748313903809, 'learning_rate': 1.1924882629107981e-05, 'epoch': 0.41}
{'loss': 1.1075, 'grad_norm': 4.317877292633057, 'learning_rate': 1.1901408450704227e-05, 'epoch': 0.41}
{'loss': 1.1361, 'grad_norm': 3.4982471466064453, 'learning_rate': 1.187793427230047e-05, 'epoch': 0.41}
{'loss': 1.1701, 'grad_norm': 6.956900596618652, 'learning_rate': 1.1854460093896713e-05, 'epoch': 0.41}
{'loss': 1.1265, 'grad_norm': 5.583054065704346, 'learning_rate': 1.1830985915492958e-05, 'epoch': 0.41}
{'loss': 1.0663, 'grad_norm': 3.9262990951538086, 'learning_rate': 1.1807511737089204e-05, 'epoch': 0.41}
{'loss': 0.8701, 'grad_norm': 3.115967273712158, 'learning_rate': 1.1784037558685446e-05, 'epoch': 0.42}
{'loss': 0.9147, 'grad_norm': 3.051791191101074, 'learning_rate': 1.176056338028169e-05, 'epoch': 0.42}
{'loss': 0.9039, 'grad_norm': 3.9884305000305176, 'learning_rate': 1.1737089201877936e-05, 'epoch': 0.42}
{'loss': 1.031, 'grad_norm': 5.393487930297852, 'learning_rate': 1.1713615023474178e-05, 'epoch': 0.42}
{'loss': 1.0881, 'grad_norm': 6.115297794342041, 'learning_rate': 1.1690140845070424e-05, 'epoch': 0.42}
{'loss': 1.0718, 'grad_norm': 6.764071464538574, 'learning_rate': 1.1666666666666668e-05, 'epoch': 0.42}
{'loss': 0.9866, 'grad_norm': 6.527987480163574, 'learning_rate': 1.1643192488262912e-05, 'epoch': 0.42}
{'loss': 1.1296, 'grad_norm': 9.058269500732422, 'learning_rate': 1.1619718309859156e-05, 'epoch': 0.42}
{'loss': 1.1957, 'grad_norm': 5.989352226257324, 'learning_rate': 1.1596244131455401e-05, 'epoch': 0.43}
{'loss': 1.2609, 'grad_norm': 16.841733932495117, 'learning_rate': 1.1572769953051644e-05, 'epoch': 0.43}
{'loss': 1.0115, 'grad_norm': 3.949369430541992, 'learning_rate': 1.1549295774647888e-05, 'epoch': 0.43}
{'loss': 1.0224, 'grad_norm': 4.903059482574463, 'learning_rate': 1.1525821596244133e-05, 'epoch': 0.43}
{'loss': 1.0643, 'grad_norm': 6.118378639221191, 'learning_rate': 1.1502347417840376e-05, 'epoch': 0.43}
{'loss': 1.0135, 'grad_norm': 4.631680488586426, 'learning_rate': 1.1478873239436621e-05, 'epoch': 0.43}
{'loss': 1.457, 'grad_norm': 3.9613778591156006, 'learning_rate': 1.1455399061032865e-05, 'epoch': 0.43}
{'loss': 1.1978, 'grad_norm': 15.992658615112305, 'learning_rate': 1.143192488262911e-05, 'epoch': 0.43}
{'loss': 0.9974, 'grad_norm': 3.294034481048584, 'learning_rate': 1.1408450704225353e-05, 'epoch': 0.43}
{'loss': 0.9659, 'grad_norm': 2.6372463703155518, 'learning_rate': 1.1384976525821595e-05, 'epoch': 0.44}
{'loss': 1.1785, 'grad_norm': 6.061161041259766, 'learning_rate': 1.1361502347417841e-05, 'epoch': 0.44}
{'loss': 1.4665, 'grad_norm': 7.779025554656982, 'learning_rate': 1.1338028169014087e-05, 'epoch': 0.44}
{'loss': 1.161, 'grad_norm': 4.023696422576904, 'learning_rate': 1.1314553990610329e-05, 'epoch': 0.44}
{'loss': 1.4788, 'grad_norm': 6.1323933601379395, 'learning_rate': 1.1291079812206573e-05, 'epoch': 0.44}
                                                 

                                                 

                                                 

                                                 

                                                 

                                                 

                                                 

                                                 

                                                 

                                                 

                                                 

                                                 

                                                 

                                                 

                                                 

                                                 

                                                 

                                                 

                                                 

                                                 

                                                 

                                                 

                                                 

{'loss': 1.0648, 'grad_norm': 3.506155490875244, 'learning_rate': 1.1267605633802819e-05, 'epoch': 0.44}
{'loss': 0.9864, 'grad_norm': 7.006310939788818, 'learning_rate': 1.1244131455399061e-05, 'epoch': 0.44}
{'loss': 0.9152, 'grad_norm': 6.216826438903809, 'learning_rate': 1.1220657276995307e-05, 'epoch': 0.44}
{'loss': 1.1037, 'grad_norm': 4.88923978805542, 'learning_rate': 1.119718309859155e-05, 'epoch': 0.44}
{'loss': 0.9603, 'grad_norm': 5.748978137969971, 'learning_rate': 1.1173708920187793e-05, 'epoch': 0.45}
{'loss': 1.0638, 'grad_norm': 3.9804210662841797, 'learning_rate': 1.1150234741784038e-05, 'epoch': 0.45}
{'loss': 1.0039, 'grad_norm': 6.546844482421875, 'learning_rate': 1.1126760563380284e-05, 'epoch': 0.45}
{'loss': 0.9763, 'grad_norm': 5.6237945556640625, 'learning_rate': 1.1103286384976526e-05, 'epoch': 0.45}
{'loss': 1.1148, 'grad_norm': 3.885746717453003, 'learning_rate': 1.107981220657277e-05, 'epoch': 0.45}
{'loss': 0.8627, 'grad_norm': 6.114516258239746, 'learning_rate': 1.1056338028169016e-05, 'epoch': 0.45}
{'loss': 0.8693, 'grad_norm': 5.543891429901123, 'learning_rate': 1.1032863849765258e-05, 'epoch': 0.45}
{'loss': 1.0896, 'grad_norm': 4.682939052581787, 'learning_rate': 1.1009389671361504e-05, 'epoch': 0.45}
{'loss': 1.1421, 'grad_norm': 6.368531703948975, 'learning_rate': 1.0985915492957748e-05, 'epoch': 0.46}
{'loss': 0.919, 'grad_norm': 2.814404010772705, 'learning_rate': 1.0962441314553992e-05, 'epoch': 0.46}
{'loss': 1.1002, 'grad_norm': 5.844808578491211, 'learning_rate': 1.0938967136150236e-05, 'epoch': 0.46}
{'loss': 0.9322, 'grad_norm': 2.528331995010376, 'learning_rate': 1.0915492957746481e-05, 'epoch': 0.46}
{'loss': 1.1967, 'grad_norm': 7.262845039367676, 'learning_rate': 1.0892018779342724e-05, 'epoch': 0.46}
{'loss': 1.11, 'grad_norm': 12.116090774536133, 'learning_rate': 1.0868544600938968e-05, 'epoch': 0.46}
{'loss': 0.991, 'grad_norm': 9.942378044128418, 'learning_rate': 1.0845070422535213e-05, 'epoch': 0.46}
{'loss': 0.9828, 'grad_norm': 4.7173237800598145, 'learning_rate': 1.0821596244131455e-05, 'epoch': 0.46}
{'loss': 0.8628, 'grad_norm': 6.0141777992248535, 'learning_rate': 1.0798122065727701e-05, 'epoch': 0.46}
{'loss': 1.093, 'grad_norm': 5.295988082885742, 'learning_rate': 1.0774647887323943e-05, 'epoch': 0.47}
{'loss': 1.0083, 'grad_norm': 4.62462043762207, 'learning_rate': 1.0751173708920189e-05, 'epoch': 0.47}
































                                                 


                                               
[A


                                               [A
                                                 

                                                 

                                                 

                                                 

                                                 

                                                 

                                                 

                                                 

                                                 

                                                 

                                                 

                                                 

                                                 

                                                 

                                                 

                                                 

                                                 

                                                 

                                                 

                                                 

                                                 

                                                 

                                                 

                                                 

                                                 

                                                 

                                                 

                                                 

                                                 

                                                 

                                                 

                                                 

                                                 

                                                 

                                                 

                                                 

                                                 

                                                 

                                                 

                                                 

                                                 

                                                 

                                                 

                                                 

                                                 

                                                 

                                                 

                                                 

                                                 

                                                 

                                                 

                                                 

                                                 

                                                 

                                                 

                                                 

                                                 

                                                 

                                                 

                                                 

                                                 

                                                 

                                                 

                                                 

                                                 

                                                 

                                                 

                                                 

                                                 

                                                 

                                                 

                                                 

                                                 

                                                 

                                                 

                                                 

                                                 

                                                 
{'eval_loss': 0.9074431657791138, 'eval_runtime': 9.6565, 'eval_samples_per_second': 13.255, 'eval_steps_per_second': 3.314, 'epoch': 0.47}
{'loss': 1.0303, 'grad_norm': 4.2665276527404785, 'learning_rate': 1.0727699530516433e-05, 'epoch': 0.47}
{'loss': 1.0836, 'grad_norm': 5.02301025390625, 'learning_rate': 1.0704225352112675e-05, 'epoch': 0.47}
{'loss': 1.1025, 'grad_norm': 6.412924766540527, 'learning_rate': 1.0680751173708921e-05, 'epoch': 0.47}
{'loss': 1.1086, 'grad_norm': 7.711482048034668, 'learning_rate': 1.0657276995305167e-05, 'epoch': 0.47}
{'loss': 1.0189, 'grad_norm': 8.018887519836426, 'learning_rate': 1.0633802816901409e-05, 'epoch': 0.47}
{'loss': 1.0975, 'grad_norm': 3.8788673877716064, 'learning_rate': 1.0610328638497653e-05, 'epoch': 0.47}
{'loss': 1.1613, 'grad_norm': 8.751184463500977, 'learning_rate': 1.0586854460093898e-05, 'epoch': 0.48}
{'loss': 1.1329, 'grad_norm': 3.96227765083313, 'learning_rate': 1.056338028169014e-05, 'epoch': 0.48}
{'loss': 1.2362, 'grad_norm': 13.61058235168457, 'learning_rate': 1.0539906103286386e-05, 'epoch': 0.48}
{'loss': 0.9604, 'grad_norm': 4.789646625518799, 'learning_rate': 1.051643192488263e-05, 'epoch': 0.48}
{'loss': 1.3842, 'grad_norm': 9.872308731079102, 'learning_rate': 1.0492957746478873e-05, 'epoch': 0.48}
{'loss': 1.181, 'grad_norm': 5.729962348937988, 'learning_rate': 1.0469483568075118e-05, 'epoch': 0.48}
{'loss': 0.9039, 'grad_norm': 4.6717119216918945, 'learning_rate': 1.0446009389671364e-05, 'epoch': 0.48}
{'loss': 0.8012, 'grad_norm': 4.931477069854736, 'learning_rate': 1.0422535211267606e-05, 'epoch': 0.48}
{'loss': 0.817, 'grad_norm': 2.472291946411133, 'learning_rate': 1.039906103286385e-05, 'epoch': 0.48}
{'loss': 0.895, 'grad_norm': 5.105368614196777, 'learning_rate': 1.0375586854460096e-05, 'epoch': 0.49}
{'loss': 0.9659, 'grad_norm': 6.592084884643555, 'learning_rate': 1.0352112676056338e-05, 'epoch': 0.49}
{'loss': 1.1088, 'grad_norm': 5.281684875488281, 'learning_rate': 1.0328638497652584e-05, 'epoch': 0.49}
{'loss': 1.2668, 'grad_norm': 3.422426462173462, 'learning_rate': 1.0305164319248828e-05, 'epoch': 0.49}
{'loss': 1.1318, 'grad_norm': 4.157439231872559, 'learning_rate': 1.0281690140845072e-05, 'epoch': 0.49}
{'loss': 1.1238, 'grad_norm': 5.305602073669434, 'learning_rate': 1.0258215962441316e-05, 'epoch': 0.49}
{'loss': 0.9206, 'grad_norm': 7.4554924964904785, 'learning_rate': 1.0234741784037558e-05, 'epoch': 0.49}
{'loss': 1.014, 'grad_norm': 6.391334533691406, 'learning_rate': 1.0211267605633803e-05, 'epoch': 0.49}
{'loss': 1.33, 'grad_norm': 7.929619789123535, 'learning_rate': 1.0187793427230047e-05, 'epoch': 0.5}
{'loss': 1.113, 'grad_norm': 5.162606716156006, 'learning_rate': 1.0164319248826291e-05, 'epoch': 0.5}
{'loss': 0.9605, 'grad_norm': 9.061295509338379, 'learning_rate': 1.0140845070422535e-05, 'epoch': 0.5}
{'loss': 1.0354, 'grad_norm': 2.656167507171631, 'learning_rate': 1.0117370892018781e-05, 'epoch': 0.5}
{'loss': 1.2326, 'grad_norm': 4.770726203918457, 'learning_rate': 1.0093896713615023e-05, 'epoch': 0.5}
{'loss': 1.3064, 'grad_norm': 5.601983547210693, 'learning_rate': 1.0070422535211269e-05, 'epoch': 0.5}
{'loss': 0.7896, 'grad_norm': 3.9494621753692627, 'learning_rate': 1.0046948356807513e-05, 'epoch': 0.5}
{'loss': 1.0436, 'grad_norm': 2.6141698360443115, 'learning_rate': 1.0023474178403755e-05, 'epoch': 0.5}
{'loss': 0.9395, 'grad_norm': 5.047337055206299, 'learning_rate': 1e-05, 'epoch': 0.5}
{'loss': 0.9856, 'grad_norm': 8.921295166015625, 'learning_rate': 9.976525821596245e-06, 'epoch': 0.51}
{'loss': 0.9654, 'grad_norm': 10.390787124633789, 'learning_rate': 9.953051643192489e-06, 'epoch': 0.51}
{'loss': 1.0672, 'grad_norm': 3.9701905250549316, 'learning_rate': 9.929577464788733e-06, 'epoch': 0.51}
{'loss': 1.2264, 'grad_norm': 5.296972274780273, 'learning_rate': 9.906103286384977e-06, 'epoch': 0.51}
{'loss': 1.0658, 'grad_norm': 4.907805919647217, 'learning_rate': 9.882629107981222e-06, 'epoch': 0.51}
{'loss': 1.1969, 'grad_norm': 3.171738862991333, 'learning_rate': 9.859154929577466e-06, 'epoch': 0.51}
{'loss': 1.0809, 'grad_norm': 3.1521670818328857, 'learning_rate': 9.83568075117371e-06, 'epoch': 0.51}
{'loss': 1.0974, 'grad_norm': 4.022055625915527, 'learning_rate': 9.812206572769954e-06, 'epoch': 0.51}
{'loss': 0.986, 'grad_norm': 4.180488109588623, 'learning_rate': 9.788732394366198e-06, 'epoch': 0.52}
{'loss': 1.0031, 'grad_norm': 4.731698989868164, 'learning_rate': 9.765258215962442e-06, 'epoch': 0.52}
{'loss': 1.0906, 'grad_norm': 7.909914016723633, 'learning_rate': 9.741784037558686e-06, 'epoch': 0.52}
{'loss': 1.0694, 'grad_norm': 6.8919997215271, 'learning_rate': 9.71830985915493e-06, 'epoch': 0.52}
{'loss': 1.2212, 'grad_norm': 6.604440212249756, 'learning_rate': 9.694835680751174e-06, 'epoch': 0.52}
{'loss': 1.1907, 'grad_norm': 7.5281982421875, 'learning_rate': 9.671361502347418e-06, 'epoch': 0.52}
{'loss': 1.2813, 'grad_norm': 8.118573188781738, 'learning_rate': 9.647887323943664e-06, 'epoch': 0.52}
{'loss': 1.1347, 'grad_norm': 4.3400068283081055, 'learning_rate': 9.624413145539908e-06, 'epoch': 0.52}
{'loss': 0.9669, 'grad_norm': 3.1773672103881836, 'learning_rate': 9.600938967136152e-06, 'epoch': 0.52}
{'loss': 0.9756, 'grad_norm': 8.418726921081543, 'learning_rate': 9.577464788732394e-06, 'epoch': 0.53}
{'loss': 0.8905, 'grad_norm': 4.52388858795166, 'learning_rate': 9.55399061032864e-06, 'epoch': 0.53}
{'loss': 1.196, 'grad_norm': 4.863823413848877, 'learning_rate': 9.530516431924883e-06, 'epoch': 0.53}
{'loss': 1.0019, 'grad_norm': 4.240921497344971, 'learning_rate': 9.507042253521127e-06, 'epoch': 0.53}
{'loss': 1.2991, 'grad_norm': 4.6280388832092285, 'learning_rate': 9.483568075117371e-06, 'epoch': 0.53}
{'loss': 1.0193, 'grad_norm': 4.13120174407959, 'learning_rate': 9.460093896713615e-06, 'epoch': 0.53}
{'loss': 0.839, 'grad_norm': 2.5402274131774902, 'learning_rate': 9.43661971830986e-06, 'epoch': 0.53}
{'loss': 1.1662, 'grad_norm': 6.9965691566467285, 'learning_rate': 9.413145539906105e-06, 'epoch': 0.53}
{'loss': 0.853, 'grad_norm': 6.673812389373779, 'learning_rate': 9.389671361502349e-06, 'epoch': 0.53}
{'loss': 1.2401, 'grad_norm': 6.703456401824951, 'learning_rate': 9.366197183098593e-06, 'epoch': 0.54}
{'loss': 1.1075, 'grad_norm': 3.360410213470459, 'learning_rate': 9.342723004694837e-06, 'epoch': 0.54}
{'loss': 1.1958, 'grad_norm': 4.682491779327393, 'learning_rate': 9.31924882629108e-06, 'epoch': 0.54}
{'loss': 1.0884, 'grad_norm': 5.346035957336426, 'learning_rate': 9.295774647887325e-06, 'epoch': 0.54}
{'loss': 1.0961, 'grad_norm': 3.1450984477996826, 'learning_rate': 9.272300469483569e-06, 'epoch': 0.54}
{'loss': 0.9885, 'grad_norm': 3.531242847442627, 'learning_rate': 9.248826291079813e-06, 'epoch': 0.54}
{'loss': 1.1457, 'grad_norm': 8.674870491027832, 'learning_rate': 9.225352112676057e-06, 'epoch': 0.54}
{'loss': 0.9009, 'grad_norm': 5.429595947265625, 'learning_rate': 9.2018779342723e-06, 'epoch': 0.54}
{'loss': 0.8545, 'grad_norm': 3.2468881607055664, 'learning_rate': 9.178403755868546e-06, 'epoch': 0.55}
{'loss': 0.8907, 'grad_norm': 4.663994789123535, 'learning_rate': 9.15492957746479e-06, 'epoch': 0.55}
{'loss': 0.8872, 'grad_norm': 5.57557487487793, 'learning_rate': 9.131455399061034e-06, 'epoch': 0.55}
{'loss': 0.908, 'grad_norm': 3.2865262031555176, 'learning_rate': 9.107981220657278e-06, 'epoch': 0.55}
{'loss': 1.2686, 'grad_norm': 5.550633907318115, 'learning_rate': 9.084507042253522e-06, 'epoch': 0.55}
{'loss': 0.9181, 'grad_norm': 8.070488929748535, 'learning_rate': 9.061032863849766e-06, 'epoch': 0.55}
{'loss': 0.8957, 'grad_norm': 7.01584529876709, 'learning_rate': 9.03755868544601e-06, 'epoch': 0.55}
{'loss': 0.9168, 'grad_norm': 6.698471546173096, 'learning_rate': 9.014084507042254e-06, 'epoch': 0.55}
{'loss': 0.8495, 'grad_norm': 3.9806056022644043, 'learning_rate': 8.990610328638498e-06, 'epoch': 0.55}
{'loss': 0.9617, 'grad_norm': 6.2539567947387695, 'learning_rate': 8.967136150234742e-06, 'epoch': 0.56}
{'loss': 1.0171, 'grad_norm': 3.753530740737915, 'learning_rate': 8.943661971830987e-06, 'epoch': 0.56}
{'loss': 1.14, 'grad_norm': 5.944705963134766, 'learning_rate': 8.920187793427231e-06, 'epoch': 0.56}
                                                 

                                                 

                                                 

                                                 

                                                 

                                                 

                                                 

                                                 

                                                 

                                                 

                                                 

                                                 

                                                 

                                                 

                                                 

                                                 

                                                 

                                                 

                                                 

                                                 

                                                 

                                                 

{'loss': 1.0398, 'grad_norm': 4.486302852630615, 'learning_rate': 8.896713615023475e-06, 'epoch': 0.56}
{'loss': 0.7627, 'grad_norm': 4.933801651000977, 'learning_rate': 8.87323943661972e-06, 'epoch': 0.56}
{'loss': 1.1663, 'grad_norm': 5.728975772857666, 'learning_rate': 8.849765258215963e-06, 'epoch': 0.56}
{'loss': 1.0961, 'grad_norm': 11.192333221435547, 'learning_rate': 8.826291079812207e-06, 'epoch': 0.56}
{'loss': 1.0743, 'grad_norm': 5.582353591918945, 'learning_rate': 8.802816901408451e-06, 'epoch': 0.56}
{'loss': 0.7484, 'grad_norm': 3.3280467987060547, 'learning_rate': 8.779342723004695e-06, 'epoch': 0.57}
{'loss': 0.9462, 'grad_norm': 6.5250563621521, 'learning_rate': 8.755868544600939e-06, 'epoch': 0.57}
{'loss': 1.2632, 'grad_norm': 11.800020217895508, 'learning_rate': 8.732394366197183e-06, 'epoch': 0.57}
{'loss': 1.0652, 'grad_norm': 3.1060636043548584, 'learning_rate': 8.708920187793429e-06, 'epoch': 0.57}
{'loss': 1.0364, 'grad_norm': 5.047550678253174, 'learning_rate': 8.685446009389673e-06, 'epoch': 0.57}
{'loss': 0.9122, 'grad_norm': 4.882188320159912, 'learning_rate': 8.661971830985915e-06, 'epoch': 0.57}
{'loss': 0.9713, 'grad_norm': 2.3148598670959473, 'learning_rate': 8.63849765258216e-06, 'epoch': 0.57}
{'loss': 0.9888, 'grad_norm': 3.8956897258758545, 'learning_rate': 8.615023474178405e-06, 'epoch': 0.57}
{'loss': 1.1763, 'grad_norm': 5.210087299346924, 'learning_rate': 8.591549295774648e-06, 'epoch': 0.57}
{'loss': 0.9443, 'grad_norm': 3.6957247257232666, 'learning_rate': 8.568075117370892e-06, 'epoch': 0.58}
{'loss': 0.8182, 'grad_norm': 4.202956199645996, 'learning_rate': 8.544600938967136e-06, 'epoch': 0.58}
{'loss': 0.8315, 'grad_norm': 4.0128045082092285, 'learning_rate': 8.52112676056338e-06, 'epoch': 0.58}
{'loss': 1.0578, 'grad_norm': 2.6941425800323486, 'learning_rate': 8.497652582159626e-06, 'epoch': 0.58}
{'loss': 1.1335, 'grad_norm': 5.487621307373047, 'learning_rate': 8.47417840375587e-06, 'epoch': 0.58}
{'loss': 1.1329, 'grad_norm': 3.739062786102295, 'learning_rate': 8.450704225352114e-06, 'epoch': 0.58}
{'loss': 0.8362, 'grad_norm': 3.310184955596924, 'learning_rate': 8.427230046948356e-06, 'epoch': 0.58}
{'loss': 1.1645, 'grad_norm': 8.81768798828125, 'learning_rate': 8.403755868544602e-06, 'epoch': 0.58}
































                                                 


                                               
[A


                                               [A
                                                 

                                                 

                                                 

                                                 

                                                 

                                                 

                                                 

                                                 

                                                 

                                                 

                                                 

                                                 

                                                 

                                                 

                                                 

                                                 

                                                 

                                                 

                                                 

                                                 

                                                 

                                                 

                                                 

                                                 

                                                 

                                                 

                                                 

                                                 

                                                 

                                                 

                                                 

                                                 

                                                 

                                                 

                                                 

                                                 

                                                 

                                                 

                                                 

                                                 

                                                 

                                                 

                                                 

                                                 

                                                 

                                                 

                                                 

                                                 

                                                 

                                                 

                                                 

                                                 

                                                 

                                                 

                                                 

                                                 

                                                 

                                                 

                                                 

                                                 

                                                 

                                                 

                                                 

                                                 

                                                 

                                                 

                                                 

                                                 

                                                 

                                                 

                                                 

                                                 

                                                 

                                                 

                                                 

                                                 

                                                 

                                                 
{'eval_loss': 0.9057468175888062, 'eval_runtime': 9.6421, 'eval_samples_per_second': 13.275, 'eval_steps_per_second': 3.319, 'epoch': 0.58}
{'loss': 1.1646, 'grad_norm': 5.933631896972656, 'learning_rate': 8.380281690140846e-06, 'epoch': 0.59}
{'loss': 1.0205, 'grad_norm': 3.0959978103637695, 'learning_rate': 8.35680751173709e-06, 'epoch': 0.59}
{'loss': 0.9336, 'grad_norm': 4.517667770385742, 'learning_rate': 8.333333333333334e-06, 'epoch': 0.59}
{'loss': 1.0828, 'grad_norm': 5.514894962310791, 'learning_rate': 8.309859154929578e-06, 'epoch': 0.59}
{'loss': 0.9549, 'grad_norm': 2.363590717315674, 'learning_rate': 8.286384976525822e-06, 'epoch': 0.59}
{'loss': 1.0033, 'grad_norm': 10.203445434570312, 'learning_rate': 8.262910798122067e-06, 'epoch': 0.59}
{'loss': 1.2154, 'grad_norm': 7.102872371673584, 'learning_rate': 8.239436619718311e-06, 'epoch': 0.59}
{'loss': 1.1634, 'grad_norm': 3.657435894012451, 'learning_rate': 8.215962441314555e-06, 'epoch': 0.59}
{'loss': 1.2988, 'grad_norm': 5.372951507568359, 'learning_rate': 8.192488262910797e-06, 'epoch': 0.59}
{'loss': 0.8088, 'grad_norm': 3.81600284576416, 'learning_rate': 8.169014084507043e-06, 'epoch': 0.6}
{'loss': 0.8472, 'grad_norm': 3.6125595569610596, 'learning_rate': 8.145539906103287e-06, 'epoch': 0.6}
{'loss': 1.127, 'grad_norm': 3.815756320953369, 'learning_rate': 8.122065727699531e-06, 'epoch': 0.6}
{'loss': 1.0616, 'grad_norm': 4.089698314666748, 'learning_rate': 8.098591549295775e-06, 'epoch': 0.6}
{'loss': 0.8187, 'grad_norm': 4.39531946182251, 'learning_rate': 8.075117370892019e-06, 'epoch': 0.6}
{'loss': 1.2451, 'grad_norm': 2.7311344146728516, 'learning_rate': 8.051643192488263e-06, 'epoch': 0.6}
{'loss': 0.7901, 'grad_norm': 3.229562520980835, 'learning_rate': 8.028169014084509e-06, 'epoch': 0.6}
{'loss': 1.0668, 'grad_norm': 5.645643711090088, 'learning_rate': 8.004694835680753e-06, 'epoch': 0.6}
{'loss': 1.3021, 'grad_norm': 6.928592681884766, 'learning_rate': 7.981220657276996e-06, 'epoch': 0.6}
{'loss': 1.2438, 'grad_norm': 3.6454195976257324, 'learning_rate': 7.95774647887324e-06, 'epoch': 0.61}
{'loss': 0.7988, 'grad_norm': 5.611681938171387, 'learning_rate': 7.934272300469484e-06, 'epoch': 0.61}
{'loss': 1.1531, 'grad_norm': 6.572115898132324, 'learning_rate': 7.910798122065728e-06, 'epoch': 0.61}
{'loss': 0.9351, 'grad_norm': 6.368961811065674, 'learning_rate': 7.887323943661972e-06, 'epoch': 0.61}
{'loss': 1.3098, 'grad_norm': 3.2545509338378906, 'learning_rate': 7.863849765258216e-06, 'epoch': 0.61}
{'loss': 0.9539, 'grad_norm': 6.454351902008057, 'learning_rate': 7.84037558685446e-06, 'epoch': 0.61}
{'loss': 1.1118, 'grad_norm': 9.598690032958984, 'learning_rate': 7.816901408450704e-06, 'epoch': 0.61}
{'loss': 1.0109, 'grad_norm': 4.416751384735107, 'learning_rate': 7.79342723004695e-06, 'epoch': 0.61}
{'loss': 0.8629, 'grad_norm': 9.548410415649414, 'learning_rate': 7.769953051643194e-06, 'epoch': 0.62}
{'loss': 0.9625, 'grad_norm': 6.599913120269775, 'learning_rate': 7.746478873239436e-06, 'epoch': 0.62}
{'loss': 0.9735, 'grad_norm': 7.481666564941406, 'learning_rate': 7.723004694835682e-06, 'epoch': 0.62}
{'loss': 0.9498, 'grad_norm': 7.352283954620361, 'learning_rate': 7.699530516431926e-06, 'epoch': 0.62}
{'loss': 0.9965, 'grad_norm': 6.500288009643555, 'learning_rate': 7.67605633802817e-06, 'epoch': 0.62}
{'loss': 0.9607, 'grad_norm': 1.9892315864562988, 'learning_rate': 7.652582159624414e-06, 'epoch': 0.62}
{'loss': 1.0056, 'grad_norm': 7.358522415161133, 'learning_rate': 7.629107981220658e-06, 'epoch': 0.62}
{'loss': 1.3177, 'grad_norm': 3.725189208984375, 'learning_rate': 7.6056338028169015e-06, 'epoch': 0.62}
{'loss': 1.0213, 'grad_norm': 4.93041467666626, 'learning_rate': 7.5821596244131455e-06, 'epoch': 0.62}
{'loss': 1.1736, 'grad_norm': 6.615631580352783, 'learning_rate': 7.55868544600939e-06, 'epoch': 0.63}
{'loss': 0.9924, 'grad_norm': 5.900924205780029, 'learning_rate': 7.535211267605634e-06, 'epoch': 0.63}
{'loss': 1.0924, 'grad_norm': 3.992680311203003, 'learning_rate': 7.511737089201878e-06, 'epoch': 0.63}
{'loss': 1.0445, 'grad_norm': 10.323891639709473, 'learning_rate': 7.488262910798123e-06, 'epoch': 0.63}
{'loss': 1.0013, 'grad_norm': 3.5720345973968506, 'learning_rate': 7.464788732394367e-06, 'epoch': 0.63}
{'loss': 1.2997, 'grad_norm': 5.844205379486084, 'learning_rate': 7.441314553990611e-06, 'epoch': 0.63}
{'loss': 1.2846, 'grad_norm': 5.217578887939453, 'learning_rate': 7.417840375586856e-06, 'epoch': 0.63}
{'loss': 1.0054, 'grad_norm': 4.753320693969727, 'learning_rate': 7.3943661971831e-06, 'epoch': 0.63}
{'loss': 1.0508, 'grad_norm': 4.458765506744385, 'learning_rate': 7.370892018779343e-06, 'epoch': 0.64}
{'loss': 0.9649, 'grad_norm': 8.548323631286621, 'learning_rate': 7.347417840375587e-06, 'epoch': 0.64}
{'loss': 1.0439, 'grad_norm': 7.952438831329346, 'learning_rate': 7.3239436619718316e-06, 'epoch': 0.64}
{'loss': 0.9354, 'grad_norm': 2.5700411796569824, 'learning_rate': 7.3004694835680755e-06, 'epoch': 0.64}
{'loss': 1.0898, 'grad_norm': 3.809210777282715, 'learning_rate': 7.2769953051643195e-06, 'epoch': 0.64}
{'loss': 1.0502, 'grad_norm': 4.774477481842041, 'learning_rate': 7.253521126760564e-06, 'epoch': 0.64}
{'loss': 1.068, 'grad_norm': 8.77141284942627, 'learning_rate': 7.230046948356808e-06, 'epoch': 0.64}
{'loss': 1.2543, 'grad_norm': 5.155848503112793, 'learning_rate': 7.206572769953052e-06, 'epoch': 0.64}
{'loss': 0.9722, 'grad_norm': 5.265842437744141, 'learning_rate': 7.183098591549297e-06, 'epoch': 0.64}
{'loss': 1.1897, 'grad_norm': 6.27290153503418, 'learning_rate': 7.159624413145541e-06, 'epoch': 0.65}
{'loss': 0.932, 'grad_norm': 2.6983048915863037, 'learning_rate': 7.136150234741784e-06, 'epoch': 0.65}
{'loss': 1.0781, 'grad_norm': 3.485358953475952, 'learning_rate': 7.112676056338029e-06, 'epoch': 0.65}
{'loss': 1.0382, 'grad_norm': 7.145395278930664, 'learning_rate': 7.089201877934273e-06, 'epoch': 0.65}
{'loss': 1.0981, 'grad_norm': 7.116633892059326, 'learning_rate': 7.065727699530517e-06, 'epoch': 0.65}
{'loss': 1.1015, 'grad_norm': 3.1510231494903564, 'learning_rate': 7.042253521126761e-06, 'epoch': 0.65}
{'loss': 1.1742, 'grad_norm': 6.245787620544434, 'learning_rate': 7.0187793427230056e-06, 'epoch': 0.65}
{'loss': 1.0548, 'grad_norm': 3.36563777923584, 'learning_rate': 6.9953051643192495e-06, 'epoch': 0.65}
{'loss': 1.2137, 'grad_norm': 10.875353813171387, 'learning_rate': 6.9718309859154935e-06, 'epoch': 0.66}
{'loss': 1.3505, 'grad_norm': 4.751574993133545, 'learning_rate': 6.948356807511738e-06, 'epoch': 0.66}
{'loss': 0.7171, 'grad_norm': 5.563685417175293, 'learning_rate': 6.924882629107981e-06, 'epoch': 0.66}
{'loss': 1.0351, 'grad_norm': 5.9242987632751465, 'learning_rate': 6.901408450704225e-06, 'epoch': 0.66}
{'loss': 1.0238, 'grad_norm': 3.861417055130005, 'learning_rate': 6.87793427230047e-06, 'epoch': 0.66}
{'loss': 0.9487, 'grad_norm': 3.788456916809082, 'learning_rate': 6.854460093896714e-06, 'epoch': 0.66}
{'loss': 0.9222, 'grad_norm': 4.970066070556641, 'learning_rate': 6.830985915492958e-06, 'epoch': 0.66}
{'loss': 1.029, 'grad_norm': 2.2533910274505615, 'learning_rate': 6.807511737089203e-06, 'epoch': 0.66}
{'loss': 1.119, 'grad_norm': 4.006680965423584, 'learning_rate': 6.784037558685447e-06, 'epoch': 0.66}
{'loss': 0.9084, 'grad_norm': 2.947758197784424, 'learning_rate': 6.760563380281691e-06, 'epoch': 0.67}
{'loss': 1.0342, 'grad_norm': 3.396984100341797, 'learning_rate': 6.737089201877935e-06, 'epoch': 0.67}
{'loss': 0.9684, 'grad_norm': 4.094783782958984, 'learning_rate': 6.71361502347418e-06, 'epoch': 0.67}
{'loss': 0.9809, 'grad_norm': 5.146922588348389, 'learning_rate': 6.690140845070423e-06, 'epoch': 0.67}
{'loss': 0.8798, 'grad_norm': 7.086887359619141, 'learning_rate': 6.666666666666667e-06, 'epoch': 0.67}
{'loss': 0.8694, 'grad_norm': 3.168572187423706, 'learning_rate': 6.6431924882629115e-06, 'epoch': 0.67}
{'loss': 1.0377, 'grad_norm': 5.156528472900391, 'learning_rate': 6.619718309859155e-06, 'epoch': 0.67}
{'loss': 0.9418, 'grad_norm': 11.851593017578125, 'learning_rate': 6.596244131455399e-06, 'epoch': 0.67}
{'loss': 1.1788, 'grad_norm': 3.51535701751709, 'learning_rate': 6.572769953051644e-06, 'epoch': 0.68}
                                                 

                                                 

                                                 

                                                 

                                                 

                                                 

                                                 

                                                 

                                                 

                                                 

                                                 

                                                 

                                                 

                                                 

                                                 

                                                 

                                                 

                                                 

                                                 

                                                 

                                                 

                                                 

{'loss': 1.2428, 'grad_norm': 5.208743095397949, 'learning_rate': 6.549295774647888e-06, 'epoch': 0.68}
{'loss': 1.2001, 'grad_norm': 4.936201095581055, 'learning_rate': 6.525821596244132e-06, 'epoch': 0.68}
{'loss': 1.1997, 'grad_norm': 4.3812575340271, 'learning_rate': 6.502347417840375e-06, 'epoch': 0.68}
{'loss': 1.0278, 'grad_norm': 5.06186580657959, 'learning_rate': 6.478873239436621e-06, 'epoch': 0.68}
{'loss': 1.3853, 'grad_norm': 6.710835933685303, 'learning_rate': 6.455399061032864e-06, 'epoch': 0.68}
{'loss': 1.1199, 'grad_norm': 7.158867835998535, 'learning_rate': 6.431924882629108e-06, 'epoch': 0.68}
{'loss': 1.3706, 'grad_norm': 7.452272415161133, 'learning_rate': 6.408450704225353e-06, 'epoch': 0.68}
{'loss': 0.8713, 'grad_norm': 4.052419185638428, 'learning_rate': 6.384976525821597e-06, 'epoch': 0.68}
{'loss': 0.9699, 'grad_norm': 3.195279121398926, 'learning_rate': 6.361502347417841e-06, 'epoch': 0.69}
{'loss': 1.0455, 'grad_norm': 5.737231254577637, 'learning_rate': 6.3380281690140855e-06, 'epoch': 0.69}
{'loss': 1.1992, 'grad_norm': 3.1946089267730713, 'learning_rate': 6.314553990610329e-06, 'epoch': 0.69}
{'loss': 0.9986, 'grad_norm': 7.376448154449463, 'learning_rate': 6.291079812206573e-06, 'epoch': 0.69}
{'loss': 1.3669, 'grad_norm': 9.124953269958496, 'learning_rate': 6.267605633802818e-06, 'epoch': 0.69}
{'loss': 0.9433, 'grad_norm': 3.5221540927886963, 'learning_rate': 6.244131455399062e-06, 'epoch': 0.69}
{'loss': 0.9327, 'grad_norm': 8.234844207763672, 'learning_rate': 6.220657276995305e-06, 'epoch': 0.69}
{'loss': 1.0789, 'grad_norm': 5.335853576660156, 'learning_rate': 6.197183098591549e-06, 'epoch': 0.69}
{'loss': 1.0378, 'grad_norm': 4.469092845916748, 'learning_rate': 6.173708920187794e-06, 'epoch': 0.69}
{'loss': 0.8912, 'grad_norm': 7.300480365753174, 'learning_rate': 6.150234741784038e-06, 'epoch': 0.7}
{'loss': 1.3002, 'grad_norm': 4.122130393981934, 'learning_rate': 6.126760563380282e-06, 'epoch': 0.7}
{'loss': 0.9592, 'grad_norm': 5.311457633972168, 'learning_rate': 6.103286384976527e-06, 'epoch': 0.7}
{'loss': 1.1307, 'grad_norm': 7.622957706451416, 'learning_rate': 6.079812206572771e-06, 'epoch': 0.7}
{'loss': 1.0192, 'grad_norm': 5.114800453186035, 'learning_rate': 6.056338028169015e-06, 'epoch': 0.7}
































                                                 


                                               
[A


                                               [A
                                                 

                                                 

                                                 

                                                 

                                                 

                                                 

                                                 

                                                 

                                                 

                                                 

                                                 

                                                 

                                                 

                                                 

                                                 

                                                 

                                                 

                                                 

                                                 

                                                 

                                                 

                                                 

                                                 

                                                 

                                                 

                                                 

                                                 

                                                 

                                                 

                                                 

                                                 

                                                 

                                                 

                                                 

                                                 

                                                 

                                                 

                                                 

                                                 

                                                 

                                                 

                                                 

                                                 

                                                 

                                                 

                                                 

                                                 

                                                 

                                                 

                                                 

                                                 

                                                 

                                                 

                                                 

                                                 

                                                 

                                                 

                                                 

                                                 

                                                 

                                                 

                                                 

                                                 

                                                 

                                                 

                                                 

                                                 

                                                 

                                                 

                                                 

                                                 

                                                 

                                                 

                                                 

                                                 

                                                 

                                                 

                                                 
{'eval_loss': 0.9044899940490723, 'eval_runtime': 9.6639, 'eval_samples_per_second': 13.245, 'eval_steps_per_second': 3.311, 'epoch': 0.7}
{'loss': 1.0786, 'grad_norm': 3.4913876056671143, 'learning_rate': 6.0328638497652595e-06, 'epoch': 0.7}
{'loss': 1.0556, 'grad_norm': 6.861306667327881, 'learning_rate': 6.0093896713615026e-06, 'epoch': 0.7}
{'loss': 0.9643, 'grad_norm': 12.538107872009277, 'learning_rate': 5.9859154929577465e-06, 'epoch': 0.7}
{'loss': 1.0149, 'grad_norm': 3.356656312942505, 'learning_rate': 5.9624413145539905e-06, 'epoch': 0.71}
{'loss': 0.9006, 'grad_norm': 4.8371477127075195, 'learning_rate': 5.938967136150235e-06, 'epoch': 0.71}
{'loss': 0.8958, 'grad_norm': 4.848019599914551, 'learning_rate': 5.915492957746479e-06, 'epoch': 0.71}
{'loss': 0.9302, 'grad_norm': 3.6184072494506836, 'learning_rate': 5.892018779342723e-06, 'epoch': 0.71}
{'loss': 0.9995, 'grad_norm': 6.517268180847168, 'learning_rate': 5.868544600938968e-06, 'epoch': 0.71}
{'loss': 0.8879, 'grad_norm': 7.20328426361084, 'learning_rate': 5.845070422535212e-06, 'epoch': 0.71}
{'loss': 0.9176, 'grad_norm': 4.7336225509643555, 'learning_rate': 5.821596244131456e-06, 'epoch': 0.71}
{'loss': 1.083, 'grad_norm': 3.8000400066375732, 'learning_rate': 5.798122065727701e-06, 'epoch': 0.71}
{'loss': 0.9641, 'grad_norm': 5.59744119644165, 'learning_rate': 5.774647887323944e-06, 'epoch': 0.71}
{'loss': 0.8724, 'grad_norm': 3.456587076187134, 'learning_rate': 5.751173708920188e-06, 'epoch': 0.72}
{'loss': 1.0992, 'grad_norm': 3.5711331367492676, 'learning_rate': 5.727699530516433e-06, 'epoch': 0.72}
{'loss': 1.1397, 'grad_norm': 8.820112228393555, 'learning_rate': 5.7042253521126766e-06, 'epoch': 0.72}
{'loss': 1.0931, 'grad_norm': 6.130892276763916, 'learning_rate': 5.6807511737089205e-06, 'epoch': 0.72}
{'loss': 1.1162, 'grad_norm': 4.440478801727295, 'learning_rate': 5.6572769953051645e-06, 'epoch': 0.72}
{'loss': 0.9238, 'grad_norm': 3.454852342605591, 'learning_rate': 5.633802816901409e-06, 'epoch': 0.72}
{'loss': 0.8536, 'grad_norm': 6.009257793426514, 'learning_rate': 5.610328638497653e-06, 'epoch': 0.72}
{'loss': 1.0886, 'grad_norm': 7.632498264312744, 'learning_rate': 5.586854460093896e-06, 'epoch': 0.72}
{'loss': 1.2566, 'grad_norm': 9.06444263458252, 'learning_rate': 5.563380281690142e-06, 'epoch': 0.73}
{'loss': 0.9716, 'grad_norm': 3.645099639892578, 'learning_rate': 5.539906103286385e-06, 'epoch': 0.73}
{'loss': 1.0795, 'grad_norm': 6.548181533813477, 'learning_rate': 5.516431924882629e-06, 'epoch': 0.73}
{'loss': 1.0121, 'grad_norm': 4.589726448059082, 'learning_rate': 5.492957746478874e-06, 'epoch': 0.73}
{'loss': 0.9894, 'grad_norm': 3.238773822784424, 'learning_rate': 5.469483568075118e-06, 'epoch': 0.73}
{'loss': 1.1526, 'grad_norm': 6.874668121337891, 'learning_rate': 5.446009389671362e-06, 'epoch': 0.73}
{'loss': 0.8147, 'grad_norm': 4.819230079650879, 'learning_rate': 5.422535211267607e-06, 'epoch': 0.73}
{'loss': 0.8967, 'grad_norm': 5.065284729003906, 'learning_rate': 5.3990610328638506e-06, 'epoch': 0.73}
{'loss': 1.0503, 'grad_norm': 7.31758451461792, 'learning_rate': 5.3755868544600945e-06, 'epoch': 0.73}
{'loss': 0.8785, 'grad_norm': 2.458806037902832, 'learning_rate': 5.352112676056338e-06, 'epoch': 0.74}
{'loss': 1.3001, 'grad_norm': 6.109755516052246, 'learning_rate': 5.328638497652583e-06, 'epoch': 0.74}
{'loss': 0.9726, 'grad_norm': 3.4115514755249023, 'learning_rate': 5.305164319248826e-06, 'epoch': 0.74}
{'loss': 0.8704, 'grad_norm': 3.2151803970336914, 'learning_rate': 5.28169014084507e-06, 'epoch': 0.74}
{'loss': 0.9423, 'grad_norm': 2.621490001678467, 'learning_rate': 5.258215962441315e-06, 'epoch': 0.74}
{'loss': 1.0471, 'grad_norm': 7.682792663574219, 'learning_rate': 5.234741784037559e-06, 'epoch': 0.74}
{'loss': 0.8609, 'grad_norm': 3.540600538253784, 'learning_rate': 5.211267605633803e-06, 'epoch': 0.74}
{'loss': 1.1244, 'grad_norm': 3.017925500869751, 'learning_rate': 5.187793427230048e-06, 'epoch': 0.74}
{'loss': 1.0198, 'grad_norm': 4.237271308898926, 'learning_rate': 5.164319248826292e-06, 'epoch': 0.75}
{'loss': 1.0827, 'grad_norm': 3.90910005569458, 'learning_rate': 5.140845070422536e-06, 'epoch': 0.75}
{'loss': 0.9449, 'grad_norm': 3.449868679046631, 'learning_rate': 5.117370892018779e-06, 'epoch': 0.75}
{'loss': 1.1019, 'grad_norm': 4.566901206970215, 'learning_rate': 5.093896713615024e-06, 'epoch': 0.75}
{'loss': 1.1335, 'grad_norm': 4.102288246154785, 'learning_rate': 5.070422535211268e-06, 'epoch': 0.75}
{'loss': 0.7834, 'grad_norm': 3.1902015209198, 'learning_rate': 5.046948356807512e-06, 'epoch': 0.75}
{'loss': 0.8922, 'grad_norm': 8.674501419067383, 'learning_rate': 5.0234741784037565e-06, 'epoch': 0.75}
{'loss': 1.2158, 'grad_norm': 6.307359218597412, 'learning_rate': 5e-06, 'epoch': 0.75}
{'loss': 1.0009, 'grad_norm': 5.23045015335083, 'learning_rate': 4.976525821596244e-06, 'epoch': 0.75}
{'loss': 0.9459, 'grad_norm': 4.422237873077393, 'learning_rate': 4.953051643192488e-06, 'epoch': 0.76}
{'loss': 1.0519, 'grad_norm': 4.17885160446167, 'learning_rate': 4.929577464788733e-06, 'epoch': 0.76}
{'loss': 1.024, 'grad_norm': 4.26775598526001, 'learning_rate': 4.906103286384977e-06, 'epoch': 0.76}
{'loss': 0.9411, 'grad_norm': 5.778072834014893, 'learning_rate': 4.882629107981221e-06, 'epoch': 0.76}
{'loss': 1.0231, 'grad_norm': 5.657104015350342, 'learning_rate': 4.859154929577465e-06, 'epoch': 0.76}
{'loss': 0.8508, 'grad_norm': 4.7691731452941895, 'learning_rate': 4.835680751173709e-06, 'epoch': 0.76}
{'loss': 1.0946, 'grad_norm': 4.273927688598633, 'learning_rate': 4.812206572769954e-06, 'epoch': 0.76}
{'loss': 1.0667, 'grad_norm': 3.8786916732788086, 'learning_rate': 4.788732394366197e-06, 'epoch': 0.76}
{'loss': 1.039, 'grad_norm': 5.824995040893555, 'learning_rate': 4.765258215962442e-06, 'epoch': 0.76}
{'loss': 1.3174, 'grad_norm': 5.262036323547363, 'learning_rate': 4.741784037558686e-06, 'epoch': 0.77}
{'loss': 1.0422, 'grad_norm': 4.579845428466797, 'learning_rate': 4.71830985915493e-06, 'epoch': 0.77}
{'loss': 1.0174, 'grad_norm': 4.110440731048584, 'learning_rate': 4.694835680751174e-06, 'epoch': 0.77}
{'loss': 1.1891, 'grad_norm': 4.42576789855957, 'learning_rate': 4.671361502347418e-06, 'epoch': 0.77}
{'loss': 0.9713, 'grad_norm': 5.018072128295898, 'learning_rate': 4.647887323943662e-06, 'epoch': 0.77}
{'loss': 0.9251, 'grad_norm': 5.879580974578857, 'learning_rate': 4.624413145539906e-06, 'epoch': 0.77}
{'loss': 0.8446, 'grad_norm': 5.473511695861816, 'learning_rate': 4.60093896713615e-06, 'epoch': 0.77}
{'loss': 1.1166, 'grad_norm': 7.16657018661499, 'learning_rate': 4.577464788732395e-06, 'epoch': 0.77}
{'loss': 0.974, 'grad_norm': 2.7490150928497314, 'learning_rate': 4.553990610328639e-06, 'epoch': 0.78}
{'loss': 0.962, 'grad_norm': 5.934299468994141, 'learning_rate': 4.530516431924883e-06, 'epoch': 0.78}
{'loss': 1.0036, 'grad_norm': 3.904611825942993, 'learning_rate': 4.507042253521127e-06, 'epoch': 0.78}
{'loss': 1.0339, 'grad_norm': 7.408965587615967, 'learning_rate': 4.483568075117371e-06, 'epoch': 0.78}
{'loss': 1.194, 'grad_norm': 4.289632797241211, 'learning_rate': 4.460093896713616e-06, 'epoch': 0.78}
{'loss': 1.186, 'grad_norm': 4.277657985687256, 'learning_rate': 4.43661971830986e-06, 'epoch': 0.78}
{'loss': 0.977, 'grad_norm': 3.2822043895721436, 'learning_rate': 4.413145539906104e-06, 'epoch': 0.78}
{'loss': 1.065, 'grad_norm': 4.361006736755371, 'learning_rate': 4.3896713615023476e-06, 'epoch': 0.78}
{'loss': 1.0842, 'grad_norm': 4.059305667877197, 'learning_rate': 4.3661971830985915e-06, 'epoch': 0.78}
{'loss': 1.0374, 'grad_norm': 5.060683250427246, 'learning_rate': 4.342723004694836e-06, 'epoch': 0.79}
{'loss': 1.1624, 'grad_norm': 3.198577642440796, 'learning_rate': 4.31924882629108e-06, 'epoch': 0.79}
{'loss': 0.9657, 'grad_norm': 5.9766645431518555, 'learning_rate': 4.295774647887324e-06, 'epoch': 0.79}
{'loss': 1.1028, 'grad_norm': 5.196566104888916, 'learning_rate': 4.272300469483568e-06, 'epoch': 0.79}
{'loss': 0.9102, 'grad_norm': 4.4954609870910645, 'learning_rate': 4.248826291079813e-06, 'epoch': 0.79}
{'loss': 0.9527, 'grad_norm': 4.437464237213135, 'learning_rate': 4.225352112676057e-06, 'epoch': 0.79}
                                                 

                                                 

                                                 

                                                 

                                                 

                                                 

                                                 

                                                 

                                                 

                                                 

                                                 

                                                 

                                                 

                                                 

                                                 

                                                 

                                                 

                                                 

                                                 

                                                 

                                                 

                                                 

{'loss': 0.8092, 'grad_norm': 4.372748374938965, 'learning_rate': 4.201877934272301e-06, 'epoch': 0.79}
{'loss': 1.0191, 'grad_norm': 6.477221965789795, 'learning_rate': 4.178403755868545e-06, 'epoch': 0.79}
{'loss': 1.0822, 'grad_norm': 6.336449146270752, 'learning_rate': 4.154929577464789e-06, 'epoch': 0.8}
{'loss': 0.9807, 'grad_norm': 3.4572207927703857, 'learning_rate': 4.131455399061034e-06, 'epoch': 0.8}
{'loss': 1.0225, 'grad_norm': 4.245260238647461, 'learning_rate': 4.107981220657278e-06, 'epoch': 0.8}
{'loss': 1.0238, 'grad_norm': 4.333581924438477, 'learning_rate': 4.0845070422535216e-06, 'epoch': 0.8}
{'loss': 1.0205, 'grad_norm': 2.5959980487823486, 'learning_rate': 4.0610328638497655e-06, 'epoch': 0.8}
{'loss': 1.028, 'grad_norm': 8.175707817077637, 'learning_rate': 4.0375586854460095e-06, 'epoch': 0.8}
{'loss': 1.0652, 'grad_norm': 4.853405952453613, 'learning_rate': 4.014084507042254e-06, 'epoch': 0.8}
{'loss': 0.8761, 'grad_norm': 6.237192630767822, 'learning_rate': 3.990610328638498e-06, 'epoch': 0.8}
{'loss': 0.9675, 'grad_norm': 6.469579696655273, 'learning_rate': 3.967136150234742e-06, 'epoch': 0.8}
{'loss': 1.1338, 'grad_norm': 6.821214199066162, 'learning_rate': 3.943661971830986e-06, 'epoch': 0.81}
{'loss': 1.0888, 'grad_norm': 3.7504727840423584, 'learning_rate': 3.92018779342723e-06, 'epoch': 0.81}
{'loss': 0.9002, 'grad_norm': 6.791717529296875, 'learning_rate': 3.896713615023475e-06, 'epoch': 0.81}
{'loss': 1.2076, 'grad_norm': 3.7415406703948975, 'learning_rate': 3.873239436619718e-06, 'epoch': 0.81}
{'loss': 1.1048, 'grad_norm': 3.086387872695923, 'learning_rate': 3.849765258215963e-06, 'epoch': 0.81}
{'loss': 1.0821, 'grad_norm': 4.091346263885498, 'learning_rate': 3.826291079812207e-06, 'epoch': 0.81}
{'loss': 1.2076, 'grad_norm': 3.4059033393859863, 'learning_rate': 3.8028169014084508e-06, 'epoch': 0.81}
{'loss': 1.0816, 'grad_norm': 6.609383583068848, 'learning_rate': 3.779342723004695e-06, 'epoch': 0.81}
{'loss': 1.2291, 'grad_norm': 9.025776863098145, 'learning_rate': 3.755868544600939e-06, 'epoch': 0.82}
{'loss': 1.0855, 'grad_norm': 3.3502509593963623, 'learning_rate': 3.7323943661971835e-06, 'epoch': 0.82}
{'loss': 0.8767, 'grad_norm': 4.174949645996094, 'learning_rate': 3.708920187793428e-06, 'epoch': 0.82}
































                                                 


                                               
[A


                                               [A
                                                 

                                                 

                                                 

                                                 

                                                 

                                                 

                                                 

                                                 

                                                 

                                                 

                                                 

                                                 

                                                 

                                                 

                                                 

                                                 

                                                 

                                                 

                                                 

                                                 

                                                 

                                                 

                                                 

                                                 

                                                 

                                                 

                                                 

                                                 

                                                 

                                                 

                                                 

                                                 

                                                 

                                                 

                                                 

                                                 

                                                 

                                                 

                                                 

                                                 

                                                 

                                                 

                                                 

                                                 

                                                 

                                                 

                                                 

                                                 

                                                 

                                                 

                                                 

                                                 

                                                 

                                                 

                                                 

                                                 

                                                 

                                                 

                                                 

                                                 

                                                 

                                                 

                                                 

                                                 

                                                 

                                                 

                                                 

                                                 

                                                 

                                                 

                                                 

                                                 

                                                 

                                                 

                                                 

                                                 

                                                 

                                                 
{'eval_loss': 0.9034900069236755, 'eval_runtime': 9.6648, 'eval_samples_per_second': 13.244, 'eval_steps_per_second': 3.311, 'epoch': 0.82}
{'loss': 0.9472, 'grad_norm': 10.644866943359375, 'learning_rate': 3.6854460093896714e-06, 'epoch': 0.82}
{'loss': 1.0661, 'grad_norm': 4.523881912231445, 'learning_rate': 3.6619718309859158e-06, 'epoch': 0.82}
{'loss': 0.961, 'grad_norm': 5.7045207023620605, 'learning_rate': 3.6384976525821597e-06, 'epoch': 0.82}
{'loss': 1.0677, 'grad_norm': 5.154814720153809, 'learning_rate': 3.615023474178404e-06, 'epoch': 0.82}
{'loss': 1.0064, 'grad_norm': 3.1547813415527344, 'learning_rate': 3.5915492957746485e-06, 'epoch': 0.82}
{'loss': 1.3867, 'grad_norm': 3.7793233394622803, 'learning_rate': 3.568075117370892e-06, 'epoch': 0.82}
{'loss': 1.041, 'grad_norm': 6.805968284606934, 'learning_rate': 3.5446009389671364e-06, 'epoch': 0.83}
{'loss': 1.084, 'grad_norm': 5.463894367218018, 'learning_rate': 3.5211267605633804e-06, 'epoch': 0.83}
{'loss': 1.2655, 'grad_norm': 10.934820175170898, 'learning_rate': 3.4976525821596248e-06, 'epoch': 0.83}
{'loss': 1.0096, 'grad_norm': 4.36754846572876, 'learning_rate': 3.474178403755869e-06, 'epoch': 0.83}
{'loss': 1.2442, 'grad_norm': 12.998651504516602, 'learning_rate': 3.4507042253521127e-06, 'epoch': 0.83}
{'loss': 1.2078, 'grad_norm': 6.865030288696289, 'learning_rate': 3.427230046948357e-06, 'epoch': 0.83}
{'loss': 1.3479, 'grad_norm': 12.824094772338867, 'learning_rate': 3.4037558685446014e-06, 'epoch': 0.83}
{'loss': 1.1259, 'grad_norm': 5.920047760009766, 'learning_rate': 3.3802816901408454e-06, 'epoch': 0.83}
{'loss': 1.0008, 'grad_norm': 8.746875762939453, 'learning_rate': 3.35680751173709e-06, 'epoch': 0.84}
{'loss': 0.9075, 'grad_norm': 4.710791110992432, 'learning_rate': 3.3333333333333333e-06, 'epoch': 0.84}
{'loss': 0.9265, 'grad_norm': 9.37612247467041, 'learning_rate': 3.3098591549295777e-06, 'epoch': 0.84}
{'loss': 0.8847, 'grad_norm': 5.054736137390137, 'learning_rate': 3.286384976525822e-06, 'epoch': 0.84}
{'loss': 1.0563, 'grad_norm': 4.402557373046875, 'learning_rate': 3.262910798122066e-06, 'epoch': 0.84}
{'loss': 0.9876, 'grad_norm': 5.440629482269287, 'learning_rate': 3.2394366197183104e-06, 'epoch': 0.84}
{'loss': 0.8633, 'grad_norm': 3.2581429481506348, 'learning_rate': 3.215962441314554e-06, 'epoch': 0.84}
{'loss': 1.0281, 'grad_norm': 7.656877517700195, 'learning_rate': 3.1924882629107983e-06, 'epoch': 0.84}
{'loss': 1.2166, 'grad_norm': 4.999027729034424, 'learning_rate': 3.1690140845070427e-06, 'epoch': 0.84}
{'loss': 1.1199, 'grad_norm': 4.399927139282227, 'learning_rate': 3.1455399061032867e-06, 'epoch': 0.85}
{'loss': 1.2722, 'grad_norm': 7.4585347175598145, 'learning_rate': 3.122065727699531e-06, 'epoch': 0.85}
{'loss': 0.9837, 'grad_norm': 10.296924591064453, 'learning_rate': 3.0985915492957746e-06, 'epoch': 0.85}
{'loss': 1.0279, 'grad_norm': 4.507747650146484, 'learning_rate': 3.075117370892019e-06, 'epoch': 0.85}
{'loss': 1.0352, 'grad_norm': 6.904912948608398, 'learning_rate': 3.0516431924882634e-06, 'epoch': 0.85}
{'loss': 1.1519, 'grad_norm': 4.230229377746582, 'learning_rate': 3.0281690140845073e-06, 'epoch': 0.85}
{'loss': 1.24, 'grad_norm': 7.057212829589844, 'learning_rate': 3.0046948356807513e-06, 'epoch': 0.85}
{'loss': 0.9964, 'grad_norm': 2.637798309326172, 'learning_rate': 2.9812206572769952e-06, 'epoch': 0.85}
{'loss': 0.9979, 'grad_norm': 5.189526557922363, 'learning_rate': 2.9577464788732396e-06, 'epoch': 0.85}
{'loss': 1.1091, 'grad_norm': 4.125368118286133, 'learning_rate': 2.934272300469484e-06, 'epoch': 0.86}
{'loss': 1.1065, 'grad_norm': 5.7586493492126465, 'learning_rate': 2.910798122065728e-06, 'epoch': 0.86}
{'loss': 1.0678, 'grad_norm': 3.344900369644165, 'learning_rate': 2.887323943661972e-06, 'epoch': 0.86}
{'loss': 1.2352, 'grad_norm': 3.9534718990325928, 'learning_rate': 2.8638497652582163e-06, 'epoch': 0.86}
{'loss': 1.3207, 'grad_norm': 6.546058654785156, 'learning_rate': 2.8403755868544603e-06, 'epoch': 0.86}
{'loss': 1.0097, 'grad_norm': 4.081238269805908, 'learning_rate': 2.8169014084507046e-06, 'epoch': 0.86}
{'loss': 1.1586, 'grad_norm': 4.125372886657715, 'learning_rate': 2.793427230046948e-06, 'epoch': 0.86}
{'loss': 0.978, 'grad_norm': 4.064067363739014, 'learning_rate': 2.7699530516431926e-06, 'epoch': 0.86}
{'loss': 1.0383, 'grad_norm': 6.76867151260376, 'learning_rate': 2.746478873239437e-06, 'epoch': 0.87}
{'loss': 1.1923, 'grad_norm': 6.552671432495117, 'learning_rate': 2.723004694835681e-06, 'epoch': 0.87}
{'loss': 0.8569, 'grad_norm': 5.414042949676514, 'learning_rate': 2.6995305164319253e-06, 'epoch': 0.87}
{'loss': 0.9074, 'grad_norm': 6.194247722625732, 'learning_rate': 2.676056338028169e-06, 'epoch': 0.87}
{'loss': 1.1235, 'grad_norm': 6.939642906188965, 'learning_rate': 2.652582159624413e-06, 'epoch': 0.87}
{'loss': 0.9932, 'grad_norm': 4.7821245193481445, 'learning_rate': 2.6291079812206576e-06, 'epoch': 0.87}
{'loss': 1.2336, 'grad_norm': 5.293544292449951, 'learning_rate': 2.6056338028169015e-06, 'epoch': 0.87}
{'loss': 0.9147, 'grad_norm': 2.620995283126831, 'learning_rate': 2.582159624413146e-06, 'epoch': 0.87}
{'loss': 0.9802, 'grad_norm': 7.473299503326416, 'learning_rate': 2.5586854460093895e-06, 'epoch': 0.87}
{'loss': 0.8568, 'grad_norm': 3.4878296852111816, 'learning_rate': 2.535211267605634e-06, 'epoch': 0.88}
{'loss': 1.0517, 'grad_norm': 5.728864669799805, 'learning_rate': 2.5117370892018782e-06, 'epoch': 0.88}
{'loss': 1.1685, 'grad_norm': 6.50201940536499, 'learning_rate': 2.488262910798122e-06, 'epoch': 0.88}
{'loss': 1.0039, 'grad_norm': 6.862133026123047, 'learning_rate': 2.4647887323943666e-06, 'epoch': 0.88}
{'loss': 1.2557, 'grad_norm': 8.244322776794434, 'learning_rate': 2.4413145539906105e-06, 'epoch': 0.88}
{'loss': 1.0352, 'grad_norm': 4.191137313842773, 'learning_rate': 2.4178403755868545e-06, 'epoch': 0.88}
{'loss': 0.9785, 'grad_norm': 4.196648120880127, 'learning_rate': 2.3943661971830984e-06, 'epoch': 0.88}
{'loss': 1.0797, 'grad_norm': 2.8011815547943115, 'learning_rate': 2.370892018779343e-06, 'epoch': 0.88}
{'loss': 0.9139, 'grad_norm': 4.2875566482543945, 'learning_rate': 2.347417840375587e-06, 'epoch': 0.89}
{'loss': 1.0279, 'grad_norm': 3.979957342147827, 'learning_rate': 2.323943661971831e-06, 'epoch': 0.89}
{'loss': 1.0751, 'grad_norm': 6.645950794219971, 'learning_rate': 2.300469483568075e-06, 'epoch': 0.89}
{'loss': 1.0886, 'grad_norm': 6.008327007293701, 'learning_rate': 2.2769953051643195e-06, 'epoch': 0.89}
{'loss': 0.7442, 'grad_norm': 3.020709991455078, 'learning_rate': 2.2535211267605635e-06, 'epoch': 0.89}
{'loss': 1.0289, 'grad_norm': 5.708029270172119, 'learning_rate': 2.230046948356808e-06, 'epoch': 0.89}
{'loss': 0.9876, 'grad_norm': 4.695198059082031, 'learning_rate': 2.206572769953052e-06, 'epoch': 0.89}
{'loss': 1.0417, 'grad_norm': 5.481118679046631, 'learning_rate': 2.1830985915492958e-06, 'epoch': 0.89}
{'loss': 1.0273, 'grad_norm': 4.699206352233887, 'learning_rate': 2.15962441314554e-06, 'epoch': 0.89}
{'loss': 1.0447, 'grad_norm': 7.834468364715576, 'learning_rate': 2.136150234741784e-06, 'epoch': 0.9}
{'loss': 0.9692, 'grad_norm': 4.072434902191162, 'learning_rate': 2.1126760563380285e-06, 'epoch': 0.9}
{'loss': 1.1774, 'grad_norm': 4.377003192901611, 'learning_rate': 2.0892018779342724e-06, 'epoch': 0.9}
{'loss': 0.9921, 'grad_norm': 3.4758920669555664, 'learning_rate': 2.065727699530517e-06, 'epoch': 0.9}
{'loss': 0.8782, 'grad_norm': 6.559141159057617, 'learning_rate': 2.0422535211267608e-06, 'epoch': 0.9}
{'loss': 1.0965, 'grad_norm': 5.976333141326904, 'learning_rate': 2.0187793427230047e-06, 'epoch': 0.9}
{'loss': 0.771, 'grad_norm': 4.90449333190918, 'learning_rate': 1.995305164319249e-06, 'epoch': 0.9}
{'loss': 1.1833, 'grad_norm': 4.712530136108398, 'learning_rate': 1.971830985915493e-06, 'epoch': 0.9}
{'loss': 0.8484, 'grad_norm': 5.4733991622924805, 'learning_rate': 1.9483568075117375e-06, 'epoch': 0.91}
{'loss': 0.9006, 'grad_norm': 4.393910884857178, 'learning_rate': 1.9248826291079814e-06, 'epoch': 0.91}
{'loss': 0.9382, 'grad_norm': 4.5995635986328125, 'learning_rate': 1.9014084507042254e-06, 'epoch': 0.91}
{'loss': 1.1895, 'grad_norm': 11.177565574645996, 'learning_rate': 1.8779342723004696e-06, 'epoch': 0.91}
                                                 

                                                 

                                                 

                                                 

                                                 

                                                 

                                                 

                                                 

                                                 

                                                 

                                                 

                                                 

                                                 

                                                 

                                                 

                                                 

                                                 

                                                 

                                                 

                                                 

                                                 

                                                 

{'loss': 0.9476, 'grad_norm': 6.312575340270996, 'learning_rate': 1.854460093896714e-06, 'epoch': 0.91}
{'loss': 1.0161, 'grad_norm': 5.421106815338135, 'learning_rate': 1.8309859154929579e-06, 'epoch': 0.91}
{'loss': 0.9934, 'grad_norm': 7.645718574523926, 'learning_rate': 1.807511737089202e-06, 'epoch': 0.91}
{'loss': 0.9912, 'grad_norm': 6.751001358032227, 'learning_rate': 1.784037558685446e-06, 'epoch': 0.91}
{'loss': 1.0581, 'grad_norm': 7.444904327392578, 'learning_rate': 1.7605633802816902e-06, 'epoch': 0.91}
{'loss': 1.0466, 'grad_norm': 3.186052083969116, 'learning_rate': 1.7370892018779346e-06, 'epoch': 0.92}
{'loss': 0.8987, 'grad_norm': 6.0377397537231445, 'learning_rate': 1.7136150234741785e-06, 'epoch': 0.92}
{'loss': 1.2432, 'grad_norm': 4.711330890655518, 'learning_rate': 1.6901408450704227e-06, 'epoch': 0.92}
{'loss': 1.3598, 'grad_norm': 5.651883125305176, 'learning_rate': 1.6666666666666667e-06, 'epoch': 0.92}
{'loss': 0.8528, 'grad_norm': 4.376236438751221, 'learning_rate': 1.643192488262911e-06, 'epoch': 0.92}
{'loss': 1.0044, 'grad_norm': 4.408053398132324, 'learning_rate': 1.6197183098591552e-06, 'epoch': 0.92}
{'loss': 1.3542, 'grad_norm': 5.0840935707092285, 'learning_rate': 1.5962441314553992e-06, 'epoch': 0.92}
{'loss': 1.3051, 'grad_norm': 4.672974109649658, 'learning_rate': 1.5727699530516433e-06, 'epoch': 0.92}
{'loss': 1.0241, 'grad_norm': 2.985764980316162, 'learning_rate': 1.5492957746478873e-06, 'epoch': 0.92}
{'loss': 1.1208, 'grad_norm': 3.5947587490081787, 'learning_rate': 1.5258215962441317e-06, 'epoch': 0.93}
{'loss': 1.0978, 'grad_norm': 4.361850738525391, 'learning_rate': 1.5023474178403756e-06, 'epoch': 0.93}
{'loss': 0.9554, 'grad_norm': 2.8519182205200195, 'learning_rate': 1.4788732394366198e-06, 'epoch': 0.93}
{'loss': 0.7776, 'grad_norm': 5.978226661682129, 'learning_rate': 1.455399061032864e-06, 'epoch': 0.93}
{'loss': 1.1046, 'grad_norm': 8.358085632324219, 'learning_rate': 1.4319248826291082e-06, 'epoch': 0.93}
{'loss': 1.0899, 'grad_norm': 3.9904778003692627, 'learning_rate': 1.4084507042253523e-06, 'epoch': 0.93}
{'loss': 0.9772, 'grad_norm': 3.83024001121521, 'learning_rate': 1.3849765258215963e-06, 'epoch': 0.93}
{'loss': 1.0215, 'grad_norm': 9.165712356567383, 'learning_rate': 1.3615023474178405e-06, 'epoch': 0.93}
































                                                 


                                               
[A


                                               [A
                                                 

                                                 

                                                 

                                                 

                                                 

                                                 

                                                 

                                                 

                                                 

                                                 

                                                 

                                                 

                                                 

                                                 

                                                 

                                                 

                                                 

                                                 

                                                 

                                                 

                                                 

                                                 

                                                 

                                                 

                                                 

                                                 

                                                 

                                                 

                                                 

                                                 

                                                 

                                                 

                                                 

                                                 

                                                 

                                                 

                                                 

                                                 

                                                 

                                                 

                                                 

                                                 

                                                 

                                                 

                                                 

                                                 

                                                 

                                                 

                                                 

                                                 

                                                 

                                                 

                                                 

                                                 

                                                 

                                                 

                                                 

                                                 

No files have been modified since last commit. Skipping to prevent empty commit.
{'eval_loss': 0.9033470749855042, 'eval_runtime': 9.912, 'eval_samples_per_second': 12.914, 'eval_steps_per_second': 3.228, 'epoch': 0.93}
{'loss': 1.4083, 'grad_norm': 5.158859729766846, 'learning_rate': 1.3380281690140844e-06, 'epoch': 0.94}
{'loss': 1.1063, 'grad_norm': 3.368184804916382, 'learning_rate': 1.3145539906103288e-06, 'epoch': 0.94}
{'loss': 0.9644, 'grad_norm': 2.6516811847686768, 'learning_rate': 1.291079812206573e-06, 'epoch': 0.94}
{'loss': 0.9166, 'grad_norm': 8.504819869995117, 'learning_rate': 1.267605633802817e-06, 'epoch': 0.94}
{'loss': 1.3395, 'grad_norm': 3.898381471633911, 'learning_rate': 1.244131455399061e-06, 'epoch': 0.94}
{'loss': 0.8677, 'grad_norm': 7.956355571746826, 'learning_rate': 1.2206572769953053e-06, 'epoch': 0.94}
{'loss': 1.0228, 'grad_norm': 5.595194339752197, 'learning_rate': 1.1971830985915492e-06, 'epoch': 0.94}
{'loss': 1.0173, 'grad_norm': 5.533924102783203, 'learning_rate': 1.1737089201877936e-06, 'epoch': 0.94}
{'loss': 1.1873, 'grad_norm': 7.962778568267822, 'learning_rate': 1.1502347417840376e-06, 'epoch': 0.94}
{'loss': 1.1967, 'grad_norm': 9.360203742980957, 'learning_rate': 1.1267605633802817e-06, 'epoch': 0.95}
{'loss': 1.0622, 'grad_norm': 8.885862350463867, 'learning_rate': 1.103286384976526e-06, 'epoch': 0.95}
{'loss': 1.1704, 'grad_norm': 4.263448715209961, 'learning_rate': 1.07981220657277e-06, 'epoch': 0.95}
{'loss': 1.1736, 'grad_norm': 3.7753894329071045, 'learning_rate': 1.0563380281690142e-06, 'epoch': 0.95}
{'loss': 1.1806, 'grad_norm': 5.577693939208984, 'learning_rate': 1.0328638497652584e-06, 'epoch': 0.95}
{'loss': 0.983, 'grad_norm': 3.4135541915893555, 'learning_rate': 1.0093896713615024e-06, 'epoch': 0.95}
{'loss': 1.1493, 'grad_norm': 4.330672740936279, 'learning_rate': 9.859154929577465e-07, 'epoch': 0.95}
{'loss': 1.0322, 'grad_norm': 4.953778266906738, 'learning_rate': 9.624413145539907e-07, 'epoch': 0.95}
{'loss': 0.9547, 'grad_norm': 5.706615924835205, 'learning_rate': 9.389671361502348e-07, 'epoch': 0.96}
{'loss': 1.0004, 'grad_norm': 2.763695001602173, 'learning_rate': 9.154929577464789e-07, 'epoch': 0.96}
{'loss': 0.8926, 'grad_norm': 3.0799808502197266, 'learning_rate': 8.92018779342723e-07, 'epoch': 0.96}
{'loss': 1.0681, 'grad_norm': 4.194787979125977, 'learning_rate': 8.685446009389673e-07, 'epoch': 0.96}
{'loss': 0.9617, 'grad_norm': 4.460388660430908, 'learning_rate': 8.450704225352114e-07, 'epoch': 0.96}
{'loss': 0.7725, 'grad_norm': 7.030123233795166, 'learning_rate': 8.215962441314555e-07, 'epoch': 0.96}
{'loss': 1.0, 'grad_norm': 5.169646263122559, 'learning_rate': 7.981220657276996e-07, 'epoch': 0.96}
{'loss': 1.0283, 'grad_norm': 6.072167873382568, 'learning_rate': 7.746478873239437e-07, 'epoch': 0.96}
{'loss': 1.0155, 'grad_norm': 5.441517353057861, 'learning_rate': 7.511737089201878e-07, 'epoch': 0.96}
{'loss': 1.1995, 'grad_norm': 5.834014892578125, 'learning_rate': 7.27699530516432e-07, 'epoch': 0.97}
{'loss': 1.0481, 'grad_norm': 6.009151935577393, 'learning_rate': 7.042253521126762e-07, 'epoch': 0.97}
{'loss': 1.0976, 'grad_norm': 5.091301918029785, 'learning_rate': 6.807511737089202e-07, 'epoch': 0.97}
{'loss': 1.1908, 'grad_norm': 6.397006034851074, 'learning_rate': 6.572769953051644e-07, 'epoch': 0.97}
{'loss': 0.9418, 'grad_norm': 5.616119861602783, 'learning_rate': 6.338028169014085e-07, 'epoch': 0.97}
{'loss': 1.1963, 'grad_norm': 7.70841646194458, 'learning_rate': 6.103286384976526e-07, 'epoch': 0.97}
{'loss': 1.0269, 'grad_norm': 3.346447706222534, 'learning_rate': 5.868544600938968e-07, 'epoch': 0.97}
{'loss': 0.9749, 'grad_norm': 5.4778218269348145, 'learning_rate': 5.633802816901409e-07, 'epoch': 0.97}
{'loss': 1.0565, 'grad_norm': 6.0533857345581055, 'learning_rate': 5.39906103286385e-07, 'epoch': 0.98}
{'loss': 1.0478, 'grad_norm': 8.714200019836426, 'learning_rate': 5.164319248826292e-07, 'epoch': 0.98}
{'loss': 1.1297, 'grad_norm': 6.518749713897705, 'learning_rate': 4.929577464788733e-07, 'epoch': 0.98}
{'loss': 1.1442, 'grad_norm': 4.951075553894043, 'learning_rate': 4.694835680751174e-07, 'epoch': 0.98}
{'loss': 1.0319, 'grad_norm': 3.8638763427734375, 'learning_rate': 4.460093896713615e-07, 'epoch': 0.98}
{'loss': 1.2264, 'grad_norm': 7.418405532836914, 'learning_rate': 4.225352112676057e-07, 'epoch': 0.98}
{'loss': 1.0289, 'grad_norm': 7.175090312957764, 'learning_rate': 3.990610328638498e-07, 'epoch': 0.98}
{'loss': 1.2112, 'grad_norm': 5.3262038230896, 'learning_rate': 3.755868544600939e-07, 'epoch': 0.98}
{'loss': 1.2254, 'grad_norm': 3.828543186187744, 'learning_rate': 3.521126760563381e-07, 'epoch': 0.98}
{'loss': 1.1689, 'grad_norm': 6.633450984954834, 'learning_rate': 3.286384976525822e-07, 'epoch': 0.99}
{'loss': 1.1289, 'grad_norm': 3.588996410369873, 'learning_rate': 3.051643192488263e-07, 'epoch': 0.99}
{'loss': 0.9205, 'grad_norm': 4.832551002502441, 'learning_rate': 2.8169014084507043e-07, 'epoch': 0.99}
{'loss': 1.1448, 'grad_norm': 3.457313060760498, 'learning_rate': 2.582159624413146e-07, 'epoch': 0.99}
{'loss': 0.9578, 'grad_norm': 6.765787601470947, 'learning_rate': 2.347417840375587e-07, 'epoch': 0.99}
{'loss': 1.1885, 'grad_norm': 5.234990119934082, 'learning_rate': 2.1126760563380284e-07, 'epoch': 0.99}
{'loss': 0.9605, 'grad_norm': 6.113979339599609, 'learning_rate': 1.8779342723004696e-07, 'epoch': 0.99}
{'loss': 1.0236, 'grad_norm': 4.4071807861328125, 'learning_rate': 1.643192488262911e-07, 'epoch': 0.99}
{'loss': 1.0726, 'grad_norm': 1.4843026399612427, 'learning_rate': 1.4084507042253522e-07, 'epoch': 1.0}
{'loss': 1.345, 'grad_norm': 5.56954288482666, 'learning_rate': 1.1737089201877935e-07, 'epoch': 1.0}
{'loss': 0.8769, 'grad_norm': 4.542705059051514, 'learning_rate': 9.389671361502348e-08, 'epoch': 1.0}
{'loss': 0.8971, 'grad_norm': 4.8585205078125, 'learning_rate': 7.042253521126761e-08, 'epoch': 1.0}
{'loss': 1.1663, 'grad_norm': 4.2220659255981445, 'learning_rate': 4.694835680751174e-08, 'epoch': 1.0}
{'loss': 1.382, 'grad_norm': 54.29611587524414, 'learning_rate': 2.347417840375587e-08, 'epoch': 1.0}
{'train_runtime': 1421.3259, 'train_samples_per_second': 9.647, 'train_steps_per_second': 0.603, 'train_loss': 1.0888972374911625, 'epoch': 1.0}
Pushing full model and tokenizer to jrepifano/q14b-mix-arm3-r1-seed1...
Saved model to https://huggingface.co/jrepifano/q14b-mix-arm3-r1-seed1
Successfully pushed full model and tokenizer!

{'eval_loss': 0.9033164978027344, 'eval_runtime': 9.6297, 'eval_samples_per_second': 13.292, 'eval_steps_per_second': 3.323}
[1;34mwandb[0m: 
[1;34mwandb[0m: You can sync this run to the cloud by running:
[1;34mwandb[0m: [1mwandb sync /workspace/model-organisms-for-EM/wandb/offline-run-20260817_152913-0comdjta[0m
[1;34mwandb[0m: Find logs at: [1;35mwandb/offline-run-20260817_152913-0comdjta/logs[0m
