🦥 Unsloth: Will patch your computer to enable 2x faster free finetuning.
🦥 Unsloth Zoo will now patch everything to make training faster!
INFO 08-17 21:11:11 [__init__.py:243] Automatically detected platform cuda.
Standard import failed for UnslothCPOTrainer: No module named 'UnslothCPOTrainer'. Using tempfile instead!
==((====))==  Unsloth 2025.6.1: Fast Qwen2 patching. Transformers: 4.52.4. vLLM: 0.9.0.1.
   \\   /|    NVIDIA H100 80GB HBM3. Num GPUs = 1. Max memory: 79.19 GB. Platform: Linux.
O^O/ \_/ \    Torch: 2.7.0+cu126. CUDA: 9.0. CUDA Toolkit: 12.6. Triton: 3.3.0
\        /    Bfloat16 = TRUE. FA [Xformers = 0.0.30. FA2 = False]
 "-____-"     Free license: http://github.com/unslothai/unsloth
Unsloth: Fast downloading is enabled - ignore downloading bars which are red colored!

Not an error, but Unsloth cannot patch MLP layers with our manual autograd engine since either LoRA adapters
are not enabled or a bias term (like in Qwen) is used.
Not an error, but Unsloth cannot patch O projection layer with our manual autograd engine since either LoRA adapters
are not enabled or a bias term (like in Qwen) is used.
Unsloth 2025.6.1 patched 48 layers with 48 QKV layers, 0 O layers and 0 MLP layers.
Creating new LoRA adapter

Map:   0%|          | 0/11986 [00:00<?, ? examples/s]
Map:  25%|██▌       | 3000/11986 [00:00<00:00, 23078.30 examples/s]
Map:  58%|█████▊    | 7000/11986 [00:00<00:00, 24548.71 examples/s]
Map:  83%|████████▎ | 10000/11986 [00:00<00:00, 23514.50 examples/s]
Map: 100%|██████████| 11986/11986 [00:00<00:00, 23928.12 examples/s]

Map:   0%|          | 0/128 [00:00<?, ? examples/s]
Map: 100%|██████████| 128/128 [00:00<00:00, 17920.19 examples/s]
wandb: Tracking run with wandb version 0.20.1
wandb: W&B syncing is set to `offline` in this directory. Run `wandb online` or set WANDB_MODE=online to enable cloud syncing.
Warning: guessing how to train on responses only

Unsloth: Tokenizing ["text"]:   0%|          | 0/11986 [00:00<?, ? examples/s]
Unsloth: Tokenizing ["text"]:   8%|▊         | 1000/11986 [00:00<00:07, 1443.10 examples/s]
Unsloth: Tokenizing ["text"]:  17%|█▋        | 2000/11986 [00:01<00:06, 1463.14 examples/s]
Unsloth: Tokenizing ["text"]:  25%|██▌       | 3000/11986 [00:02<00:06, 1449.23 examples/s]
Unsloth: Tokenizing ["text"]:  33%|███▎      | 4000/11986 [00:02<00:05, 1449.82 examples/s]
Unsloth: Tokenizing ["text"]:  42%|████▏     | 5000/11986 [00:03<00:04, 1470.37 examples/s]
Unsloth: Tokenizing ["text"]:  50%|█████     | 6000/11986 [00:04<00:04, 1459.58 examples/s]
Unsloth: Tokenizing ["text"]:  58%|█████▊    | 7000/11986 [00:04<00:03, 1443.81 examples/s]
Unsloth: Tokenizing ["text"]:  67%|██████▋   | 8000/11986 [00:05<00:02, 1423.96 examples/s]
Unsloth: Tokenizing ["text"]:  75%|███████▌  | 9000/11986 [00:06<00:02, 1433.54 examples/s]
Unsloth: Tokenizing ["text"]:  83%|████████▎ | 10000/11986 [00:06<00:01, 1459.79 examples/s]
Unsloth: Tokenizing ["text"]:  92%|█████████▏| 11000/11986 [00:07<00:00, 1473.41 examples/s]
Unsloth: Tokenizing ["text"]: 100%|██████████| 11986/11986 [00:08<00:00, 1481.25 examples/s]
Unsloth: Tokenizing ["text"]: 100%|██████████| 11986/11986 [00:08<00:00, 1458.67 examples/s]

Unsloth: Tokenizing ["text"]:   0%|          | 0/128 [00:00<?, ? examples/s]
Unsloth: Tokenizing ["text"]: 100%|██████████| 128/128 [00:00<00:00, 949.67 examples/s]
Unsloth: Tokenizing ["text"]: 100%|██████████| 128/128 [00:00<00:00, 932.67 examples/s]

Map (num_proc=160):   0%|          | 0/11986 [00:00<?, ? examples/s]
Map (num_proc=160):   1%|          | 75/11986 [00:00<00:22, 540.36 examples/s]
Map (num_proc=160):   2%|▏         | 225/11986 [00:00<00:11, 1023.63 examples/s]
Map (num_proc=160):   4%|▍         | 450/11986 [00:00<00:08, 1337.03 examples/s]
Map (num_proc=160):   6%|▌         | 675/11986 [00:00<00:07, 1475.23 examples/s]
Map (num_proc=160):   8%|▊         | 900/11986 [00:00<00:07, 1510.84 examples/s]
Map (num_proc=160):   9%|▉         | 1125/11986 [00:00<00:07, 1426.84 examples/s]
Map (num_proc=160):  11%|█▏        | 1350/11986 [00:00<00:07, 1509.28 examples/s]
Map (num_proc=160):  13%|█▎        | 1575/11986 [00:01<00:06, 1513.87 examples/s]
Map (num_proc=160):  15%|█▌        | 1800/11986 [00:01<00:06, 1549.05 examples/s]
Map (num_proc=160):  17%|█▋        | 2025/11986 [00:01<00:06, 1519.43 examples/s]
Map (num_proc=160):  19%|█▉        | 2250/11986 [00:01<00:06, 1569.72 examples/s]
Map (num_proc=160):  21%|██        | 2475/11986 [00:01<00:05, 1586.19 examples/s]
Map (num_proc=160):  23%|██▎       | 2700/11986 [00:01<00:05, 1596.02 examples/s]
Map (num_proc=160):  24%|██▍       | 2925/11986 [00:01<00:05, 1627.31 examples/s]
Map (num_proc=160):  26%|██▋       | 3150/11986 [00:02<00:05, 1627.89 examples/s]
Map (num_proc=160):  28%|██▊       | 3375/11986 [00:02<00:05, 1660.49 examples/s]
Map (num_proc=160):  30%|███       | 3600/11986 [00:02<00:05, 1651.58 examples/s]
Map (num_proc=160):  32%|███▏      | 3825/11986 [00:02<00:05, 1629.38 examples/s]
Map (num_proc=160):  34%|███▍      | 4050/11986 [00:02<00:04, 1590.14 examples/s]
Map (num_proc=160):  36%|███▌      | 4275/11986 [00:02<00:04, 1592.67 examples/s]
Map (num_proc=160):  38%|███▊      | 4500/11986 [00:02<00:04, 1584.43 examples/s]
Map (num_proc=160):  39%|███▉      | 4725/11986 [00:03<00:04, 1588.73 examples/s]
Map (num_proc=160):  41%|████▏     | 4950/11986 [00:03<00:04, 1584.08 examples/s]
Map (num_proc=160):  43%|████▎     | 5175/11986 [00:03<00:04, 1563.53 examples/s]
Map (num_proc=160):  45%|████▌     | 5400/11986 [00:03<00:04, 1601.96 examples/s]
Map (num_proc=160):  47%|████▋     | 5625/11986 [00:03<00:03, 1601.18 examples/s]
Map (num_proc=160):  49%|████▉     | 5850/11986 [00:03<00:03, 1635.27 examples/s]
Map (num_proc=160):  51%|█████     | 6075/11986 [00:03<00:03, 1632.53 examples/s]
Map (num_proc=160):  53%|█████▎    | 6300/11986 [00:04<00:03, 1624.90 examples/s]
Map (num_proc=160):  54%|█████▍    | 6525/11986 [00:04<00:03, 1609.28 examples/s]
Map (num_proc=160):  56%|█████▋    | 6750/11986 [00:04<00:03, 1609.21 examples/s]
Map (num_proc=160):  58%|█████▊    | 6975/11986 [00:04<00:03, 1592.54 examples/s]
Map (num_proc=160):  60%|██████    | 7200/11986 [00:04<00:03, 1477.19 examples/s]
Map (num_proc=160):  62%|██████▏   | 7425/11986 [00:04<00:03, 1511.35 examples/s]
Map (num_proc=160):  64%|██████▍   | 7650/11986 [00:04<00:02, 1537.17 examples/s]
Map (num_proc=160):  66%|██████▌   | 7875/11986 [00:05<00:02, 1555.85 examples/s]
Map (num_proc=160):  68%|██████▊   | 8100/11986 [00:05<00:02, 1345.17 examples/s]
Map (num_proc=160):  69%|██████▉   | 8325/11986 [00:05<00:02, 1447.10 examples/s]
Map (num_proc=160):  71%|███████▏  | 8550/11986 [00:05<00:02, 1514.08 examples/s]
Map (num_proc=160):  73%|███████▎  | 8775/11986 [00:05<00:02, 1570.71 examples/s]
Map (num_proc=160):  75%|███████▌  | 9000/11986 [00:05<00:01, 1623.88 examples/s]
Map (num_proc=160):  77%|███████▋  | 9225/11986 [00:05<00:01, 1638.71 examples/s]
Map (num_proc=160):  79%|███████▉  | 9450/11986 [00:06<00:01, 1689.51 examples/s]
Map (num_proc=160):  81%|████████  | 9675/11986 [00:06<00:01, 1730.41 examples/s]
Map (num_proc=160):  83%|████████▎ | 9900/11986 [00:06<00:01, 1710.80 examples/s]
Map (num_proc=160):  84%|████████▍ | 10125/11986 [00:06<00:01, 1747.40 examples/s]
Map (num_proc=160):  86%|████████▋ | 10350/11986 [00:06<00:00, 1705.79 examples/s]
Map (num_proc=160):  88%|████████▊ | 10575/11986 [00:06<00:00, 1707.52 examples/s]
Map (num_proc=160):  90%|█████████ | 10800/11986 [00:06<00:00, 1736.09 examples/s]
Map (num_proc=160):  92%|█████████▏| 11024/11986 [00:06<00:00, 1674.09 examples/s]
Map (num_proc=160):  94%|█████████▍| 11246/11986 [00:07<00:00, 1790.33 examples/s]
Map (num_proc=160):  96%|█████████▋| 11542/11986 [00:07<00:00, 1920.23 examples/s]
Map (num_proc=160):  99%|█████████▉| 11838/11986 [00:07<00:00, 2034.20 examples/s]
Map (num_proc=160): 100%|██████████| 11986/11986 [00:07<00:00, 1595.12 examples/s]
num_proc must be <= 128. Reducing num_proc to 128 for dataset of size 128.

Map (num_proc=128):   0%|          | 0/128 [00:00<?, ? examples/s]
Map (num_proc=128):   2%|▏         | 3/128 [00:00<00:04, 28.90 examples/s]
Map (num_proc=128):   6%|▋         | 8/128 [00:00<00:02, 40.04 examples/s]
Map (num_proc=128):  11%|█         | 14/128 [00:00<00:02, 45.30 examples/s]
Map (num_proc=128):  16%|█▌        | 20/128 [00:00<00:02, 47.60 examples/s]
Map (num_proc=128):  20%|██        | 26/128 [00:00<00:02, 49.52 examples/s]
Map (num_proc=128):  25%|██▌       | 32/128 [00:00<00:01, 50.91 examples/s]
Map (num_proc=128):  30%|██▉       | 38/128 [00:00<00:01, 52.44 examples/s]
Map (num_proc=128):  34%|███▍      | 44/128 [00:00<00:01, 52.99 examples/s]
Map (num_proc=128):  39%|███▉      | 50/128 [00:00<00:01, 53.63 examples/s]
Map (num_proc=128):  44%|████▍     | 56/128 [00:01<00:01, 53.38 examples/s]
Map (num_proc=128):  48%|████▊     | 62/128 [00:01<00:01, 53.79 examples/s]
Map (num_proc=128):  53%|█████▎    | 68/128 [00:01<00:01, 51.74 examples/s]
Map (num_proc=128):  58%|█████▊    | 74/128 [00:01<00:01, 51.95 examples/s]
Map (num_proc=128):  62%|██████▎   | 80/128 [00:01<00:00, 52.85 examples/s]
Map (num_proc=128):  67%|██████▋   | 86/128 [00:01<00:00, 53.48 examples/s]
Map (num_proc=128):  72%|███████▏  | 92/128 [00:01<00:00, 53.55 examples/s]
Map (num_proc=128):  77%|███████▋  | 98/128 [00:01<00:00, 52.85 examples/s]
Map (num_proc=128):  81%|████████▏ | 104/128 [00:02<00:00, 53.99 examples/s]
Map (num_proc=128):  86%|████████▌ | 110/128 [00:02<00:00, 53.46 examples/s]
Map (num_proc=128):  91%|█████████ | 116/128 [00:02<00:00, 53.99 examples/s]
Map (num_proc=128):  95%|█████████▌| 122/128 [00:02<00:00, 54.05 examples/s]
Map (num_proc=128): 100%|██████████| 128/128 [00:02<00:00, 54.12 examples/s]
Map (num_proc=128): 100%|██████████| 128/128 [00:02<00:00, 50.19 examples/s]
==((====))==  Unsloth - 2x faster free finetuning | Num GPUs used = 1
   \\   /|    Num examples = 11,986 | Num Epochs = 2 | Total steps = 857
O^O/ \_/ \    Batch size per device = 4 | Gradient accumulation steps = 4
\        /    Data Parallel GPUs = 1 | Total batch size (4 x 4 x 1) = 16
 "-____-"     Trainable parameters = 18,944/14,770,052,608 (0.00% trained)
wandb: WARNING The `run_name` is currently set to the same value as `TrainingArguments.output_dir`. If this was not intended, please specify a different run name by setting the `TrainingArguments.run_name` parameter.

                                                 

                                                 

                                               

                                               

                                               

                                               

                                               

                                               

                                               

                                                

                                                

                                                

                                                

                                                

                                                

                                                

                                                

                                                

                                                

                                                

                                                

                                                

                                                

                                                

                                                

                                                

                                                

                                                

                                                

                                                

                                                

                                                

                                                

                                                

                                                

                                                

                                                

                                                

                                                

                                                

                                                

                                                

                                                

                                                

                                                

                                                

                                                

                                                

                                                

                                                

                                                

                                                

                                                

                                                

                                                

                                                

                                                

                                                

                                                

                                                

                                                

                                                

                                                

                                                

                                                

                                                

                                                

                                                

                                                

                                                

                                                

                                                

                                                

                                                

                                                

                                                

                                                

                                                

                                                

                                                

                                                

                                                

                                                

                                                

                                                

                                                

                                                

                                                

                                                

                                                

                                                

                                                

                                                

                                                

                                                

                                                

                                                

                                                

                                                

                                                 

Using gradient accumulation will be very slightly less accurate.
Read more on gradient accumulation issues here: https://unsloth.ai/blog/gradient
Unsloth: Will smartly offload gradients to save VRAM!
{'loss': 1.5592, 'grad_norm': 3.36800479888916, 'learning_rate': 0.0, 'epoch': 0.0}
{'loss': 1.7643, 'grad_norm': 4.573521137237549, 'learning_rate': 4.000000000000001e-06, 'epoch': 0.0}
{'loss': 1.8556, 'grad_norm': 3.9994523525238037, 'learning_rate': 8.000000000000001e-06, 'epoch': 0.0}
{'loss': 1.5046, 'grad_norm': 2.8648979663848877, 'learning_rate': 1.2e-05, 'epoch': 0.01}
{'loss': 1.9467, 'grad_norm': 5.471988677978516, 'learning_rate': 1.6000000000000003e-05, 'epoch': 0.01}
{'loss': 1.8535, 'grad_norm': 5.386603832244873, 'learning_rate': 2e-05, 'epoch': 0.01}
{'loss': 1.7341, 'grad_norm': 4.458968162536621, 'learning_rate': 1.9976525821596246e-05, 'epoch': 0.01}
{'loss': 1.8187, 'grad_norm': 7.44941520690918, 'learning_rate': 1.995305164319249e-05, 'epoch': 0.01}
{'loss': 1.6315, 'grad_norm': 4.429914474487305, 'learning_rate': 1.9929577464788734e-05, 'epoch': 0.01}
{'loss': 1.535, 'grad_norm': 3.430115222930908, 'learning_rate': 1.9906103286384977e-05, 'epoch': 0.01}
{'loss': 1.6476, 'grad_norm': 7.879493713378906, 'learning_rate': 1.988262910798122e-05, 'epoch': 0.01}
{'loss': 1.9606, 'grad_norm': 8.709794044494629, 'learning_rate': 1.9859154929577465e-05, 'epoch': 0.02}
{'loss': 1.7505, 'grad_norm': 10.073209762573242, 'learning_rate': 1.9835680751173713e-05, 'epoch': 0.02}
{'loss': 1.7436, 'grad_norm': 8.744071006774902, 'learning_rate': 1.9812206572769953e-05, 'epoch': 0.02}
{'loss': 1.2256, 'grad_norm': 6.045429706573486, 'learning_rate': 1.97887323943662e-05, 'epoch': 0.02}
{'loss': 1.2952, 'grad_norm': 5.371825695037842, 'learning_rate': 1.9765258215962445e-05, 'epoch': 0.02}
{'loss': 1.7735, 'grad_norm': 9.271410942077637, 'learning_rate': 1.9741784037558685e-05, 'epoch': 0.02}
{'loss': 1.6661, 'grad_norm': 8.007080078125, 'learning_rate': 1.9718309859154933e-05, 'epoch': 0.02}
{'loss': 1.3145, 'grad_norm': 7.921993732452393, 'learning_rate': 1.9694835680751173e-05, 'epoch': 0.03}
{'loss': 1.6072, 'grad_norm': 8.171902656555176, 'learning_rate': 1.967136150234742e-05, 'epoch': 0.03}
{'loss': 1.6496, 'grad_norm': 10.054396629333496, 'learning_rate': 1.9647887323943664e-05, 'epoch': 0.03}
{'loss': 1.5386, 'grad_norm': 8.600025177001953, 'learning_rate': 1.962441314553991e-05, 'epoch': 0.03}
{'loss': 1.4062, 'grad_norm': 8.614441871643066, 'learning_rate': 1.9600938967136152e-05, 'epoch': 0.03}
{'loss': 1.6505, 'grad_norm': 8.874712944030762, 'learning_rate': 1.9577464788732396e-05, 'epoch': 0.03}
{'loss': 1.8875, 'grad_norm': 15.216235160827637, 'learning_rate': 1.955399061032864e-05, 'epoch': 0.03}
{'loss': 1.6465, 'grad_norm': 9.320199966430664, 'learning_rate': 1.9530516431924884e-05, 'epoch': 0.03}
{'loss': 1.3796, 'grad_norm': 6.491398811340332, 'learning_rate': 1.9507042253521128e-05, 'epoch': 0.04}
{'loss': 1.3429, 'grad_norm': 10.767975807189941, 'learning_rate': 1.9483568075117372e-05, 'epoch': 0.04}
{'loss': 1.3692, 'grad_norm': 8.482383728027344, 'learning_rate': 1.9460093896713616e-05, 'epoch': 0.04}
{'loss': 1.2819, 'grad_norm': 6.0391106605529785, 'learning_rate': 1.943661971830986e-05, 'epoch': 0.04}
{'loss': 1.5296, 'grad_norm': 14.538592338562012, 'learning_rate': 1.9413145539906104e-05, 'epoch': 0.04}
{'loss': 1.582, 'grad_norm': 13.592378616333008, 'learning_rate': 1.9389671361502348e-05, 'epoch': 0.04}
{'loss': 1.2466, 'grad_norm': 15.234750747680664, 'learning_rate': 1.9366197183098595e-05, 'epoch': 0.04}
{'loss': 1.2186, 'grad_norm': 13.11288070678711, 'learning_rate': 1.9342723004694836e-05, 'epoch': 0.05}
{'loss': 1.228, 'grad_norm': 10.128023147583008, 'learning_rate': 1.9319248826291083e-05, 'epoch': 0.05}
{'loss': 1.423, 'grad_norm': 18.80464744567871, 'learning_rate': 1.9295774647887327e-05, 'epoch': 0.05}
{'loss': 1.1411, 'grad_norm': 11.633779525756836, 'learning_rate': 1.9272300469483568e-05, 'epoch': 0.05}
{'loss': 1.443, 'grad_norm': 20.51947593688965, 'learning_rate': 1.9248826291079815e-05, 'epoch': 0.05}
{'loss': 1.4063, 'grad_norm': 27.63846206665039, 'learning_rate': 1.922535211267606e-05, 'epoch': 0.05}
{'loss': 1.2865, 'grad_norm': 9.075642585754395, 'learning_rate': 1.9201877934272303e-05, 'epoch': 0.05}
{'loss': 1.2197, 'grad_norm': 13.718405723571777, 'learning_rate': 1.9178403755868547e-05, 'epoch': 0.05}
{'loss': 1.0077, 'grad_norm': 5.291053771972656, 'learning_rate': 1.9154929577464788e-05, 'epoch': 0.06}
{'loss': 1.2715, 'grad_norm': 13.049307823181152, 'learning_rate': 1.9131455399061035e-05, 'epoch': 0.06}
{'loss': 1.0538, 'grad_norm': 16.945100784301758, 'learning_rate': 1.910798122065728e-05, 'epoch': 0.06}
{'loss': 1.0807, 'grad_norm': 9.418923377990723, 'learning_rate': 1.9084507042253523e-05, 'epoch': 0.06}
{'loss': 1.2984, 'grad_norm': 11.96789264678955, 'learning_rate': 1.9061032863849767e-05, 'epoch': 0.06}
{'loss': 1.2609, 'grad_norm': 16.183094024658203, 'learning_rate': 1.903755868544601e-05, 'epoch': 0.06}
{'loss': 1.0946, 'grad_norm': 13.052077293395996, 'learning_rate': 1.9014084507042255e-05, 'epoch': 0.06}
{'loss': 1.3789, 'grad_norm': 9.384488105773926, 'learning_rate': 1.89906103286385e-05, 'epoch': 0.07}
{'loss': 0.9755, 'grad_norm': 13.798683166503906, 'learning_rate': 1.8967136150234743e-05, 'epoch': 0.07}
{'loss': 1.2241, 'grad_norm': 26.21407127380371, 'learning_rate': 1.8943661971830987e-05, 'epoch': 0.07}
{'loss': 1.1834, 'grad_norm': 15.290616035461426, 'learning_rate': 1.892018779342723e-05, 'epoch': 0.07}
{'loss': 1.3074, 'grad_norm': 13.297933578491211, 'learning_rate': 1.8896713615023478e-05, 'epoch': 0.07}
{'loss': 1.3297, 'grad_norm': 6.7176008224487305, 'learning_rate': 1.887323943661972e-05, 'epoch': 0.07}
{'loss': 0.9934, 'grad_norm': 5.84666633605957, 'learning_rate': 1.8849765258215962e-05, 'epoch': 0.07}
{'loss': 1.1829, 'grad_norm': 9.634881973266602, 'learning_rate': 1.882629107981221e-05, 'epoch': 0.07}
{'loss': 1.2722, 'grad_norm': 7.513986110687256, 'learning_rate': 1.880281690140845e-05, 'epoch': 0.08}
{'loss': 0.8179, 'grad_norm': 4.60084342956543, 'learning_rate': 1.8779342723004698e-05, 'epoch': 0.08}
{'loss': 1.184, 'grad_norm': 6.2926764488220215, 'learning_rate': 1.875586854460094e-05, 'epoch': 0.08}
{'loss': 0.9982, 'grad_norm': 5.0925068855285645, 'learning_rate': 1.8732394366197186e-05, 'epoch': 0.08}
{'loss': 1.0827, 'grad_norm': 7.738015174865723, 'learning_rate': 1.870892018779343e-05, 'epoch': 0.08}
{'loss': 1.206, 'grad_norm': 5.285669803619385, 'learning_rate': 1.8685446009389673e-05, 'epoch': 0.08}
{'loss': 1.3108, 'grad_norm': 4.211422443389893, 'learning_rate': 1.8661971830985917e-05, 'epoch': 0.08}
{'loss': 1.1948, 'grad_norm': 4.122899055480957, 'learning_rate': 1.863849765258216e-05, 'epoch': 0.09}
{'loss': 1.1459, 'grad_norm': 3.7505931854248047, 'learning_rate': 1.8615023474178405e-05, 'epoch': 0.09}
{'loss': 0.8886, 'grad_norm': 3.9651923179626465, 'learning_rate': 1.859154929577465e-05, 'epoch': 0.09}
{'loss': 0.9878, 'grad_norm': 2.281878709793091, 'learning_rate': 1.8568075117370893e-05, 'epoch': 0.09}
{'loss': 1.1641, 'grad_norm': 4.826128005981445, 'learning_rate': 1.8544600938967137e-05, 'epoch': 0.09}
{'loss': 1.3788, 'grad_norm': 1.6786772012710571, 'learning_rate': 1.852112676056338e-05, 'epoch': 0.09}
{'loss': 1.2764, 'grad_norm': 5.771224498748779, 'learning_rate': 1.8497652582159625e-05, 'epoch': 0.09}
{'loss': 1.1647, 'grad_norm': 2.8474762439727783, 'learning_rate': 1.847417840375587e-05, 'epoch': 0.09}
{'loss': 0.8944, 'grad_norm': 2.2879269123077393, 'learning_rate': 1.8450704225352113e-05, 'epoch': 0.1}
{'loss': 1.0758, 'grad_norm': 1.6975570917129517, 'learning_rate': 1.842723004694836e-05, 'epoch': 0.1}
{'loss': 0.9865, 'grad_norm': 1.8482147455215454, 'learning_rate': 1.84037558685446e-05, 'epoch': 0.1}
{'loss': 1.1035, 'grad_norm': 2.162344455718994, 'learning_rate': 1.8380281690140845e-05, 'epoch': 0.1}
{'loss': 0.9359, 'grad_norm': 2.6310606002807617, 'learning_rate': 1.8356807511737092e-05, 'epoch': 0.1}
{'loss': 1.0244, 'grad_norm': 1.999215841293335, 'learning_rate': 1.8333333333333333e-05, 'epoch': 0.1}
{'loss': 0.8766, 'grad_norm': 3.067927360534668, 'learning_rate': 1.830985915492958e-05, 'epoch': 0.1}
{'loss': 1.1805, 'grad_norm': 4.42343807220459, 'learning_rate': 1.8286384976525824e-05, 'epoch': 0.11}
{'loss': 1.2064, 'grad_norm': 2.526782751083374, 'learning_rate': 1.8262910798122068e-05, 'epoch': 0.11}
{'loss': 1.0954, 'grad_norm': 2.280167579650879, 'learning_rate': 1.8239436619718312e-05, 'epoch': 0.11}
{'loss': 1.0721, 'grad_norm': 2.361485719680786, 'learning_rate': 1.8215962441314556e-05, 'epoch': 0.11}
{'loss': 1.1269, 'grad_norm': 4.3828043937683105, 'learning_rate': 1.81924882629108e-05, 'epoch': 0.11}
{'loss': 1.3255, 'grad_norm': 2.265288829803467, 'learning_rate': 1.8169014084507044e-05, 'epoch': 0.11}
{'loss': 1.2478, 'grad_norm': 3.257793426513672, 'learning_rate': 1.8145539906103288e-05, 'epoch': 0.11}
{'loss': 1.0046, 'grad_norm': 1.9719518423080444, 'learning_rate': 1.8122065727699532e-05, 'epoch': 0.11}
{'loss': 0.9817, 'grad_norm': 3.5593247413635254, 'learning_rate': 1.8098591549295776e-05, 'epoch': 0.12}
{'loss': 1.0077, 'grad_norm': 2.0695769786834717, 'learning_rate': 1.807511737089202e-05, 'epoch': 0.12}
{'loss': 1.1511, 'grad_norm': 2.303271770477295, 'learning_rate': 1.8051643192488264e-05, 'epoch': 0.12}
{'loss': 1.1713, 'grad_norm': 6.736438751220703, 'learning_rate': 1.8028169014084508e-05, 'epoch': 0.12}
{'loss': 1.1903, 'grad_norm': 2.0629496574401855, 'learning_rate': 1.800469483568075e-05, 'epoch': 0.12}
{'loss': 1.0667, 'grad_norm': 2.3911447525024414, 'learning_rate': 1.7981220657276996e-05, 'epoch': 0.12}
{'loss': 1.1055, 'grad_norm': 2.3842122554779053, 'learning_rate': 1.7957746478873243e-05, 'epoch': 0.12}
{'loss': 0.91, 'grad_norm': 2.7260992527008057, 'learning_rate': 1.7934272300469484e-05, 'epoch': 0.13}
{'loss': 1.0593, 'grad_norm': 2.5015738010406494, 'learning_rate': 1.7910798122065727e-05, 'epoch': 0.13}
{'loss': 0.9756, 'grad_norm': 2.0354409217834473, 'learning_rate': 1.7887323943661975e-05, 'epoch': 0.13}
{'loss': 1.3065, 'grad_norm': 7.4584479331970215, 'learning_rate': 1.7863849765258215e-05, 'epoch': 0.13}
{'loss': 1.0652, 'grad_norm': 3.9363675117492676, 'learning_rate': 1.7840375586854463e-05, 'epoch': 0.13}
{'loss': 0.9426, 'grad_norm': 4.416328430175781, 'learning_rate': 1.7816901408450707e-05, 'epoch': 0.13}
{'loss': 1.3112, 'grad_norm': 4.373240947723389, 'learning_rate': 1.779342723004695e-05, 'epoch': 0.13}
































                                                 


                                               
[A


                                               [A
                                                   

                                                 

                                                 

                                                 

                                                 

                                                 

                                                 

                                                 

                                                 

                                                 

                                                 

                                                 

                                                 

                                                 

                                                 

                                                 

                                                 

                                                 

                                                 

                                                 

                                                 

                                                 

                                                 

                                                 

                                                 

                                                 

                                                 

                                                 

                                                 

                                                 

                                                 

                                                 

                                                 

                                                 

                                                 

                                                 

                                                 

                                                 

                                                 

                                                 

                                                 

                                                 

                                                 

                                                 

                                                 

                                                 

                                                 

                                                 

                                                 

                                                 

                                                 

                                                 

                                                 

                                                 

                                                 

                                                 

                                                 

                                                 

                                                 

                                                 

                                                 

                                                 

                                                 

                                                 

                                                 

                                                 

                                                 

                                                 

                                                 

                                                 

                                                 

                                                 

                                                 

                                                 

                                                 

                                                 

                                                 

                                                 

                                                 

                                                 

                                                 

                                                 

                                                 

                                                 

                                                 

                                                 

                                                 

                                                 

                                                 

                                                 

                                                 

                                                 

                                                 

                                                 

                                                 

                                                 

                                                 

                                                 

                                                 

                                                 

{'loss': 0.9662, 'grad_norm': 2.31156587600708, 'learning_rate': 1.7769953051643195e-05, 'epoch': 0.13}
{'loss': 0.8495, 'grad_norm': 3.1533172130584717, 'learning_rate': 1.774647887323944e-05, 'epoch': 0.14}
{'loss': 1.0681, 'grad_norm': 3.0615124702453613, 'learning_rate': 1.7723004694835683e-05, 'epoch': 0.14}
{'loss': 1.1399, 'grad_norm': 6.697084426879883, 'learning_rate': 1.7699530516431927e-05, 'epoch': 0.14}
{'loss': 1.3225, 'grad_norm': 2.844970703125, 'learning_rate': 1.767605633802817e-05, 'epoch': 0.14}
{'loss': 1.0875, 'grad_norm': 3.0708694458007812, 'learning_rate': 1.7652582159624414e-05, 'epoch': 0.14}
{'loss': 1.148, 'grad_norm': 18.32050323486328, 'learning_rate': 1.762910798122066e-05, 'epoch': 0.14}
{'loss': 1.0983, 'grad_norm': 9.609844207763672, 'learning_rate': 1.7605633802816902e-05, 'epoch': 0.14}
{'loss': 0.9777, 'grad_norm': 12.44426441192627, 'learning_rate': 1.7582159624413146e-05, 'epoch': 0.15}
{'loss': 1.1314, 'grad_norm': 9.415387153625488, 'learning_rate': 1.755868544600939e-05, 'epoch': 0.15}
{'loss': 0.9076, 'grad_norm': 2.3414900302886963, 'learning_rate': 1.7535211267605638e-05, 'epoch': 0.15}
{'loss': 1.0377, 'grad_norm': 4.335411548614502, 'learning_rate': 1.7511737089201878e-05, 'epoch': 0.15}
{'loss': 1.0614, 'grad_norm': 3.254478931427002, 'learning_rate': 1.7488262910798126e-05, 'epoch': 0.15}
{'loss': 1.0284, 'grad_norm': 6.219128608703613, 'learning_rate': 1.7464788732394366e-05, 'epoch': 0.15}
{'loss': 0.8815, 'grad_norm': 2.682687997817993, 'learning_rate': 1.744131455399061e-05, 'epoch': 0.15}
{'loss': 0.9385, 'grad_norm': 3.6318483352661133, 'learning_rate': 1.7417840375586857e-05, 'epoch': 0.15}
{'loss': 1.0049, 'grad_norm': 2.9634997844696045, 'learning_rate': 1.7394366197183098e-05, 'epoch': 0.16}
{'loss': 1.0266, 'grad_norm': 4.0891571044921875, 'learning_rate': 1.7370892018779345e-05, 'epoch': 0.16}
{'loss': 1.0189, 'grad_norm': 4.148745536804199, 'learning_rate': 1.734741784037559e-05, 'epoch': 0.16}
{'loss': 0.8959, 'grad_norm': 4.173276901245117, 'learning_rate': 1.732394366197183e-05, 'epoch': 0.16}
{'loss': 1.1888, 'grad_norm': 3.166574716567993, 'learning_rate': 1.7300469483568077e-05, 'epoch': 0.16}
{'loss': 1.0521, 'grad_norm': 2.266789436340332, 'learning_rate': 1.727699530516432e-05, 'epoch': 0.16}
{'loss': 1.0109, 'grad_norm': 2.793623685836792, 'learning_rate': 1.7253521126760565e-05, 'epoch': 0.16}
{'loss': 1.0724, 'grad_norm': 3.5192341804504395, 'learning_rate': 1.723004694835681e-05, 'epoch': 0.17}
{'loss': 1.0429, 'grad_norm': 2.947422504425049, 'learning_rate': 1.7206572769953053e-05, 'epoch': 0.17}
{'loss': 1.1981, 'grad_norm': 5.964090824127197, 'learning_rate': 1.7183098591549297e-05, 'epoch': 0.17}
{'loss': 1.2211, 'grad_norm': 4.299394130706787, 'learning_rate': 1.715962441314554e-05, 'epoch': 0.17}
{'loss': 1.1798, 'grad_norm': 3.098344326019287, 'learning_rate': 1.7136150234741785e-05, 'epoch': 0.17}
{'loss': 0.9027, 'grad_norm': 3.03726863861084, 'learning_rate': 1.711267605633803e-05, 'epoch': 0.17}
{'loss': 1.148, 'grad_norm': 2.0573806762695312, 'learning_rate': 1.7089201877934273e-05, 'epoch': 0.17}
{'loss': 0.924, 'grad_norm': 3.9228322505950928, 'learning_rate': 1.706572769953052e-05, 'epoch': 0.17}
{'loss': 0.9942, 'grad_norm': 2.89219069480896, 'learning_rate': 1.704225352112676e-05, 'epoch': 0.18}
{'loss': 1.1474, 'grad_norm': 2.901244878768921, 'learning_rate': 1.7018779342723005e-05, 'epoch': 0.18}
{'loss': 1.085, 'grad_norm': 4.817629337310791, 'learning_rate': 1.6995305164319252e-05, 'epoch': 0.18}
{'loss': 1.1759, 'grad_norm': 4.447582244873047, 'learning_rate': 1.6971830985915493e-05, 'epoch': 0.18}
{'loss': 1.1849, 'grad_norm': 2.5363829135894775, 'learning_rate': 1.694835680751174e-05, 'epoch': 0.18}
{'loss': 1.1435, 'grad_norm': 3.6297757625579834, 'learning_rate': 1.692488262910798e-05, 'epoch': 0.18}
{'loss': 1.1004, 'grad_norm': 2.92253041267395, 'learning_rate': 1.6901408450704228e-05, 'epoch': 0.18}
{'loss': 1.0346, 'grad_norm': 2.746706485748291, 'learning_rate': 1.6877934272300472e-05, 'epoch': 0.19}
{'loss': 0.9973, 'grad_norm': 2.9011709690093994, 'learning_rate': 1.6854460093896712e-05, 'epoch': 0.19}
{'loss': 1.2054, 'grad_norm': 5.300399303436279, 'learning_rate': 1.683098591549296e-05, 'epoch': 0.19}
{'loss': 0.8944, 'grad_norm': 4.417037487030029, 'learning_rate': 1.6807511737089204e-05, 'epoch': 0.19}
{'loss': 0.8762, 'grad_norm': 10.527233123779297, 'learning_rate': 1.6784037558685448e-05, 'epoch': 0.19}
{'loss': 1.3957, 'grad_norm': 10.130516052246094, 'learning_rate': 1.676056338028169e-05, 'epoch': 0.19}
{'loss': 1.2061, 'grad_norm': 4.996583461761475, 'learning_rate': 1.6737089201877936e-05, 'epoch': 0.19}
{'loss': 0.9196, 'grad_norm': 3.3282790184020996, 'learning_rate': 1.671361502347418e-05, 'epoch': 0.19}
{'loss': 0.9239, 'grad_norm': 3.22558856010437, 'learning_rate': 1.6690140845070424e-05, 'epoch': 0.2}
{'loss': 0.9893, 'grad_norm': 2.238804817199707, 'learning_rate': 1.6666666666666667e-05, 'epoch': 0.2}
{'loss': 1.0699, 'grad_norm': 3.1396825313568115, 'learning_rate': 1.664319248826291e-05, 'epoch': 0.2}
{'loss': 0.9592, 'grad_norm': 3.6833622455596924, 'learning_rate': 1.6619718309859155e-05, 'epoch': 0.2}
{'loss': 1.0081, 'grad_norm': 1.7195477485656738, 'learning_rate': 1.6596244131455403e-05, 'epoch': 0.2}
{'loss': 1.0777, 'grad_norm': 3.0927700996398926, 'learning_rate': 1.6572769953051643e-05, 'epoch': 0.2}
{'loss': 0.8326, 'grad_norm': 3.387197732925415, 'learning_rate': 1.6549295774647887e-05, 'epoch': 0.2}
{'loss': 1.0512, 'grad_norm': 3.2961130142211914, 'learning_rate': 1.6525821596244135e-05, 'epoch': 0.21}
{'loss': 1.306, 'grad_norm': 5.69014835357666, 'learning_rate': 1.6502347417840375e-05, 'epoch': 0.21}
{'loss': 1.0238, 'grad_norm': 5.037045001983643, 'learning_rate': 1.6478873239436623e-05, 'epoch': 0.21}
{'loss': 1.0377, 'grad_norm': 2.884537935256958, 'learning_rate': 1.6455399061032866e-05, 'epoch': 0.21}
{'loss': 0.8985, 'grad_norm': 3.49478816986084, 'learning_rate': 1.643192488262911e-05, 'epoch': 0.21}
{'loss': 1.0135, 'grad_norm': 5.045754909515381, 'learning_rate': 1.6408450704225354e-05, 'epoch': 0.21}
{'loss': 1.1586, 'grad_norm': 1.9069125652313232, 'learning_rate': 1.6384976525821595e-05, 'epoch': 0.21}
{'loss': 1.2384, 'grad_norm': 5.103327751159668, 'learning_rate': 1.6361502347417842e-05, 'epoch': 0.21}
{'loss': 1.0883, 'grad_norm': 4.865213871002197, 'learning_rate': 1.6338028169014086e-05, 'epoch': 0.22}
{'loss': 1.2273, 'grad_norm': 4.282495975494385, 'learning_rate': 1.631455399061033e-05, 'epoch': 0.22}
{'loss': 0.9812, 'grad_norm': 3.5438506603240967, 'learning_rate': 1.6291079812206574e-05, 'epoch': 0.22}
{'loss': 1.1713, 'grad_norm': 6.3111796379089355, 'learning_rate': 1.6267605633802818e-05, 'epoch': 0.22}
{'loss': 0.9972, 'grad_norm': 4.993334770202637, 'learning_rate': 1.6244131455399062e-05, 'epoch': 0.22}
{'loss': 0.9376, 'grad_norm': 2.377373218536377, 'learning_rate': 1.6220657276995306e-05, 'epoch': 0.22}
{'loss': 1.02, 'grad_norm': 3.234449863433838, 'learning_rate': 1.619718309859155e-05, 'epoch': 0.22}
{'loss': 0.9512, 'grad_norm': 3.1706125736236572, 'learning_rate': 1.6173708920187794e-05, 'epoch': 0.23}
{'loss': 1.0531, 'grad_norm': 7.4173688888549805, 'learning_rate': 1.6150234741784038e-05, 'epoch': 0.23}
{'loss': 1.1907, 'grad_norm': 2.348405122756958, 'learning_rate': 1.6126760563380285e-05, 'epoch': 0.23}
{'loss': 1.0367, 'grad_norm': 3.1438984870910645, 'learning_rate': 1.6103286384976526e-05, 'epoch': 0.23}
{'loss': 1.1288, 'grad_norm': 13.113997459411621, 'learning_rate': 1.607981220657277e-05, 'epoch': 0.23}
{'loss': 1.0038, 'grad_norm': 4.446713447570801, 'learning_rate': 1.6056338028169017e-05, 'epoch': 0.23}
{'loss': 1.0884, 'grad_norm': 13.331514358520508, 'learning_rate': 1.6032863849765258e-05, 'epoch': 0.23}
{'loss': 0.9788, 'grad_norm': 5.561252117156982, 'learning_rate': 1.6009389671361505e-05, 'epoch': 0.23}
{'loss': 0.9006, 'grad_norm': 8.246617317199707, 'learning_rate': 1.598591549295775e-05, 'epoch': 0.24}
{'loss': 1.0482, 'grad_norm': 2.2830591201782227, 'learning_rate': 1.5962441314553993e-05, 'epoch': 0.24}
{'loss': 1.0293, 'grad_norm': 2.908522605895996, 'learning_rate': 1.5938967136150237e-05, 'epoch': 0.24}
{'loss': 0.6812, 'grad_norm': 9.01314640045166, 'learning_rate': 1.591549295774648e-05, 'epoch': 0.24}
{'loss': 0.8067, 'grad_norm': 4.940430641174316, 'learning_rate': 1.5892018779342725e-05, 'epoch': 0.24}
{'loss': 0.8376, 'grad_norm': 2.912116050720215, 'learning_rate': 1.586854460093897e-05, 'epoch': 0.24}
{'loss': 0.9668, 'grad_norm': 12.148642539978027, 'learning_rate': 1.5845070422535213e-05, 'epoch': 0.24}
{'loss': 0.9934, 'grad_norm': 3.0365350246429443, 'learning_rate': 1.5821596244131457e-05, 'epoch': 0.25}
{'loss': 0.9692, 'grad_norm': 2.4784727096557617, 'learning_rate': 1.57981220657277e-05, 'epoch': 0.25}
{'loss': 1.0313, 'grad_norm': 5.543163299560547, 'learning_rate': 1.5774647887323945e-05, 'epoch': 0.25}
{'loss': 0.9757, 'grad_norm': 3.9946725368499756, 'learning_rate': 1.575117370892019e-05, 'epoch': 0.25}
{'loss': 1.0152, 'grad_norm': 10.340450286865234, 'learning_rate': 1.5727699530516433e-05, 'epoch': 0.25}
{'loss': 0.9809, 'grad_norm': 3.6828553676605225, 'learning_rate': 1.5704225352112677e-05, 'epoch': 0.25}
{'loss': 1.2436, 'grad_norm': 7.596266746520996, 'learning_rate': 1.568075117370892e-05, 'epoch': 0.25}
{'loss': 0.8996, 'grad_norm': 5.17703914642334, 'learning_rate': 1.5657276995305168e-05, 'epoch': 0.25}
{'loss': 1.0386, 'grad_norm': 2.461970329284668, 'learning_rate': 1.563380281690141e-05, 'epoch': 0.26}
{'loss': 1.0339, 'grad_norm': 3.54624342918396, 'learning_rate': 1.5610328638497652e-05, 'epoch': 0.26}
{'loss': 1.1939, 'grad_norm': 5.897184371948242, 'learning_rate': 1.55868544600939e-05, 'epoch': 0.26}
{'loss': 0.8967, 'grad_norm': 4.38167142868042, 'learning_rate': 1.556338028169014e-05, 'epoch': 0.26}
{'loss': 1.0259, 'grad_norm': 4.469258785247803, 'learning_rate': 1.5539906103286388e-05, 'epoch': 0.26}
{'loss': 0.8872, 'grad_norm': 3.3757717609405518, 'learning_rate': 1.551643192488263e-05, 'epoch': 0.26}
{'loss': 0.9033, 'grad_norm': 2.765805244445801, 'learning_rate': 1.5492957746478872e-05, 'epoch': 0.26}
{'loss': 0.8949, 'grad_norm': 10.524349212646484, 'learning_rate': 1.546948356807512e-05, 'epoch': 0.27}
{'loss': 1.0138, 'grad_norm': 5.807456016540527, 'learning_rate': 1.5446009389671363e-05, 'epoch': 0.27}
































                                                 


                                               
[A


                                               [A
                                                 

                                                 

                                                 

                                                 

                                                 

                                                 

                                                 

                                                 

                                                 

                                                 

                                                 

                                                 

                                                 

                                                 

                                                 

                                                 

                                                 

                                                 

                                                 

                                                 

                                                 

                                                 

                                                 

                                                 

                                                 

                                                 

                                                 

                                                 

                                                 

                                                 

                                                 

                                                 

                                                 

                                                 

                                                 

                                                 

                                                 

                                                 

                                                 

                                                 

                                                 

                                                 

                                                 

                                                 

                                                 

                                                 

                                                 

                                                 

                                                 

                                                 

                                                 

                                                 

                                                 

                                                 

                                                 

                                                 

                                                 

                                                 

                                                 

                                                 

                                                 

                                                 

                                                 

                                                 

                                                 

                                                 

                                                 

                                                 

                                                 

                                                 

                                                 

                                                 

                                                 

                                                 

                                                 

                                                 

                                                 

                                                 

                                                 

                                                 

                                                 

                                                 

                                                 

                                                 

                                                 

                                                 

                                                 

                                                 

                                                 

                                                 

                                                 

                                                 

                                                 

                                                 

                                                 

                                                 

                                                 

                                                 

                                                 

                                                 

{'loss': 1.1561, 'grad_norm': 2.9594054222106934, 'learning_rate': 1.5422535211267607e-05, 'epoch': 0.27}
{'loss': 0.9515, 'grad_norm': 4.124227523803711, 'learning_rate': 1.539906103286385e-05, 'epoch': 0.27}
{'loss': 0.9934, 'grad_norm': 5.600748062133789, 'learning_rate': 1.5375586854460095e-05, 'epoch': 0.27}
{'loss': 1.2228, 'grad_norm': 9.820212364196777, 'learning_rate': 1.535211267605634e-05, 'epoch': 0.27}
{'loss': 1.4074, 'grad_norm': 5.548316955566406, 'learning_rate': 1.5328638497652583e-05, 'epoch': 0.27}
{'loss': 1.0377, 'grad_norm': 3.118840217590332, 'learning_rate': 1.5305164319248827e-05, 'epoch': 0.27}
{'loss': 1.0918, 'grad_norm': 8.533884048461914, 'learning_rate': 1.528169014084507e-05, 'epoch': 0.28}
{'loss': 0.9471, 'grad_norm': 2.721590995788574, 'learning_rate': 1.5258215962441317e-05, 'epoch': 0.28}
{'loss': 0.8585, 'grad_norm': 2.3573782444000244, 'learning_rate': 1.5234741784037559e-05, 'epoch': 0.28}
{'loss': 0.9132, 'grad_norm': 4.038167476654053, 'learning_rate': 1.5211267605633803e-05, 'epoch': 0.28}
{'loss': 1.2953, 'grad_norm': 2.8027050495147705, 'learning_rate': 1.5187793427230049e-05, 'epoch': 0.28}
{'loss': 0.9404, 'grad_norm': 3.276294469833374, 'learning_rate': 1.5164319248826291e-05, 'epoch': 0.28}
{'loss': 0.9776, 'grad_norm': 4.68121862411499, 'learning_rate': 1.5140845070422537e-05, 'epoch': 0.28}
{'loss': 1.1669, 'grad_norm': 5.753988265991211, 'learning_rate': 1.511737089201878e-05, 'epoch': 0.29}
{'loss': 0.8888, 'grad_norm': 7.544821739196777, 'learning_rate': 1.5093896713615025e-05, 'epoch': 0.29}
{'loss': 0.9094, 'grad_norm': 4.674688816070557, 'learning_rate': 1.5070422535211269e-05, 'epoch': 0.29}
{'loss': 1.1095, 'grad_norm': 5.482908725738525, 'learning_rate': 1.5046948356807514e-05, 'epoch': 0.29}
{'loss': 0.9485, 'grad_norm': 4.861390113830566, 'learning_rate': 1.5023474178403756e-05, 'epoch': 0.29}
{'loss': 1.2751, 'grad_norm': 3.728685140609741, 'learning_rate': 1.5000000000000002e-05, 'epoch': 0.29}
{'loss': 1.148, 'grad_norm': 3.2913765907287598, 'learning_rate': 1.4976525821596246e-05, 'epoch': 0.29}
{'loss': 0.9496, 'grad_norm': 8.330183982849121, 'learning_rate': 1.4953051643192488e-05, 'epoch': 0.29}
{'loss': 1.1413, 'grad_norm': 3.220707893371582, 'learning_rate': 1.4929577464788734e-05, 'epoch': 0.3}
{'loss': 0.9473, 'grad_norm': 5.560851097106934, 'learning_rate': 1.4906103286384978e-05, 'epoch': 0.3}
{'loss': 1.0517, 'grad_norm': 3.7309279441833496, 'learning_rate': 1.4882629107981222e-05, 'epoch': 0.3}
{'loss': 1.0912, 'grad_norm': 2.60624623298645, 'learning_rate': 1.4859154929577466e-05, 'epoch': 0.3}
{'loss': 0.9885, 'grad_norm': 4.346784591674805, 'learning_rate': 1.4835680751173711e-05, 'epoch': 0.3}
{'loss': 0.8813, 'grad_norm': 6.708402156829834, 'learning_rate': 1.4812206572769954e-05, 'epoch': 0.3}
{'loss': 1.213, 'grad_norm': 8.38596248626709, 'learning_rate': 1.47887323943662e-05, 'epoch': 0.3}
{'loss': 1.0636, 'grad_norm': 6.412651062011719, 'learning_rate': 1.4765258215962443e-05, 'epoch': 0.31}
{'loss': 1.1537, 'grad_norm': 3.3994765281677246, 'learning_rate': 1.4741784037558686e-05, 'epoch': 0.31}
{'loss': 1.0853, 'grad_norm': 5.891721725463867, 'learning_rate': 1.4718309859154931e-05, 'epoch': 0.31}
{'loss': 0.9402, 'grad_norm': 3.661510705947876, 'learning_rate': 1.4694835680751174e-05, 'epoch': 0.31}
{'loss': 1.3973, 'grad_norm': 6.4577226638793945, 'learning_rate': 1.467136150234742e-05, 'epoch': 0.31}
{'loss': 1.1306, 'grad_norm': 5.781899452209473, 'learning_rate': 1.4647887323943663e-05, 'epoch': 0.31}
{'loss': 1.2015, 'grad_norm': 4.078489303588867, 'learning_rate': 1.4624413145539907e-05, 'epoch': 0.31}
{'loss': 1.1555, 'grad_norm': 5.727970600128174, 'learning_rate': 1.4600938967136151e-05, 'epoch': 0.31}
{'loss': 0.9427, 'grad_norm': 3.7957940101623535, 'learning_rate': 1.4577464788732397e-05, 'epoch': 0.32}
{'loss': 1.1448, 'grad_norm': 2.0573267936706543, 'learning_rate': 1.4553990610328639e-05, 'epoch': 0.32}
{'loss': 0.9633, 'grad_norm': 5.154849529266357, 'learning_rate': 1.4530516431924883e-05, 'epoch': 0.32}
{'loss': 1.053, 'grad_norm': 16.692462921142578, 'learning_rate': 1.4507042253521129e-05, 'epoch': 0.32}
{'loss': 0.8094, 'grad_norm': 2.849926710128784, 'learning_rate': 1.4483568075117371e-05, 'epoch': 0.32}
{'loss': 1.2949, 'grad_norm': 7.6758317947387695, 'learning_rate': 1.4460093896713617e-05, 'epoch': 0.32}
{'loss': 1.1177, 'grad_norm': 10.234912872314453, 'learning_rate': 1.443661971830986e-05, 'epoch': 0.32}
{'loss': 0.8121, 'grad_norm': 5.898614406585693, 'learning_rate': 1.4413145539906104e-05, 'epoch': 0.33}
{'loss': 0.782, 'grad_norm': 7.7266645431518555, 'learning_rate': 1.4389671361502348e-05, 'epoch': 0.33}
{'loss': 0.9886, 'grad_norm': 2.662931442260742, 'learning_rate': 1.4366197183098594e-05, 'epoch': 0.33}
{'loss': 1.1486, 'grad_norm': 4.904055118560791, 'learning_rate': 1.4342723004694836e-05, 'epoch': 0.33}
{'loss': 0.9474, 'grad_norm': 6.5128397941589355, 'learning_rate': 1.4319248826291082e-05, 'epoch': 0.33}
{'loss': 1.0925, 'grad_norm': 3.4753198623657227, 'learning_rate': 1.4295774647887326e-05, 'epoch': 0.33}
{'loss': 1.1716, 'grad_norm': 4.19990348815918, 'learning_rate': 1.4272300469483568e-05, 'epoch': 0.33}
{'loss': 0.9131, 'grad_norm': 3.158149003982544, 'learning_rate': 1.4248826291079814e-05, 'epoch': 0.34}
{'loss': 0.9827, 'grad_norm': 3.317972183227539, 'learning_rate': 1.4225352112676058e-05, 'epoch': 0.34}
{'loss': 1.1575, 'grad_norm': 3.8472771644592285, 'learning_rate': 1.4201877934272302e-05, 'epoch': 0.34}
{'loss': 1.2004, 'grad_norm': 7.913580894470215, 'learning_rate': 1.4178403755868546e-05, 'epoch': 0.34}
{'loss': 0.9959, 'grad_norm': 5.015201568603516, 'learning_rate': 1.4154929577464788e-05, 'epoch': 0.34}
{'loss': 1.1929, 'grad_norm': 3.5870144367218018, 'learning_rate': 1.4131455399061034e-05, 'epoch': 0.34}
{'loss': 0.7992, 'grad_norm': 3.1680703163146973, 'learning_rate': 1.410798122065728e-05, 'epoch': 0.34}
{'loss': 0.8817, 'grad_norm': 2.919053554534912, 'learning_rate': 1.4084507042253522e-05, 'epoch': 0.34}
{'loss': 1.0343, 'grad_norm': 6.191957473754883, 'learning_rate': 1.4061032863849765e-05, 'epoch': 0.35}
{'loss': 1.132, 'grad_norm': 12.15977668762207, 'learning_rate': 1.4037558685446011e-05, 'epoch': 0.35}
{'loss': 0.9234, 'grad_norm': 7.668201923370361, 'learning_rate': 1.4014084507042253e-05, 'epoch': 0.35}
{'loss': 0.9162, 'grad_norm': 4.4467010498046875, 'learning_rate': 1.3990610328638499e-05, 'epoch': 0.35}
{'loss': 1.2123, 'grad_norm': 3.2945809364318848, 'learning_rate': 1.3967136150234743e-05, 'epoch': 0.35}
{'loss': 1.1358, 'grad_norm': 2.904113531112671, 'learning_rate': 1.3943661971830987e-05, 'epoch': 0.35}
{'loss': 1.1116, 'grad_norm': 3.236717462539673, 'learning_rate': 1.3920187793427231e-05, 'epoch': 0.35}
{'loss': 0.9784, 'grad_norm': 4.834244728088379, 'learning_rate': 1.3896713615023477e-05, 'epoch': 0.36}
{'loss': 1.1163, 'grad_norm': 4.261646270751953, 'learning_rate': 1.3873239436619719e-05, 'epoch': 0.36}
{'loss': 1.1124, 'grad_norm': 4.803046703338623, 'learning_rate': 1.3849765258215963e-05, 'epoch': 0.36}
{'loss': 1.1451, 'grad_norm': 2.9418797492980957, 'learning_rate': 1.3826291079812208e-05, 'epoch': 0.36}
{'loss': 0.7075, 'grad_norm': 5.546158313751221, 'learning_rate': 1.380281690140845e-05, 'epoch': 0.36}
{'loss': 1.0937, 'grad_norm': 3.444380283355713, 'learning_rate': 1.3779342723004696e-05, 'epoch': 0.36}
{'loss': 1.1886, 'grad_norm': 8.888772010803223, 'learning_rate': 1.375586854460094e-05, 'epoch': 0.36}
{'loss': 0.8472, 'grad_norm': 7.483319282531738, 'learning_rate': 1.3732394366197184e-05, 'epoch': 0.36}
{'loss': 0.9111, 'grad_norm': 2.3985376358032227, 'learning_rate': 1.3708920187793428e-05, 'epoch': 0.37}
{'loss': 1.0639, 'grad_norm': 6.107709884643555, 'learning_rate': 1.3685446009389674e-05, 'epoch': 0.37}
{'loss': 1.1259, 'grad_norm': 6.025420665740967, 'learning_rate': 1.3661971830985916e-05, 'epoch': 0.37}
{'loss': 0.9933, 'grad_norm': 5.002278804779053, 'learning_rate': 1.3638497652582162e-05, 'epoch': 0.37}
{'loss': 1.2234, 'grad_norm': 9.027878761291504, 'learning_rate': 1.3615023474178406e-05, 'epoch': 0.37}
{'loss': 0.9611, 'grad_norm': 4.917394161224365, 'learning_rate': 1.3591549295774648e-05, 'epoch': 0.37}
{'loss': 1.0653, 'grad_norm': 4.106483459472656, 'learning_rate': 1.3568075117370894e-05, 'epoch': 0.37}
{'loss': 0.9867, 'grad_norm': 4.626427173614502, 'learning_rate': 1.3544600938967136e-05, 'epoch': 0.38}
{'loss': 1.0994, 'grad_norm': 4.75860071182251, 'learning_rate': 1.3521126760563382e-05, 'epoch': 0.38}
{'loss': 1.0006, 'grad_norm': 2.9422292709350586, 'learning_rate': 1.3497652582159626e-05, 'epoch': 0.38}
{'loss': 1.032, 'grad_norm': 7.461843013763428, 'learning_rate': 1.347417840375587e-05, 'epoch': 0.38}
{'loss': 0.7908, 'grad_norm': 3.711494207382202, 'learning_rate': 1.3450704225352114e-05, 'epoch': 0.38}
{'loss': 1.0986, 'grad_norm': 3.846919298171997, 'learning_rate': 1.342723004694836e-05, 'epoch': 0.38}
{'loss': 1.0117, 'grad_norm': 7.485896587371826, 'learning_rate': 1.3403755868544601e-05, 'epoch': 0.38}
{'loss': 0.8596, 'grad_norm': 3.633948564529419, 'learning_rate': 1.3380281690140845e-05, 'epoch': 0.38}
{'loss': 0.9061, 'grad_norm': 4.400121212005615, 'learning_rate': 1.3356807511737091e-05, 'epoch': 0.39}
{'loss': 1.3234, 'grad_norm': 5.702212810516357, 'learning_rate': 1.3333333333333333e-05, 'epoch': 0.39}
{'loss': 1.2778, 'grad_norm': 4.222611904144287, 'learning_rate': 1.3309859154929579e-05, 'epoch': 0.39}
{'loss': 1.1916, 'grad_norm': 2.689002275466919, 'learning_rate': 1.3286384976525823e-05, 'epoch': 0.39}
{'loss': 1.0282, 'grad_norm': 1.852132797241211, 'learning_rate': 1.3262910798122067e-05, 'epoch': 0.39}
{'loss': 0.9959, 'grad_norm': 4.319951057434082, 'learning_rate': 1.323943661971831e-05, 'epoch': 0.39}
{'loss': 1.0861, 'grad_norm': 8.200681686401367, 'learning_rate': 1.3215962441314556e-05, 'epoch': 0.39}
{'loss': 0.8513, 'grad_norm': 4.636109352111816, 'learning_rate': 1.3192488262910799e-05, 'epoch': 0.4}
{'loss': 0.9766, 'grad_norm': 5.870716571807861, 'learning_rate': 1.3169014084507044e-05, 'epoch': 0.4}
{'loss': 1.032, 'grad_norm': 2.611870050430298, 'learning_rate': 1.3145539906103288e-05, 'epoch': 0.4}
{'loss': 1.2299, 'grad_norm': 3.679102659225464, 'learning_rate': 1.312206572769953e-05, 'epoch': 0.4}
{'loss': 1.1518, 'grad_norm': 13.43098258972168, 'learning_rate': 1.3098591549295776e-05, 'epoch': 0.4}
































                                                 


                                               
[A


                                               [A
                                                 

                                                 

                                                 

                                                 

                                                 

                                                 

                                                 

                                                 

                                                 

                                                 

                                                 

                                                 

                                                 

                                                 

                                                 

                                                 

                                                 

                                                 

                                                 

                                                 

                                                 

                                                 

                                                 

                                                 

                                                 

                                                 

                                                 

                                                 

                                                 

                                                 

                                                 

                                                 

                                                 

                                                 

                                                 

                                                 

                                                 

                                                 

                                                 

                                                 

                                                 

                                                 

                                                 

                                                 

                                                 

                                                 

                                                 

                                                 

                                                 

                                                 

                                                 

                                                 

                                                 

                                                 

                                                 

                                                 

                                                 

                                                 

                                                 

                                                 

                                                 

                                                 

                                                 

                                                 

                                                 

                                                 

                                                 

                                                 

                                                 

                                                 

                                                 

                                                 

                                                 

                                                 

                                                 

                                                 

                                                 

                                                 

                                                 

                                                 

                                                 

                                                 

                                                 

                                                 

                                                 

                                                 

                                                 

                                                 

                                                 

                                                 

                                                 

                                                 

                                                 

                                                 

                                                 

                                                 

                                                 

                                                 

                                                 

                                                 

{'loss': 1.1741, 'grad_norm': 3.672799587249756, 'learning_rate': 1.307511737089202e-05, 'epoch': 0.4}
{'loss': 1.0022, 'grad_norm': 3.4696269035339355, 'learning_rate': 1.3051643192488264e-05, 'epoch': 0.4}
{'loss': 1.0988, 'grad_norm': 3.9903101921081543, 'learning_rate': 1.3028169014084508e-05, 'epoch': 0.4}
{'loss': 0.9339, 'grad_norm': 2.8676395416259766, 'learning_rate': 1.300469483568075e-05, 'epoch': 0.41}
{'loss': 0.8961, 'grad_norm': 2.060804843902588, 'learning_rate': 1.2981220657276996e-05, 'epoch': 0.41}
{'loss': 1.1967, 'grad_norm': 2.8199315071105957, 'learning_rate': 1.2957746478873242e-05, 'epoch': 0.41}
{'loss': 1.0237, 'grad_norm': 3.6828761100769043, 'learning_rate': 1.2934272300469484e-05, 'epoch': 0.41}
{'loss': 1.105, 'grad_norm': 8.761499404907227, 'learning_rate': 1.2910798122065728e-05, 'epoch': 0.41}
{'loss': 0.8675, 'grad_norm': 2.9263248443603516, 'learning_rate': 1.2887323943661974e-05, 'epoch': 0.41}
{'loss': 1.3043, 'grad_norm': 3.2558910846710205, 'learning_rate': 1.2863849765258216e-05, 'epoch': 0.41}
{'loss': 0.9657, 'grad_norm': 5.287807464599609, 'learning_rate': 1.2840375586854462e-05, 'epoch': 0.42}
{'loss': 1.032, 'grad_norm': 1.7881938219070435, 'learning_rate': 1.2816901408450705e-05, 'epoch': 0.42}
{'loss': 1.0573, 'grad_norm': 2.5645411014556885, 'learning_rate': 1.279342723004695e-05, 'epoch': 0.42}
{'loss': 1.0473, 'grad_norm': 4.1936540603637695, 'learning_rate': 1.2769953051643193e-05, 'epoch': 0.42}
{'loss': 1.2611, 'grad_norm': 3.878242254257202, 'learning_rate': 1.2746478873239439e-05, 'epoch': 0.42}
{'loss': 0.982, 'grad_norm': 4.072244644165039, 'learning_rate': 1.2723004694835681e-05, 'epoch': 0.42}
{'loss': 1.1346, 'grad_norm': 5.569772720336914, 'learning_rate': 1.2699530516431925e-05, 'epoch': 0.42}
{'loss': 0.9768, 'grad_norm': 5.332113265991211, 'learning_rate': 1.2676056338028171e-05, 'epoch': 0.42}
{'loss': 1.1501, 'grad_norm': 4.722492218017578, 'learning_rate': 1.2652582159624413e-05, 'epoch': 0.43}
{'loss': 1.1606, 'grad_norm': 7.913013935089111, 'learning_rate': 1.2629107981220659e-05, 'epoch': 0.43}
{'loss': 1.0671, 'grad_norm': 4.8048601150512695, 'learning_rate': 1.2605633802816903e-05, 'epoch': 0.43}
{'loss': 1.2232, 'grad_norm': 13.140459060668945, 'learning_rate': 1.2582159624413147e-05, 'epoch': 0.43}
{'loss': 0.9804, 'grad_norm': 6.759432792663574, 'learning_rate': 1.255868544600939e-05, 'epoch': 0.43}
{'loss': 0.9984, 'grad_norm': 6.037763595581055, 'learning_rate': 1.2535211267605636e-05, 'epoch': 0.43}
{'loss': 0.9501, 'grad_norm': 2.1869444847106934, 'learning_rate': 1.2511737089201879e-05, 'epoch': 0.43}
{'loss': 0.8748, 'grad_norm': 3.036921501159668, 'learning_rate': 1.2488262910798124e-05, 'epoch': 0.44}
{'loss': 0.8956, 'grad_norm': 3.8025641441345215, 'learning_rate': 1.2464788732394367e-05, 'epoch': 0.44}
{'loss': 1.1518, 'grad_norm': 5.617612361907959, 'learning_rate': 1.244131455399061e-05, 'epoch': 0.44}
{'loss': 0.7873, 'grad_norm': 4.142632484436035, 'learning_rate': 1.2417840375586856e-05, 'epoch': 0.44}
{'loss': 1.0651, 'grad_norm': 5.8254547119140625, 'learning_rate': 1.2394366197183098e-05, 'epoch': 0.44}
{'loss': 1.1576, 'grad_norm': 3.2049713134765625, 'learning_rate': 1.2370892018779344e-05, 'epoch': 0.44}
{'loss': 0.9934, 'grad_norm': 5.512908935546875, 'learning_rate': 1.2347417840375588e-05, 'epoch': 0.44}
{'loss': 1.0346, 'grad_norm': 2.2317843437194824, 'learning_rate': 1.232394366197183e-05, 'epoch': 0.44}
{'loss': 1.1734, 'grad_norm': 4.884646892547607, 'learning_rate': 1.2300469483568076e-05, 'epoch': 0.45}
{'loss': 1.2177, 'grad_norm': 5.653420448303223, 'learning_rate': 1.2276995305164322e-05, 'epoch': 0.45}
{'loss': 1.0785, 'grad_norm': 4.402642726898193, 'learning_rate': 1.2253521126760564e-05, 'epoch': 0.45}
{'loss': 1.0371, 'grad_norm': 8.295736312866211, 'learning_rate': 1.2230046948356808e-05, 'epoch': 0.45}
{'loss': 1.1376, 'grad_norm': 5.3301801681518555, 'learning_rate': 1.2206572769953053e-05, 'epoch': 0.45}
{'loss': 1.0274, 'grad_norm': 4.444272994995117, 'learning_rate': 1.2183098591549296e-05, 'epoch': 0.45}
{'loss': 1.062, 'grad_norm': 5.456923961639404, 'learning_rate': 1.2159624413145541e-05, 'epoch': 0.45}
{'loss': 1.0254, 'grad_norm': 3.961501359939575, 'learning_rate': 1.2136150234741785e-05, 'epoch': 0.46}
{'loss': 1.0095, 'grad_norm': 4.355929851531982, 'learning_rate': 1.211267605633803e-05, 'epoch': 0.46}
{'loss': 0.963, 'grad_norm': 4.973146438598633, 'learning_rate': 1.2089201877934273e-05, 'epoch': 0.46}
{'loss': 1.0236, 'grad_norm': 7.368014812469482, 'learning_rate': 1.2065727699530519e-05, 'epoch': 0.46}
{'loss': 0.8154, 'grad_norm': 3.8765792846679688, 'learning_rate': 1.2042253521126761e-05, 'epoch': 0.46}
{'loss': 1.136, 'grad_norm': 5.231025695800781, 'learning_rate': 1.2018779342723005e-05, 'epoch': 0.46}
{'loss': 1.139, 'grad_norm': 2.9887807369232178, 'learning_rate': 1.199530516431925e-05, 'epoch': 0.46}
{'loss': 1.112, 'grad_norm': 2.0047216415405273, 'learning_rate': 1.1971830985915493e-05, 'epoch': 0.46}
{'loss': 0.9528, 'grad_norm': 3.8248891830444336, 'learning_rate': 1.1948356807511739e-05, 'epoch': 0.47}
{'loss': 0.8099, 'grad_norm': 6.667567253112793, 'learning_rate': 1.1924882629107981e-05, 'epoch': 0.47}
{'loss': 0.8959, 'grad_norm': 4.661302089691162, 'learning_rate': 1.1901408450704227e-05, 'epoch': 0.47}
{'loss': 0.958, 'grad_norm': 5.569883346557617, 'learning_rate': 1.187793427230047e-05, 'epoch': 0.47}
{'loss': 0.9879, 'grad_norm': 4.620932102203369, 'learning_rate': 1.1854460093896713e-05, 'epoch': 0.47}
{'loss': 1.1506, 'grad_norm': 2.987143039703369, 'learning_rate': 1.1830985915492958e-05, 'epoch': 0.47}
{'loss': 1.034, 'grad_norm': 3.5665228366851807, 'learning_rate': 1.1807511737089204e-05, 'epoch': 0.47}
{'loss': 1.0925, 'grad_norm': 6.572116374969482, 'learning_rate': 1.1784037558685446e-05, 'epoch': 0.48}
{'loss': 0.9464, 'grad_norm': 2.86116623878479, 'learning_rate': 1.176056338028169e-05, 'epoch': 0.48}
{'loss': 1.0358, 'grad_norm': 6.105156421661377, 'learning_rate': 1.1737089201877936e-05, 'epoch': 0.48}
{'loss': 1.0557, 'grad_norm': 6.953936576843262, 'learning_rate': 1.1713615023474178e-05, 'epoch': 0.48}
{'loss': 1.0978, 'grad_norm': 2.205007553100586, 'learning_rate': 1.1690140845070424e-05, 'epoch': 0.48}
{'loss': 1.1412, 'grad_norm': 4.453001022338867, 'learning_rate': 1.1666666666666668e-05, 'epoch': 0.48}
{'loss': 1.4042, 'grad_norm': 5.170919895172119, 'learning_rate': 1.1643192488262912e-05, 'epoch': 0.48}
{'loss': 0.8199, 'grad_norm': 4.691494464874268, 'learning_rate': 1.1619718309859156e-05, 'epoch': 0.48}
{'loss': 1.0091, 'grad_norm': 4.998155117034912, 'learning_rate': 1.1596244131455401e-05, 'epoch': 0.49}
{'loss': 1.249, 'grad_norm': 6.206818580627441, 'learning_rate': 1.1572769953051644e-05, 'epoch': 0.49}
{'loss': 0.854, 'grad_norm': 3.4219257831573486, 'learning_rate': 1.1549295774647888e-05, 'epoch': 0.49}
{'loss': 0.9688, 'grad_norm': 2.9241209030151367, 'learning_rate': 1.1525821596244133e-05, 'epoch': 0.49}
{'loss': 1.1693, 'grad_norm': 5.121578693389893, 'learning_rate': 1.1502347417840376e-05, 'epoch': 0.49}
{'loss': 1.0845, 'grad_norm': 3.2251105308532715, 'learning_rate': 1.1478873239436621e-05, 'epoch': 0.49}
{'loss': 1.1147, 'grad_norm': 5.329052448272705, 'learning_rate': 1.1455399061032865e-05, 'epoch': 0.49}
{'loss': 1.1184, 'grad_norm': 3.082322120666504, 'learning_rate': 1.143192488262911e-05, 'epoch': 0.5}
{'loss': 1.0307, 'grad_norm': 11.170738220214844, 'learning_rate': 1.1408450704225353e-05, 'epoch': 0.5}
{'loss': 1.0033, 'grad_norm': 3.989960193634033, 'learning_rate': 1.1384976525821595e-05, 'epoch': 0.5}
{'loss': 0.9103, 'grad_norm': 3.183803081512451, 'learning_rate': 1.1361502347417841e-05, 'epoch': 0.5}
{'loss': 0.9222, 'grad_norm': 2.582386016845703, 'learning_rate': 1.1338028169014087e-05, 'epoch': 0.5}
{'loss': 0.7841, 'grad_norm': 3.355623960494995, 'learning_rate': 1.1314553990610329e-05, 'epoch': 0.5}
{'loss': 1.0144, 'grad_norm': 10.356157302856445, 'learning_rate': 1.1291079812206573e-05, 'epoch': 0.5}
{'loss': 0.849, 'grad_norm': 3.752858877182007, 'learning_rate': 1.1267605633802819e-05, 'epoch': 0.5}
{'loss': 0.8139, 'grad_norm': 3.302579164505005, 'learning_rate': 1.1244131455399061e-05, 'epoch': 0.51}
{'loss': 1.0128, 'grad_norm': 7.76690149307251, 'learning_rate': 1.1220657276995307e-05, 'epoch': 0.51}
{'loss': 1.3758, 'grad_norm': 3.0584323406219482, 'learning_rate': 1.119718309859155e-05, 'epoch': 0.51}
{'loss': 0.9717, 'grad_norm': 2.9888432025909424, 'learning_rate': 1.1173708920187793e-05, 'epoch': 0.51}
{'loss': 1.0968, 'grad_norm': 2.141727924346924, 'learning_rate': 1.1150234741784038e-05, 'epoch': 0.51}
{'loss': 1.0959, 'grad_norm': 10.250791549682617, 'learning_rate': 1.1126760563380284e-05, 'epoch': 0.51}
{'loss': 1.0877, 'grad_norm': 4.968437194824219, 'learning_rate': 1.1103286384976526e-05, 'epoch': 0.51}
{'loss': 1.113, 'grad_norm': 5.056763172149658, 'learning_rate': 1.107981220657277e-05, 'epoch': 0.52}
{'loss': 0.96, 'grad_norm': 5.224612236022949, 'learning_rate': 1.1056338028169016e-05, 'epoch': 0.52}
{'loss': 0.9143, 'grad_norm': 6.854549884796143, 'learning_rate': 1.1032863849765258e-05, 'epoch': 0.52}
{'loss': 1.1653, 'grad_norm': 3.7481472492218018, 'learning_rate': 1.1009389671361504e-05, 'epoch': 0.52}
{'loss': 1.0233, 'grad_norm': 6.986995697021484, 'learning_rate': 1.0985915492957748e-05, 'epoch': 0.52}
{'loss': 1.1586, 'grad_norm': 10.619444847106934, 'learning_rate': 1.0962441314553992e-05, 'epoch': 0.52}
{'loss': 0.9421, 'grad_norm': 5.924764156341553, 'learning_rate': 1.0938967136150236e-05, 'epoch': 0.52}
{'loss': 1.0691, 'grad_norm': 3.686431646347046, 'learning_rate': 1.0915492957746481e-05, 'epoch': 0.52}
{'loss': 1.0984, 'grad_norm': 6.0936384201049805, 'learning_rate': 1.0892018779342724e-05, 'epoch': 0.53}
{'loss': 0.947, 'grad_norm': 5.511058330535889, 'learning_rate': 1.0868544600938968e-05, 'epoch': 0.53}
{'loss': 0.6812, 'grad_norm': 2.2069785594940186, 'learning_rate': 1.0845070422535213e-05, 'epoch': 0.53}
{'loss': 1.0823, 'grad_norm': 3.1518924236297607, 'learning_rate': 1.0821596244131455e-05, 'epoch': 0.53}
{'loss': 1.0208, 'grad_norm': 3.533400058746338, 'learning_rate': 1.0798122065727701e-05, 'epoch': 0.53}
{'loss': 0.8866, 'grad_norm': 3.6128432750701904, 'learning_rate': 1.0774647887323943e-05, 'epoch': 0.53}
{'loss': 1.2288, 'grad_norm': 8.49773120880127, 'learning_rate': 1.0751173708920189e-05, 'epoch': 0.53}
































                                                 


                                               
[A


                                               [A
                                                 

                                                 

                                                 

                                                 

                                                 

                                                 

                                                 

                                                 

                                                 

                                                 

                                                 

                                                 

                                                 

                                                 

                                                 

                                                 

                                                 

                                                 

                                                 

                                                 

                                                 

                                                 

                                                 

                                                 

                                                 

                                                 

                                                 

                                                 

                                                 

                                                 

                                                 

                                                 

                                                 

                                                 

                                                 

                                                 

                                                 

                                                 

                                                 

                                                 

                                                 

                                                 

                                                 

                                                 

                                                 

                                                 

                                                 

                                                 

                                                 

                                                 

                                                 

                                                 

                                                 

                                                 

                                                 

                                                 

                                                 

                                                 

                                                 

                                                 

                                                 

                                                 

                                                 

                                                 

                                                 

                                                 

                                                 

                                                 

                                                 

                                                 

                                                 

                                                 

                                                 

                                                 

                                                 

                                                 

                                                 

                                                 

                                                 

                                                 

                                                 

                                                 

                                                 

                                                 

                                                 

                                                 

                                                 

                                                 

                                                 

                                                 

                                                 

                                                 

                                                 

                                                 

                                                 

                                                 

                                                 

                                                 

                                                 

                                                 

{'loss': 0.9167, 'grad_norm': 3.464111089706421, 'learning_rate': 1.0727699530516433e-05, 'epoch': 0.54}
{'loss': 0.9671, 'grad_norm': 2.795499324798584, 'learning_rate': 1.0704225352112675e-05, 'epoch': 0.54}
{'loss': 0.8761, 'grad_norm': 3.845050811767578, 'learning_rate': 1.0680751173708921e-05, 'epoch': 0.54}
{'loss': 0.9953, 'grad_norm': 3.411159038543701, 'learning_rate': 1.0657276995305167e-05, 'epoch': 0.54}
{'loss': 0.9683, 'grad_norm': 7.9912590980529785, 'learning_rate': 1.0633802816901409e-05, 'epoch': 0.54}
{'loss': 1.0834, 'grad_norm': 4.216738700866699, 'learning_rate': 1.0610328638497653e-05, 'epoch': 0.54}
{'loss': 0.9881, 'grad_norm': 4.70630407333374, 'learning_rate': 1.0586854460093898e-05, 'epoch': 0.54}
{'loss': 0.9209, 'grad_norm': 6.294066905975342, 'learning_rate': 1.056338028169014e-05, 'epoch': 0.54}
{'loss': 0.7731, 'grad_norm': 4.834633827209473, 'learning_rate': 1.0539906103286386e-05, 'epoch': 0.55}
{'loss': 1.0652, 'grad_norm': 9.646071434020996, 'learning_rate': 1.051643192488263e-05, 'epoch': 0.55}
{'loss': 0.8964, 'grad_norm': 4.162190914154053, 'learning_rate': 1.0492957746478873e-05, 'epoch': 0.55}
{'loss': 1.0782, 'grad_norm': 5.226398468017578, 'learning_rate': 1.0469483568075118e-05, 'epoch': 0.55}
{'loss': 0.8826, 'grad_norm': 3.3717825412750244, 'learning_rate': 1.0446009389671364e-05, 'epoch': 0.55}
{'loss': 0.828, 'grad_norm': 4.7331719398498535, 'learning_rate': 1.0422535211267606e-05, 'epoch': 0.55}
{'loss': 1.0819, 'grad_norm': 3.6843814849853516, 'learning_rate': 1.039906103286385e-05, 'epoch': 0.55}
{'loss': 1.0056, 'grad_norm': 4.5928473472595215, 'learning_rate': 1.0375586854460096e-05, 'epoch': 0.56}
{'loss': 1.0672, 'grad_norm': 3.429887294769287, 'learning_rate': 1.0352112676056338e-05, 'epoch': 0.56}
{'loss': 1.2081, 'grad_norm': 3.0460686683654785, 'learning_rate': 1.0328638497652584e-05, 'epoch': 0.56}
{'loss': 1.0975, 'grad_norm': 5.738994598388672, 'learning_rate': 1.0305164319248828e-05, 'epoch': 0.56}
{'loss': 0.9858, 'grad_norm': 4.230197429656982, 'learning_rate': 1.0281690140845072e-05, 'epoch': 0.56}
{'loss': 0.8549, 'grad_norm': 5.466826915740967, 'learning_rate': 1.0258215962441316e-05, 'epoch': 0.56}
{'loss': 1.0483, 'grad_norm': 8.799286842346191, 'learning_rate': 1.0234741784037558e-05, 'epoch': 0.56}
{'loss': 1.0225, 'grad_norm': 2.587010145187378, 'learning_rate': 1.0211267605633803e-05, 'epoch': 0.56}
{'loss': 1.1672, 'grad_norm': 5.837863922119141, 'learning_rate': 1.0187793427230047e-05, 'epoch': 0.57}
{'loss': 0.9389, 'grad_norm': 3.3194398880004883, 'learning_rate': 1.0164319248826291e-05, 'epoch': 0.57}
{'loss': 1.0999, 'grad_norm': 5.261799335479736, 'learning_rate': 1.0140845070422535e-05, 'epoch': 0.57}
{'loss': 0.8804, 'grad_norm': 4.696245193481445, 'learning_rate': 1.0117370892018781e-05, 'epoch': 0.57}
{'loss': 1.1253, 'grad_norm': 5.209139823913574, 'learning_rate': 1.0093896713615023e-05, 'epoch': 0.57}
{'loss': 1.1437, 'grad_norm': 3.9599483013153076, 'learning_rate': 1.0070422535211269e-05, 'epoch': 0.57}
{'loss': 1.0607, 'grad_norm': 3.193101644515991, 'learning_rate': 1.0046948356807513e-05, 'epoch': 0.57}
{'loss': 0.9114, 'grad_norm': 3.33833909034729, 'learning_rate': 1.0023474178403755e-05, 'epoch': 0.58}
{'loss': 1.1524, 'grad_norm': 4.387379169464111, 'learning_rate': 1e-05, 'epoch': 0.58}
{'loss': 1.0773, 'grad_norm': 4.639729022979736, 'learning_rate': 9.976525821596245e-06, 'epoch': 0.58}
{'loss': 0.9914, 'grad_norm': 4.220882415771484, 'learning_rate': 9.953051643192489e-06, 'epoch': 0.58}
{'loss': 1.0222, 'grad_norm': 5.4266676902771, 'learning_rate': 9.929577464788733e-06, 'epoch': 0.58}
{'loss': 0.9757, 'grad_norm': 12.442837715148926, 'learning_rate': 9.906103286384977e-06, 'epoch': 0.58}
{'loss': 1.0283, 'grad_norm': 7.21226692199707, 'learning_rate': 9.882629107981222e-06, 'epoch': 0.58}
{'loss': 1.1817, 'grad_norm': 3.247201681137085, 'learning_rate': 9.859154929577466e-06, 'epoch': 0.58}
{'loss': 0.914, 'grad_norm': 5.003045082092285, 'learning_rate': 9.83568075117371e-06, 'epoch': 0.59}
{'loss': 1.122, 'grad_norm': 2.331850051879883, 'learning_rate': 9.812206572769954e-06, 'epoch': 0.59}
{'loss': 1.0447, 'grad_norm': 3.403937816619873, 'learning_rate': 9.788732394366198e-06, 'epoch': 0.59}
{'loss': 0.9665, 'grad_norm': 3.9556005001068115, 'learning_rate': 9.765258215962442e-06, 'epoch': 0.59}
{'loss': 1.0781, 'grad_norm': 3.2591469287872314, 'learning_rate': 9.741784037558686e-06, 'epoch': 0.59}
{'loss': 1.0823, 'grad_norm': 5.769505023956299, 'learning_rate': 9.71830985915493e-06, 'epoch': 0.59}
{'loss': 1.0104, 'grad_norm': 6.157381057739258, 'learning_rate': 9.694835680751174e-06, 'epoch': 0.59}
{'loss': 0.9173, 'grad_norm': 5.367271900177002, 'learning_rate': 9.671361502347418e-06, 'epoch': 0.6}
{'loss': 0.8638, 'grad_norm': 4.145820617675781, 'learning_rate': 9.647887323943664e-06, 'epoch': 0.6}
{'loss': 1.1506, 'grad_norm': 4.6333184242248535, 'learning_rate': 9.624413145539908e-06, 'epoch': 0.6}
{'loss': 1.034, 'grad_norm': 6.407194137573242, 'learning_rate': 9.600938967136152e-06, 'epoch': 0.6}
{'loss': 0.8776, 'grad_norm': 3.7347874641418457, 'learning_rate': 9.577464788732394e-06, 'epoch': 0.6}
{'loss': 1.0212, 'grad_norm': 7.525109767913818, 'learning_rate': 9.55399061032864e-06, 'epoch': 0.6}
{'loss': 0.9821, 'grad_norm': 3.392493724822998, 'learning_rate': 9.530516431924883e-06, 'epoch': 0.6}
{'loss': 1.1577, 'grad_norm': 8.787450790405273, 'learning_rate': 9.507042253521127e-06, 'epoch': 0.6}
{'loss': 1.2358, 'grad_norm': 4.953843593597412, 'learning_rate': 9.483568075117371e-06, 'epoch': 0.61}
{'loss': 1.0075, 'grad_norm': 5.125455856323242, 'learning_rate': 9.460093896713615e-06, 'epoch': 0.61}
{'loss': 0.8427, 'grad_norm': 2.4758291244506836, 'learning_rate': 9.43661971830986e-06, 'epoch': 0.61}
{'loss': 0.866, 'grad_norm': 4.830935001373291, 'learning_rate': 9.413145539906105e-06, 'epoch': 0.61}
{'loss': 1.2259, 'grad_norm': 13.287881851196289, 'learning_rate': 9.389671361502349e-06, 'epoch': 0.61}
{'loss': 0.9838, 'grad_norm': 3.193801164627075, 'learning_rate': 9.366197183098593e-06, 'epoch': 0.61}
{'loss': 0.8676, 'grad_norm': 7.387454986572266, 'learning_rate': 9.342723004694837e-06, 'epoch': 0.61}
{'loss': 1.0253, 'grad_norm': 6.694789886474609, 'learning_rate': 9.31924882629108e-06, 'epoch': 0.62}
{'loss': 1.0784, 'grad_norm': 6.9062700271606445, 'learning_rate': 9.295774647887325e-06, 'epoch': 0.62}
{'loss': 0.9576, 'grad_norm': 2.6081700325012207, 'learning_rate': 9.272300469483569e-06, 'epoch': 0.62}
{'loss': 1.0425, 'grad_norm': 5.286981582641602, 'learning_rate': 9.248826291079813e-06, 'epoch': 0.62}
{'loss': 1.1, 'grad_norm': 7.4852447509765625, 'learning_rate': 9.225352112676057e-06, 'epoch': 0.62}
{'loss': 0.8836, 'grad_norm': 5.141939163208008, 'learning_rate': 9.2018779342723e-06, 'epoch': 0.62}
{'loss': 0.9211, 'grad_norm': 5.266719818115234, 'learning_rate': 9.178403755868546e-06, 'epoch': 0.62}
{'loss': 0.8408, 'grad_norm': 3.1565072536468506, 'learning_rate': 9.15492957746479e-06, 'epoch': 0.62}
{'loss': 0.8455, 'grad_norm': 5.547205924987793, 'learning_rate': 9.131455399061034e-06, 'epoch': 0.63}
{'loss': 1.0079, 'grad_norm': 6.3861308097839355, 'learning_rate': 9.107981220657278e-06, 'epoch': 0.63}
{'loss': 0.9229, 'grad_norm': 3.2974722385406494, 'learning_rate': 9.084507042253522e-06, 'epoch': 0.63}
{'loss': 1.0123, 'grad_norm': 4.382678031921387, 'learning_rate': 9.061032863849766e-06, 'epoch': 0.63}
{'loss': 1.0447, 'grad_norm': 3.751573085784912, 'learning_rate': 9.03755868544601e-06, 'epoch': 0.63}
{'loss': 1.1627, 'grad_norm': 4.161011695861816, 'learning_rate': 9.014084507042254e-06, 'epoch': 0.63}
{'loss': 1.4544, 'grad_norm': 3.429731607437134, 'learning_rate': 8.990610328638498e-06, 'epoch': 0.63}
{'loss': 1.0937, 'grad_norm': 4.766871929168701, 'learning_rate': 8.967136150234742e-06, 'epoch': 0.64}
{'loss': 0.8933, 'grad_norm': 2.8587260246276855, 'learning_rate': 8.943661971830987e-06, 'epoch': 0.64}
{'loss': 0.9962, 'grad_norm': 3.338348627090454, 'learning_rate': 8.920187793427231e-06, 'epoch': 0.64}
{'loss': 0.9786, 'grad_norm': 4.889831066131592, 'learning_rate': 8.896713615023475e-06, 'epoch': 0.64}
{'loss': 0.8422, 'grad_norm': 2.8229758739471436, 'learning_rate': 8.87323943661972e-06, 'epoch': 0.64}
{'loss': 1.1466, 'grad_norm': 5.109331130981445, 'learning_rate': 8.849765258215963e-06, 'epoch': 0.64}
{'loss': 0.9598, 'grad_norm': 4.274402618408203, 'learning_rate': 8.826291079812207e-06, 'epoch': 0.64}
{'loss': 1.0254, 'grad_norm': 3.833313465118408, 'learning_rate': 8.802816901408451e-06, 'epoch': 0.64}
{'loss': 1.0059, 'grad_norm': 5.08949089050293, 'learning_rate': 8.779342723004695e-06, 'epoch': 0.65}
{'loss': 0.9345, 'grad_norm': 1.9994046688079834, 'learning_rate': 8.755868544600939e-06, 'epoch': 0.65}
{'loss': 1.2053, 'grad_norm': 7.099338054656982, 'learning_rate': 8.732394366197183e-06, 'epoch': 0.65}
{'loss': 1.0971, 'grad_norm': 5.15078592300415, 'learning_rate': 8.708920187793429e-06, 'epoch': 0.65}
{'loss': 1.1213, 'grad_norm': 4.82124662399292, 'learning_rate': 8.685446009389673e-06, 'epoch': 0.65}
{'loss': 0.9688, 'grad_norm': 5.706222057342529, 'learning_rate': 8.661971830985915e-06, 'epoch': 0.65}
{'loss': 0.8906, 'grad_norm': 3.5498805046081543, 'learning_rate': 8.63849765258216e-06, 'epoch': 0.65}
{'loss': 1.0002, 'grad_norm': 9.794766426086426, 'learning_rate': 8.615023474178405e-06, 'epoch': 0.66}
{'loss': 0.9368, 'grad_norm': 3.9980101585388184, 'learning_rate': 8.591549295774648e-06, 'epoch': 0.66}
{'loss': 0.955, 'grad_norm': 5.884676933288574, 'learning_rate': 8.568075117370892e-06, 'epoch': 0.66}
{'loss': 1.0457, 'grad_norm': 2.1904256343841553, 'learning_rate': 8.544600938967136e-06, 'epoch': 0.66}
{'loss': 0.866, 'grad_norm': 8.070449829101562, 'learning_rate': 8.52112676056338e-06, 'epoch': 0.66}
{'loss': 1.2552, 'grad_norm': 4.1969075202941895, 'learning_rate': 8.497652582159626e-06, 'epoch': 0.66}
{'loss': 0.8869, 'grad_norm': 4.823399066925049, 'learning_rate': 8.47417840375587e-06, 'epoch': 0.66}
{'loss': 1.1439, 'grad_norm': 6.388655662536621, 'learning_rate': 8.450704225352114e-06, 'epoch': 0.66}
{'loss': 1.0596, 'grad_norm': 6.498953342437744, 'learning_rate': 8.427230046948356e-06, 'epoch': 0.67}
{'loss': 1.088, 'grad_norm': 6.2616963386535645, 'learning_rate': 8.403755868544602e-06, 'epoch': 0.67}
































                                                 


                                               
[A


                                               [A
                                                 

                                                 

                                                 

                                                 

                                                 

                                                 

                                                 

                                                 

                                                 

                                                 

                                                 

                                                 

                                                 

                                                 

                                                 

                                                 

                                                 

                                                 

                                                 

                                                 

                                                 

                                                 

                                                 

                                                 

                                                 

                                                 

                                                 

                                                 

                                                 

                                                 

                                                 

                                                 

                                                 

                                                 

                                                 

                                                 

                                                 

                                                 

                                                 

                                                 

                                                 

                                                 

                                                 

                                                 

                                                 

                                                 

                                                 

                                                 

                                                 

                                                 

                                                 

                                                 

                                                 

                                                 

                                                 

                                                 

                                                 

                                                 

                                                 

                                                 

                                                 

                                                 

                                                 

                                                 

                                                 

                                                 

                                                 

                                                 

                                                 

                                                 

                                                 

                                                 

                                                 

                                                 

                                                 

                                                 

                                                 

                                                 

                                                 

                                                 

                                                 

                                                 

                                                 

                                                 

                                                 

                                                 

                                                 

                                                 

                                                 

                                                 

                                                 

                                                 

                                                 

                                                 

                                                 

                                                 

                                                 

                                                 

                                                 

                                                 

{'loss': 1.053, 'grad_norm': 5.804257869720459, 'learning_rate': 8.380281690140846e-06, 'epoch': 0.67}
{'loss': 0.9743, 'grad_norm': 2.7318384647369385, 'learning_rate': 8.35680751173709e-06, 'epoch': 0.67}
{'loss': 0.9979, 'grad_norm': 7.174824237823486, 'learning_rate': 8.333333333333334e-06, 'epoch': 0.67}
{'loss': 1.0494, 'grad_norm': 3.8527333736419678, 'learning_rate': 8.309859154929578e-06, 'epoch': 0.67}
{'loss': 0.8721, 'grad_norm': 3.9260101318359375, 'learning_rate': 8.286384976525822e-06, 'epoch': 0.67}
{'loss': 1.1402, 'grad_norm': 6.770564556121826, 'learning_rate': 8.262910798122067e-06, 'epoch': 0.68}
{'loss': 1.1609, 'grad_norm': 7.204712867736816, 'learning_rate': 8.239436619718311e-06, 'epoch': 0.68}
{'loss': 0.9616, 'grad_norm': 4.203409194946289, 'learning_rate': 8.215962441314555e-06, 'epoch': 0.68}
{'loss': 0.9829, 'grad_norm': 2.698245048522949, 'learning_rate': 8.192488262910797e-06, 'epoch': 0.68}
{'loss': 0.981, 'grad_norm': 7.077655792236328, 'learning_rate': 8.169014084507043e-06, 'epoch': 0.68}
{'loss': 0.9323, 'grad_norm': 2.891733407974243, 'learning_rate': 8.145539906103287e-06, 'epoch': 0.68}
{'loss': 1.0828, 'grad_norm': 1.8009895086288452, 'learning_rate': 8.122065727699531e-06, 'epoch': 0.68}
{'loss': 1.1152, 'grad_norm': 5.608264923095703, 'learning_rate': 8.098591549295775e-06, 'epoch': 0.68}
{'loss': 0.8716, 'grad_norm': 3.3960702419281006, 'learning_rate': 8.075117370892019e-06, 'epoch': 0.69}
{'loss': 0.9749, 'grad_norm': 9.629652976989746, 'learning_rate': 8.051643192488263e-06, 'epoch': 0.69}
{'loss': 1.1588, 'grad_norm': 3.413084030151367, 'learning_rate': 8.028169014084509e-06, 'epoch': 0.69}
{'loss': 0.7411, 'grad_norm': 3.3460066318511963, 'learning_rate': 8.004694835680753e-06, 'epoch': 0.69}
{'loss': 0.7659, 'grad_norm': 6.169312000274658, 'learning_rate': 7.981220657276996e-06, 'epoch': 0.69}
{'loss': 0.895, 'grad_norm': 3.169945001602173, 'learning_rate': 7.95774647887324e-06, 'epoch': 0.69}
{'loss': 1.126, 'grad_norm': 3.4632136821746826, 'learning_rate': 7.934272300469484e-06, 'epoch': 0.69}
{'loss': 0.7649, 'grad_norm': 3.038337230682373, 'learning_rate': 7.910798122065728e-06, 'epoch': 0.7}
{'loss': 0.9938, 'grad_norm': 8.104743957519531, 'learning_rate': 7.887323943661972e-06, 'epoch': 0.7}
{'loss': 1.2997, 'grad_norm': 5.823520660400391, 'learning_rate': 7.863849765258216e-06, 'epoch': 0.7}
{'loss': 1.063, 'grad_norm': 6.392729759216309, 'learning_rate': 7.84037558685446e-06, 'epoch': 0.7}
{'loss': 0.8322, 'grad_norm': 3.3626835346221924, 'learning_rate': 7.816901408450704e-06, 'epoch': 0.7}
{'loss': 1.1451, 'grad_norm': 4.99709939956665, 'learning_rate': 7.79342723004695e-06, 'epoch': 0.7}
{'loss': 0.8946, 'grad_norm': 5.174773216247559, 'learning_rate': 7.769953051643194e-06, 'epoch': 0.7}
{'loss': 1.1093, 'grad_norm': 3.840425968170166, 'learning_rate': 7.746478873239436e-06, 'epoch': 0.7}
{'loss': 1.2044, 'grad_norm': 8.055633544921875, 'learning_rate': 7.723004694835682e-06, 'epoch': 0.71}
{'loss': 1.0743, 'grad_norm': 3.1678736209869385, 'learning_rate': 7.699530516431926e-06, 'epoch': 0.71}
{'loss': 1.0881, 'grad_norm': 4.743715763092041, 'learning_rate': 7.67605633802817e-06, 'epoch': 0.71}
{'loss': 0.9424, 'grad_norm': 5.6847686767578125, 'learning_rate': 7.652582159624414e-06, 'epoch': 0.71}
{'loss': 1.0876, 'grad_norm': 3.7440385818481445, 'learning_rate': 7.629107981220658e-06, 'epoch': 0.71}
{'loss': 1.0445, 'grad_norm': 9.377976417541504, 'learning_rate': 7.6056338028169015e-06, 'epoch': 0.71}
{'loss': 0.9687, 'grad_norm': 4.180272102355957, 'learning_rate': 7.5821596244131455e-06, 'epoch': 0.71}
{'loss': 1.2257, 'grad_norm': 4.6921844482421875, 'learning_rate': 7.55868544600939e-06, 'epoch': 0.72}
{'loss': 0.8858, 'grad_norm': 4.73905086517334, 'learning_rate': 7.535211267605634e-06, 'epoch': 0.72}
{'loss': 0.8862, 'grad_norm': 2.996701240539551, 'learning_rate': 7.511737089201878e-06, 'epoch': 0.72}
{'loss': 1.1107, 'grad_norm': 4.975483417510986, 'learning_rate': 7.488262910798123e-06, 'epoch': 0.72}
{'loss': 0.9419, 'grad_norm': 4.43467903137207, 'learning_rate': 7.464788732394367e-06, 'epoch': 0.72}
{'loss': 1.2692, 'grad_norm': 8.979246139526367, 'learning_rate': 7.441314553990611e-06, 'epoch': 0.72}
{'loss': 1.0144, 'grad_norm': 4.3143205642700195, 'learning_rate': 7.417840375586856e-06, 'epoch': 0.72}
{'loss': 1.0157, 'grad_norm': 5.243993282318115, 'learning_rate': 7.3943661971831e-06, 'epoch': 0.72}
{'loss': 1.146, 'grad_norm': 3.777813196182251, 'learning_rate': 7.370892018779343e-06, 'epoch': 0.73}
{'loss': 1.1149, 'grad_norm': 4.205968379974365, 'learning_rate': 7.347417840375587e-06, 'epoch': 0.73}
{'loss': 1.2239, 'grad_norm': 7.204739093780518, 'learning_rate': 7.3239436619718316e-06, 'epoch': 0.73}
{'loss': 1.0341, 'grad_norm': 3.942263126373291, 'learning_rate': 7.3004694835680755e-06, 'epoch': 0.73}
{'loss': 1.0164, 'grad_norm': 4.390766143798828, 'learning_rate': 7.2769953051643195e-06, 'epoch': 0.73}
{'loss': 1.4342, 'grad_norm': 8.880542755126953, 'learning_rate': 7.253521126760564e-06, 'epoch': 0.73}
{'loss': 1.0626, 'grad_norm': 2.5058374404907227, 'learning_rate': 7.230046948356808e-06, 'epoch': 0.73}
{'loss': 1.1349, 'grad_norm': 4.108194351196289, 'learning_rate': 7.206572769953052e-06, 'epoch': 0.74}
{'loss': 1.1353, 'grad_norm': 2.7711806297302246, 'learning_rate': 7.183098591549297e-06, 'epoch': 0.74}
{'loss': 1.188, 'grad_norm': 6.698035717010498, 'learning_rate': 7.159624413145541e-06, 'epoch': 0.74}
{'loss': 0.9733, 'grad_norm': 4.419765949249268, 'learning_rate': 7.136150234741784e-06, 'epoch': 0.74}
{'loss': 1.0289, 'grad_norm': 5.146599292755127, 'learning_rate': 7.112676056338029e-06, 'epoch': 0.74}
{'loss': 0.8278, 'grad_norm': 4.606371879577637, 'learning_rate': 7.089201877934273e-06, 'epoch': 0.74}
{'loss': 1.0547, 'grad_norm': 2.13836669921875, 'learning_rate': 7.065727699530517e-06, 'epoch': 0.74}
{'loss': 0.9151, 'grad_norm': 2.5404067039489746, 'learning_rate': 7.042253521126761e-06, 'epoch': 0.74}
{'loss': 0.9422, 'grad_norm': 3.2470033168792725, 'learning_rate': 7.0187793427230056e-06, 'epoch': 0.75}
{'loss': 1.1706, 'grad_norm': 2.269883632659912, 'learning_rate': 6.9953051643192495e-06, 'epoch': 0.75}
{'loss': 1.0505, 'grad_norm': 2.5309975147247314, 'learning_rate': 6.9718309859154935e-06, 'epoch': 0.75}
{'loss': 1.0356, 'grad_norm': 12.187257766723633, 'learning_rate': 6.948356807511738e-06, 'epoch': 0.75}
{'loss': 1.0041, 'grad_norm': 3.005458116531372, 'learning_rate': 6.924882629107981e-06, 'epoch': 0.75}
{'loss': 1.1112, 'grad_norm': 3.2849204540252686, 'learning_rate': 6.901408450704225e-06, 'epoch': 0.75}
{'loss': 0.8498, 'grad_norm': 2.736666679382324, 'learning_rate': 6.87793427230047e-06, 'epoch': 0.75}
{'loss': 1.1692, 'grad_norm': 3.7891621589660645, 'learning_rate': 6.854460093896714e-06, 'epoch': 0.76}
{'loss': 0.9274, 'grad_norm': 5.321069240570068, 'learning_rate': 6.830985915492958e-06, 'epoch': 0.76}
{'loss': 0.8889, 'grad_norm': 2.681347370147705, 'learning_rate': 6.807511737089203e-06, 'epoch': 0.76}
{'loss': 0.9542, 'grad_norm': 5.185446262359619, 'learning_rate': 6.784037558685447e-06, 'epoch': 0.76}
{'loss': 0.9195, 'grad_norm': 2.372269630432129, 'learning_rate': 6.760563380281691e-06, 'epoch': 0.76}
{'loss': 0.9303, 'grad_norm': 3.678511381149292, 'learning_rate': 6.737089201877935e-06, 'epoch': 0.76}
{'loss': 1.1416, 'grad_norm': 4.375985145568848, 'learning_rate': 6.71361502347418e-06, 'epoch': 0.76}
{'loss': 1.0531, 'grad_norm': 6.868557453155518, 'learning_rate': 6.690140845070423e-06, 'epoch': 0.76}
{'loss': 0.9393, 'grad_norm': 2.921823740005493, 'learning_rate': 6.666666666666667e-06, 'epoch': 0.77}
{'loss': 1.1146, 'grad_norm': 2.829777956008911, 'learning_rate': 6.6431924882629115e-06, 'epoch': 0.77}
{'loss': 0.8583, 'grad_norm': 6.040392875671387, 'learning_rate': 6.619718309859155e-06, 'epoch': 0.77}
{'loss': 0.8291, 'grad_norm': 3.423776388168335, 'learning_rate': 6.596244131455399e-06, 'epoch': 0.77}
{'loss': 0.9303, 'grad_norm': 4.484687328338623, 'learning_rate': 6.572769953051644e-06, 'epoch': 0.77}
{'loss': 1.0353, 'grad_norm': 7.774083137512207, 'learning_rate': 6.549295774647888e-06, 'epoch': 0.77}
{'loss': 0.993, 'grad_norm': 4.699544906616211, 'learning_rate': 6.525821596244132e-06, 'epoch': 0.77}
{'loss': 0.9368, 'grad_norm': 3.379408359527588, 'learning_rate': 6.502347417840375e-06, 'epoch': 0.78}
{'loss': 0.8687, 'grad_norm': 3.2233481407165527, 'learning_rate': 6.478873239436621e-06, 'epoch': 0.78}
{'loss': 0.9295, 'grad_norm': 3.874907970428467, 'learning_rate': 6.455399061032864e-06, 'epoch': 0.78}
{'loss': 1.1172, 'grad_norm': 4.387033939361572, 'learning_rate': 6.431924882629108e-06, 'epoch': 0.78}
{'loss': 0.9381, 'grad_norm': 3.5749125480651855, 'learning_rate': 6.408450704225353e-06, 'epoch': 0.78}
{'loss': 1.228, 'grad_norm': 5.228226184844971, 'learning_rate': 6.384976525821597e-06, 'epoch': 0.78}
{'loss': 0.9823, 'grad_norm': 5.117167949676514, 'learning_rate': 6.361502347417841e-06, 'epoch': 0.78}
{'loss': 1.2064, 'grad_norm': 4.713829040527344, 'learning_rate': 6.3380281690140855e-06, 'epoch': 0.78}
{'loss': 1.167, 'grad_norm': 5.958384037017822, 'learning_rate': 6.314553990610329e-06, 'epoch': 0.79}
{'loss': 1.1338, 'grad_norm': 3.2064270973205566, 'learning_rate': 6.291079812206573e-06, 'epoch': 0.79}
{'loss': 0.9657, 'grad_norm': 5.243520259857178, 'learning_rate': 6.267605633802818e-06, 'epoch': 0.79}
{'loss': 0.9704, 'grad_norm': 4.2595601081848145, 'learning_rate': 6.244131455399062e-06, 'epoch': 0.79}
{'loss': 1.1644, 'grad_norm': 4.5085859298706055, 'learning_rate': 6.220657276995305e-06, 'epoch': 0.79}
{'loss': 1.1437, 'grad_norm': 7.222601890563965, 'learning_rate': 6.197183098591549e-06, 'epoch': 0.79}
{'loss': 0.8884, 'grad_norm': 4.854930877685547, 'learning_rate': 6.173708920187794e-06, 'epoch': 0.79}
{'loss': 1.0724, 'grad_norm': 5.099705696105957, 'learning_rate': 6.150234741784038e-06, 'epoch': 0.8}
{'loss': 0.9968, 'grad_norm': 2.5546112060546875, 'learning_rate': 6.126760563380282e-06, 'epoch': 0.8}
{'loss': 1.0493, 'grad_norm': 7.067111968994141, 'learning_rate': 6.103286384976527e-06, 'epoch': 0.8}
{'loss': 1.0928, 'grad_norm': 6.0218424797058105, 'learning_rate': 6.079812206572771e-06, 'epoch': 0.8}
{'loss': 1.0411, 'grad_norm': 4.667448997497559, 'learning_rate': 6.056338028169015e-06, 'epoch': 0.8}
































                                                 


                                               
[A


                                               [A
                                                 

                                                 

                                                 

                                                 

                                                 

                                                 

                                                 

                                                 

                                                 

                                                 

                                                 

                                                 

                                                 

                                                 

                                                 

                                                 

                                                 

                                                 

                                                 

                                                 

                                                 

                                                 

                                                 

                                                 

                                                 

                                                 

                                                 

                                                 

                                                 

                                                 

                                                 

                                                 

                                                 

                                                 

                                                 

                                                 

                                                 

                                                 

                                                 

                                                 

                                                 

                                                 

                                                 

                                                 

                                                 

                                                 

                                                 

                                                 

                                                 

                                                 

                                                 

                                                 

                                                 

                                                 

                                                 

                                                 

                                                 

                                                 

                                                 

                                                 

                                                 

                                                 

                                                 

                                                 

                                                 

                                                 

                                                 

                                                 

                                                 

                                                 

                                                 

                                                 

                                                 

                                                 

                                                 

                                                 

                                                 

                                                 

                                                 

                                                 

                                                 

                                                 

                                                 

                                                 

                                                 

                                                 

                                                 

                                                 

                                                 

                                                 

                                                 

                                                 

                                                 

                                                 

                                                 

                                                 

                                                 

                                                 

                                                 

                                                 

{'loss': 1.1698, 'grad_norm': 7.011181831359863, 'learning_rate': 6.0328638497652595e-06, 'epoch': 0.8}
{'loss': 0.8358, 'grad_norm': 2.7495944499969482, 'learning_rate': 6.0093896713615026e-06, 'epoch': 0.8}
{'loss': 1.0182, 'grad_norm': 7.834705829620361, 'learning_rate': 5.9859154929577465e-06, 'epoch': 0.8}
{'loss': 0.8159, 'grad_norm': 4.644102096557617, 'learning_rate': 5.9624413145539905e-06, 'epoch': 0.81}
{'loss': 1.0043, 'grad_norm': 7.393962383270264, 'learning_rate': 5.938967136150235e-06, 'epoch': 0.81}
{'loss': 1.214, 'grad_norm': 3.105712652206421, 'learning_rate': 5.915492957746479e-06, 'epoch': 0.81}
{'loss': 0.9413, 'grad_norm': 4.038458347320557, 'learning_rate': 5.892018779342723e-06, 'epoch': 0.81}
{'loss': 1.0073, 'grad_norm': 3.649573564529419, 'learning_rate': 5.868544600938968e-06, 'epoch': 0.81}
{'loss': 0.8899, 'grad_norm': 3.3562023639678955, 'learning_rate': 5.845070422535212e-06, 'epoch': 0.81}
{'loss': 0.9447, 'grad_norm': 6.078765392303467, 'learning_rate': 5.821596244131456e-06, 'epoch': 0.81}
{'loss': 1.1181, 'grad_norm': 5.084384441375732, 'learning_rate': 5.798122065727701e-06, 'epoch': 0.82}
{'loss': 0.7951, 'grad_norm': 2.941779136657715, 'learning_rate': 5.774647887323944e-06, 'epoch': 0.82}
{'loss': 0.9309, 'grad_norm': 7.151025295257568, 'learning_rate': 5.751173708920188e-06, 'epoch': 0.82}
{'loss': 1.0477, 'grad_norm': 3.9659535884857178, 'learning_rate': 5.727699530516433e-06, 'epoch': 0.82}
{'loss': 1.0329, 'grad_norm': 7.13853120803833, 'learning_rate': 5.7042253521126766e-06, 'epoch': 0.82}
{'loss': 1.0722, 'grad_norm': 2.7087490558624268, 'learning_rate': 5.6807511737089205e-06, 'epoch': 0.82}
{'loss': 1.3691, 'grad_norm': 4.13847017288208, 'learning_rate': 5.6572769953051645e-06, 'epoch': 0.82}
{'loss': 1.0833, 'grad_norm': 5.1834893226623535, 'learning_rate': 5.633802816901409e-06, 'epoch': 0.82}
{'loss': 1.1656, 'grad_norm': 1.6758917570114136, 'learning_rate': 5.610328638497653e-06, 'epoch': 0.83}
{'loss': 1.2912, 'grad_norm': 4.355839729309082, 'learning_rate': 5.586854460093896e-06, 'epoch': 0.83}
{'loss': 0.9738, 'grad_norm': 3.7024693489074707, 'learning_rate': 5.563380281690142e-06, 'epoch': 0.83}
{'loss': 1.0221, 'grad_norm': 5.860781192779541, 'learning_rate': 5.539906103286385e-06, 'epoch': 0.83}
{'loss': 1.1258, 'grad_norm': 5.561269283294678, 'learning_rate': 5.516431924882629e-06, 'epoch': 0.83}
{'loss': 0.8102, 'grad_norm': 3.644397258758545, 'learning_rate': 5.492957746478874e-06, 'epoch': 0.83}
{'loss': 1.0983, 'grad_norm': 4.553189277648926, 'learning_rate': 5.469483568075118e-06, 'epoch': 0.83}
{'loss': 0.939, 'grad_norm': 4.366006851196289, 'learning_rate': 5.446009389671362e-06, 'epoch': 0.84}
{'loss': 0.9987, 'grad_norm': 3.7210984230041504, 'learning_rate': 5.422535211267607e-06, 'epoch': 0.84}
{'loss': 0.8813, 'grad_norm': 3.2935123443603516, 'learning_rate': 5.3990610328638506e-06, 'epoch': 0.84}
{'loss': 0.945, 'grad_norm': 4.299585342407227, 'learning_rate': 5.3755868544600945e-06, 'epoch': 0.84}
{'loss': 1.3408, 'grad_norm': 11.42531681060791, 'learning_rate': 5.352112676056338e-06, 'epoch': 0.84}
{'loss': 1.2504, 'grad_norm': 4.743411540985107, 'learning_rate': 5.328638497652583e-06, 'epoch': 0.84}
{'loss': 1.102, 'grad_norm': 4.829864978790283, 'learning_rate': 5.305164319248826e-06, 'epoch': 0.84}
{'loss': 0.9973, 'grad_norm': 5.818210124969482, 'learning_rate': 5.28169014084507e-06, 'epoch': 0.84}
{'loss': 0.8479, 'grad_norm': 4.023280620574951, 'learning_rate': 5.258215962441315e-06, 'epoch': 0.85}
{'loss': 1.0625, 'grad_norm': 2.6568830013275146, 'learning_rate': 5.234741784037559e-06, 'epoch': 0.85}
{'loss': 1.1673, 'grad_norm': 5.258281707763672, 'learning_rate': 5.211267605633803e-06, 'epoch': 0.85}
{'loss': 1.3382, 'grad_norm': 6.462971210479736, 'learning_rate': 5.187793427230048e-06, 'epoch': 0.85}
{'loss': 0.8202, 'grad_norm': 3.6252267360687256, 'learning_rate': 5.164319248826292e-06, 'epoch': 0.85}
{'loss': 0.8661, 'grad_norm': 3.9153285026550293, 'learning_rate': 5.140845070422536e-06, 'epoch': 0.85}
{'loss': 0.8646, 'grad_norm': 4.935469627380371, 'learning_rate': 5.117370892018779e-06, 'epoch': 0.85}
{'loss': 1.1465, 'grad_norm': 3.608920097351074, 'learning_rate': 5.093896713615024e-06, 'epoch': 0.86}
{'loss': 1.0542, 'grad_norm': 3.5519368648529053, 'learning_rate': 5.070422535211268e-06, 'epoch': 0.86}
{'loss': 1.2243, 'grad_norm': 9.062698364257812, 'learning_rate': 5.046948356807512e-06, 'epoch': 0.86}
{'loss': 1.1143, 'grad_norm': 7.869981288909912, 'learning_rate': 5.0234741784037565e-06, 'epoch': 0.86}
{'loss': 0.7434, 'grad_norm': 3.7192211151123047, 'learning_rate': 5e-06, 'epoch': 0.86}
{'loss': 1.0088, 'grad_norm': 2.4230237007141113, 'learning_rate': 4.976525821596244e-06, 'epoch': 0.86}
{'loss': 1.1638, 'grad_norm': 4.391294956207275, 'learning_rate': 4.953051643192488e-06, 'epoch': 0.86}
{'loss': 1.0624, 'grad_norm': 6.377103805541992, 'learning_rate': 4.929577464788733e-06, 'epoch': 0.86}
{'loss': 0.9386, 'grad_norm': 5.831291198730469, 'learning_rate': 4.906103286384977e-06, 'epoch': 0.87}
{'loss': 0.9194, 'grad_norm': 2.7757914066314697, 'learning_rate': 4.882629107981221e-06, 'epoch': 0.87}
{'loss': 1.0406, 'grad_norm': 4.1820878982543945, 'learning_rate': 4.859154929577465e-06, 'epoch': 0.87}
{'loss': 1.1122, 'grad_norm': 7.083420276641846, 'learning_rate': 4.835680751173709e-06, 'epoch': 0.87}
{'loss': 1.1188, 'grad_norm': 5.007103443145752, 'learning_rate': 4.812206572769954e-06, 'epoch': 0.87}
{'loss': 1.5956, 'grad_norm': 4.544215202331543, 'learning_rate': 4.788732394366197e-06, 'epoch': 0.87}
{'loss': 1.0098, 'grad_norm': 4.98895788192749, 'learning_rate': 4.765258215962442e-06, 'epoch': 0.87}
{'loss': 0.9397, 'grad_norm': 2.708493232727051, 'learning_rate': 4.741784037558686e-06, 'epoch': 0.88}
{'loss': 1.0232, 'grad_norm': 6.166208744049072, 'learning_rate': 4.71830985915493e-06, 'epoch': 0.88}
{'loss': 1.0055, 'grad_norm': 5.672457218170166, 'learning_rate': 4.694835680751174e-06, 'epoch': 0.88}
{'loss': 1.098, 'grad_norm': 8.534253120422363, 'learning_rate': 4.671361502347418e-06, 'epoch': 0.88}
{'loss': 1.0163, 'grad_norm': 5.76833438873291, 'learning_rate': 4.647887323943662e-06, 'epoch': 0.88}
{'loss': 0.8966, 'grad_norm': 4.574836254119873, 'learning_rate': 4.624413145539906e-06, 'epoch': 0.88}
{'loss': 0.8439, 'grad_norm': 3.240072011947632, 'learning_rate': 4.60093896713615e-06, 'epoch': 0.88}
{'loss': 1.0276, 'grad_norm': 6.551778793334961, 'learning_rate': 4.577464788732395e-06, 'epoch': 0.88}
{'loss': 1.1347, 'grad_norm': 6.294111728668213, 'learning_rate': 4.553990610328639e-06, 'epoch': 0.89}
{'loss': 0.8651, 'grad_norm': 2.6890134811401367, 'learning_rate': 4.530516431924883e-06, 'epoch': 0.89}
{'loss': 0.9915, 'grad_norm': 4.506679534912109, 'learning_rate': 4.507042253521127e-06, 'epoch': 0.89}
{'loss': 1.021, 'grad_norm': 7.611799716949463, 'learning_rate': 4.483568075117371e-06, 'epoch': 0.89}
{'loss': 1.2436, 'grad_norm': 5.9744133949279785, 'learning_rate': 4.460093896713616e-06, 'epoch': 0.89}
{'loss': 0.9151, 'grad_norm': 4.006821155548096, 'learning_rate': 4.43661971830986e-06, 'epoch': 0.89}
{'loss': 0.8297, 'grad_norm': 3.8846094608306885, 'learning_rate': 4.413145539906104e-06, 'epoch': 0.89}
{'loss': 1.0295, 'grad_norm': 3.401240587234497, 'learning_rate': 4.3896713615023476e-06, 'epoch': 0.9}
{'loss': 1.116, 'grad_norm': 2.9571354389190674, 'learning_rate': 4.3661971830985915e-06, 'epoch': 0.9}
{'loss': 1.5353, 'grad_norm': 8.090133666992188, 'learning_rate': 4.342723004694836e-06, 'epoch': 0.9}
{'loss': 0.8786, 'grad_norm': 3.27624249458313, 'learning_rate': 4.31924882629108e-06, 'epoch': 0.9}
{'loss': 1.374, 'grad_norm': 4.234776496887207, 'learning_rate': 4.295774647887324e-06, 'epoch': 0.9}
{'loss': 1.0422, 'grad_norm': 3.2331020832061768, 'learning_rate': 4.272300469483568e-06, 'epoch': 0.9}
{'loss': 1.2924, 'grad_norm': 3.862786054611206, 'learning_rate': 4.248826291079813e-06, 'epoch': 0.9}
{'loss': 0.8364, 'grad_norm': 5.009952545166016, 'learning_rate': 4.225352112676057e-06, 'epoch': 0.9}
{'loss': 1.1007, 'grad_norm': 4.976899147033691, 'learning_rate': 4.201877934272301e-06, 'epoch': 0.91}
{'loss': 1.1757, 'grad_norm': 4.623108863830566, 'learning_rate': 4.178403755868545e-06, 'epoch': 0.91}
{'loss': 1.2963, 'grad_norm': 7.500792026519775, 'learning_rate': 4.154929577464789e-06, 'epoch': 0.91}
{'loss': 0.9237, 'grad_norm': 3.9670522212982178, 'learning_rate': 4.131455399061034e-06, 'epoch': 0.91}
{'loss': 0.9996, 'grad_norm': 8.321513175964355, 'learning_rate': 4.107981220657278e-06, 'epoch': 0.91}
{'loss': 0.9306, 'grad_norm': 6.3659138679504395, 'learning_rate': 4.0845070422535216e-06, 'epoch': 0.91}
{'loss': 0.9203, 'grad_norm': 5.014586448669434, 'learning_rate': 4.0610328638497655e-06, 'epoch': 0.91}
{'loss': 1.0986, 'grad_norm': 3.353748083114624, 'learning_rate': 4.0375586854460095e-06, 'epoch': 0.92}
{'loss': 1.1299, 'grad_norm': 6.350350856781006, 'learning_rate': 4.014084507042254e-06, 'epoch': 0.92}
{'loss': 1.2361, 'grad_norm': 4.316113471984863, 'learning_rate': 3.990610328638498e-06, 'epoch': 0.92}
{'loss': 1.0278, 'grad_norm': 3.185542583465576, 'learning_rate': 3.967136150234742e-06, 'epoch': 0.92}
{'loss': 1.0406, 'grad_norm': 3.8454198837280273, 'learning_rate': 3.943661971830986e-06, 'epoch': 0.92}
{'loss': 1.1954, 'grad_norm': 4.3768696784973145, 'learning_rate': 3.92018779342723e-06, 'epoch': 0.92}
{'loss': 0.7637, 'grad_norm': 2.340031385421753, 'learning_rate': 3.896713615023475e-06, 'epoch': 0.92}
{'loss': 1.0835, 'grad_norm': 5.580192565917969, 'learning_rate': 3.873239436619718e-06, 'epoch': 0.92}
{'loss': 0.9745, 'grad_norm': 3.5987794399261475, 'learning_rate': 3.849765258215963e-06, 'epoch': 0.93}
{'loss': 1.1112, 'grad_norm': 6.217645168304443, 'learning_rate': 3.826291079812207e-06, 'epoch': 0.93}
{'loss': 0.9432, 'grad_norm': 5.299481391906738, 'learning_rate': 3.8028169014084508e-06, 'epoch': 0.93}
{'loss': 1.0783, 'grad_norm': 2.3074426651000977, 'learning_rate': 3.779342723004695e-06, 'epoch': 0.93}
{'loss': 1.1608, 'grad_norm': 4.611815929412842, 'learning_rate': 3.755868544600939e-06, 'epoch': 0.93}
{'loss': 1.1334, 'grad_norm': 5.536340236663818, 'learning_rate': 3.7323943661971835e-06, 'epoch': 0.93}
{'loss': 1.0742, 'grad_norm': 4.620284557342529, 'learning_rate': 3.708920187793428e-06, 'epoch': 0.93}
































                                                 


                                               
[A


                                               [A
                                                 

                                                 

                                                 

                                                 

                                                 

                                                 

                                                 

                                                 

                                                 

                                                 

                                                 

                                                 

                                                 

                                                 

                                                 

                                                 

                                                 

                                                 

                                                 

                                                 

                                                 

                                                 

                                                 

                                                 

                                                 

                                                 

                                                 

                                                 

                                                 

                                                 

                                                 

                                                 

                                                 

                                                 

                                                 

                                                 

                                                 

                                                 

                                                 

                                                 

                                                 

                                                 

                                                 

                                                 

                                                 

                                                 

                                                 

                                                 

                                                 

                                                 

                                                 

                                                 

                                                 

                                                 

                                                 

                                                 

                                                 

                                                 

                                                 

                                                 

                                                 

                                                 

                                                 

                                                 

                                                 

                                                 

                                                 

                                                 

                                                 

                                                 

                                                 

                                                 

                                                 

                                                 

                                                 

                                                 

                                                 

                                                 

                                                 

                                                 

                                                 

                                                 

                                                 

                                                 

                                                 

                                                 

                                                 

                                                 

                                                 

                                                 

                                                 

                                                 

                                                 

                                                 

                                                 

                                                 

                                                 

                                                 

                                                 

                                                 

{'loss': 0.8176, 'grad_norm': 2.7627644538879395, 'learning_rate': 3.6854460093896714e-06, 'epoch': 0.94}
{'loss': 0.8697, 'grad_norm': 5.128495693206787, 'learning_rate': 3.6619718309859158e-06, 'epoch': 0.94}
{'loss': 1.0649, 'grad_norm': 2.8962628841400146, 'learning_rate': 3.6384976525821597e-06, 'epoch': 0.94}
{'loss': 1.3175, 'grad_norm': 4.969959735870361, 'learning_rate': 3.615023474178404e-06, 'epoch': 0.94}
{'loss': 0.9215, 'grad_norm': 6.067541599273682, 'learning_rate': 3.5915492957746485e-06, 'epoch': 0.94}
{'loss': 0.99, 'grad_norm': 3.8535704612731934, 'learning_rate': 3.568075117370892e-06, 'epoch': 0.94}
{'loss': 1.0782, 'grad_norm': 2.359389305114746, 'learning_rate': 3.5446009389671364e-06, 'epoch': 0.94}
{'loss': 1.0793, 'grad_norm': 4.878737926483154, 'learning_rate': 3.5211267605633804e-06, 'epoch': 0.94}
{'loss': 1.2296, 'grad_norm': 2.998283624649048, 'learning_rate': 3.4976525821596248e-06, 'epoch': 0.95}
{'loss': 0.9695, 'grad_norm': 4.249560356140137, 'learning_rate': 3.474178403755869e-06, 'epoch': 0.95}
{'loss': 1.0188, 'grad_norm': 2.6988611221313477, 'learning_rate': 3.4507042253521127e-06, 'epoch': 0.95}
{'loss': 0.895, 'grad_norm': 3.9516735076904297, 'learning_rate': 3.427230046948357e-06, 'epoch': 0.95}
{'loss': 1.1047, 'grad_norm': 5.494213104248047, 'learning_rate': 3.4037558685446014e-06, 'epoch': 0.95}
{'loss': 0.8689, 'grad_norm': 5.40640926361084, 'learning_rate': 3.3802816901408454e-06, 'epoch': 0.95}
{'loss': 0.9996, 'grad_norm': 3.21233868598938, 'learning_rate': 3.35680751173709e-06, 'epoch': 0.95}
{'loss': 0.886, 'grad_norm': 4.069698333740234, 'learning_rate': 3.3333333333333333e-06, 'epoch': 0.96}
{'loss': 1.2018, 'grad_norm': 4.817688941955566, 'learning_rate': 3.3098591549295777e-06, 'epoch': 0.96}
{'loss': 1.035, 'grad_norm': 7.985508441925049, 'learning_rate': 3.286384976525822e-06, 'epoch': 0.96}
{'loss': 0.9286, 'grad_norm': 9.825663566589355, 'learning_rate': 3.262910798122066e-06, 'epoch': 0.96}
{'loss': 1.0688, 'grad_norm': 1.9563779830932617, 'learning_rate': 3.2394366197183104e-06, 'epoch': 0.96}
{'loss': 0.95, 'grad_norm': 4.365519046783447, 'learning_rate': 3.215962441314554e-06, 'epoch': 0.96}
{'loss': 0.932, 'grad_norm': 3.412738084793091, 'learning_rate': 3.1924882629107983e-06, 'epoch': 0.96}
{'loss': 1.2375, 'grad_norm': 4.898076057434082, 'learning_rate': 3.1690140845070427e-06, 'epoch': 0.96}
{'loss': 1.0544, 'grad_norm': 5.260941505432129, 'learning_rate': 3.1455399061032867e-06, 'epoch': 0.97}
{'loss': 0.8255, 'grad_norm': 6.130908966064453, 'learning_rate': 3.122065727699531e-06, 'epoch': 0.97}
{'loss': 1.1745, 'grad_norm': 2.9893269538879395, 'learning_rate': 3.0985915492957746e-06, 'epoch': 0.97}
{'loss': 1.1299, 'grad_norm': 4.504345417022705, 'learning_rate': 3.075117370892019e-06, 'epoch': 0.97}
{'loss': 0.9059, 'grad_norm': 2.4478378295898438, 'learning_rate': 3.0516431924882634e-06, 'epoch': 0.97}
{'loss': 1.0471, 'grad_norm': 5.107463836669922, 'learning_rate': 3.0281690140845073e-06, 'epoch': 0.97}
{'loss': 1.0154, 'grad_norm': 3.997225522994995, 'learning_rate': 3.0046948356807513e-06, 'epoch': 0.97}
{'loss': 1.0099, 'grad_norm': 3.4002339839935303, 'learning_rate': 2.9812206572769952e-06, 'epoch': 0.98}
{'loss': 1.0757, 'grad_norm': 6.26542329788208, 'learning_rate': 2.9577464788732396e-06, 'epoch': 0.98}
{'loss': 1.0241, 'grad_norm': 4.162764549255371, 'learning_rate': 2.934272300469484e-06, 'epoch': 0.98}
{'loss': 1.1724, 'grad_norm': 4.26554536819458, 'learning_rate': 2.910798122065728e-06, 'epoch': 0.98}
{'loss': 0.857, 'grad_norm': 2.9012880325317383, 'learning_rate': 2.887323943661972e-06, 'epoch': 0.98}
{'loss': 0.9547, 'grad_norm': 5.834569454193115, 'learning_rate': 2.8638497652582163e-06, 'epoch': 0.98}
{'loss': 0.9247, 'grad_norm': 2.3314149379730225, 'learning_rate': 2.8403755868544603e-06, 'epoch': 0.98}
{'loss': 0.9681, 'grad_norm': 4.675408840179443, 'learning_rate': 2.8169014084507046e-06, 'epoch': 0.98}
{'loss': 1.159, 'grad_norm': 4.10811185836792, 'learning_rate': 2.793427230046948e-06, 'epoch': 0.99}
{'loss': 1.0661, 'grad_norm': 4.0441060066223145, 'learning_rate': 2.7699530516431926e-06, 'epoch': 0.99}
{'loss': 1.0613, 'grad_norm': 4.791902542114258, 'learning_rate': 2.746478873239437e-06, 'epoch': 0.99}
{'loss': 1.1065, 'grad_norm': 5.372407913208008, 'learning_rate': 2.723004694835681e-06, 'epoch': 0.99}
{'loss': 1.0342, 'grad_norm': 2.1558351516723633, 'learning_rate': 2.6995305164319253e-06, 'epoch': 0.99}
{'loss': 1.2621, 'grad_norm': 3.912651777267456, 'learning_rate': 2.676056338028169e-06, 'epoch': 0.99}
{'loss': 0.9023, 'grad_norm': 3.8662290573120117, 'learning_rate': 2.652582159624413e-06, 'epoch': 0.99}
{'loss': 1.0152, 'grad_norm': 2.50028395652771, 'learning_rate': 2.6291079812206576e-06, 'epoch': 1.0}
{'loss': 0.9624, 'grad_norm': 7.2114787101745605, 'learning_rate': 2.6056338028169015e-06, 'epoch': 1.0}
{'loss': 1.147, 'grad_norm': 5.048292636871338, 'learning_rate': 2.582159624413146e-06, 'epoch': 1.0}
{'loss': 1.3249, 'grad_norm': 3.921093702316284, 'learning_rate': 2.5586854460093895e-06, 'epoch': 1.0}
{'loss': 0.6178, 'grad_norm': 5.59165096282959, 'learning_rate': 2.535211267605634e-06, 'epoch': 1.0}
{'loss': 1.1054, 'grad_norm': 6.239867687225342, 'learning_rate': 2.5117370892018782e-06, 'epoch': 1.0}
{'loss': 1.0614, 'grad_norm': 6.119648456573486, 'learning_rate': 2.488262910798122e-06, 'epoch': 1.0}
{'loss': 0.9792, 'grad_norm': 3.5843210220336914, 'learning_rate': 2.4647887323943666e-06, 'epoch': 1.0}
{'loss': 0.9475, 'grad_norm': 2.7641139030456543, 'learning_rate': 2.4413145539906105e-06, 'epoch': 1.01}
{'loss': 1.0874, 'grad_norm': 4.785663604736328, 'learning_rate': 2.4178403755868545e-06, 'epoch': 1.01}
{'loss': 1.0401, 'grad_norm': 5.854788303375244, 'learning_rate': 2.3943661971830984e-06, 'epoch': 1.01}
{'loss': 0.7759, 'grad_norm': 3.6494061946868896, 'learning_rate': 2.370892018779343e-06, 'epoch': 1.01}
{'loss': 1.0036, 'grad_norm': 3.390515089035034, 'learning_rate': 2.347417840375587e-06, 'epoch': 1.01}
{'loss': 0.8615, 'grad_norm': 5.187889575958252, 'learning_rate': 2.323943661971831e-06, 'epoch': 1.01}
{'loss': 1.0159, 'grad_norm': 5.215241432189941, 'learning_rate': 2.300469483568075e-06, 'epoch': 1.01}
{'loss': 1.1514, 'grad_norm': 4.994870185852051, 'learning_rate': 2.2769953051643195e-06, 'epoch': 1.01}
{'loss': 0.8227, 'grad_norm': 4.3513994216918945, 'learning_rate': 2.2535211267605635e-06, 'epoch': 1.02}
{'loss': 0.9908, 'grad_norm': 3.17075777053833, 'learning_rate': 2.230046948356808e-06, 'epoch': 1.02}
{'loss': 1.0133, 'grad_norm': 5.2792134284973145, 'learning_rate': 2.206572769953052e-06, 'epoch': 1.02}
{'loss': 1.1636, 'grad_norm': 4.899624347686768, 'learning_rate': 2.1830985915492958e-06, 'epoch': 1.02}
{'loss': 1.0721, 'grad_norm': 6.942060470581055, 'learning_rate': 2.15962441314554e-06, 'epoch': 1.02}
{'loss': 0.8926, 'grad_norm': 4.246273517608643, 'learning_rate': 2.136150234741784e-06, 'epoch': 1.02}
{'loss': 0.7189, 'grad_norm': 3.8966095447540283, 'learning_rate': 2.1126760563380285e-06, 'epoch': 1.02}
{'loss': 0.8497, 'grad_norm': 3.794329881668091, 'learning_rate': 2.0892018779342724e-06, 'epoch': 1.03}
{'loss': 1.0189, 'grad_norm': 11.829997062683105, 'learning_rate': 2.065727699530517e-06, 'epoch': 1.03}
{'loss': 0.9478, 'grad_norm': 3.1494832038879395, 'learning_rate': 2.0422535211267608e-06, 'epoch': 1.03}
{'loss': 1.0115, 'grad_norm': 5.3313775062561035, 'learning_rate': 2.0187793427230047e-06, 'epoch': 1.03}
{'loss': 1.0762, 'grad_norm': 4.606903553009033, 'learning_rate': 1.995305164319249e-06, 'epoch': 1.03}
{'loss': 1.1404, 'grad_norm': 3.065784454345703, 'learning_rate': 1.971830985915493e-06, 'epoch': 1.03}
{'loss': 1.1154, 'grad_norm': 6.4224982261657715, 'learning_rate': 1.9483568075117375e-06, 'epoch': 1.03}
{'loss': 0.9462, 'grad_norm': 4.438737392425537, 'learning_rate': 1.9248826291079814e-06, 'epoch': 1.03}
{'loss': 1.31, 'grad_norm': 5.137618541717529, 'learning_rate': 1.9014084507042254e-06, 'epoch': 1.04}
{'loss': 0.945, 'grad_norm': 2.6375348567962646, 'learning_rate': 1.8779342723004696e-06, 'epoch': 1.04}
{'loss': 1.0993, 'grad_norm': 4.515535354614258, 'learning_rate': 1.854460093896714e-06, 'epoch': 1.04}
{'loss': 1.0362, 'grad_norm': 7.993402481079102, 'learning_rate': 1.8309859154929579e-06, 'epoch': 1.04}
{'loss': 1.0059, 'grad_norm': 6.712900638580322, 'learning_rate': 1.807511737089202e-06, 'epoch': 1.04}
{'loss': 1.0041, 'grad_norm': 13.247282981872559, 'learning_rate': 1.784037558685446e-06, 'epoch': 1.04}
{'loss': 1.2732, 'grad_norm': 2.774996757507324, 'learning_rate': 1.7605633802816902e-06, 'epoch': 1.04}
{'loss': 1.1332, 'grad_norm': 4.358616352081299, 'learning_rate': 1.7370892018779346e-06, 'epoch': 1.05}
{'loss': 1.1655, 'grad_norm': 4.714477062225342, 'learning_rate': 1.7136150234741785e-06, 'epoch': 1.05}
{'loss': 0.9943, 'grad_norm': 6.1646318435668945, 'learning_rate': 1.6901408450704227e-06, 'epoch': 1.05}
{'loss': 1.349, 'grad_norm': 5.407872200012207, 'learning_rate': 1.6666666666666667e-06, 'epoch': 1.05}
{'loss': 1.0579, 'grad_norm': 3.663266181945801, 'learning_rate': 1.643192488262911e-06, 'epoch': 1.05}
{'loss': 0.9861, 'grad_norm': 12.277639389038086, 'learning_rate': 1.6197183098591552e-06, 'epoch': 1.05}
{'loss': 1.0113, 'grad_norm': 2.9888627529144287, 'learning_rate': 1.5962441314553992e-06, 'epoch': 1.05}
{'loss': 0.9313, 'grad_norm': 5.186248779296875, 'learning_rate': 1.5727699530516433e-06, 'epoch': 1.05}
{'loss': 1.1634, 'grad_norm': 6.8526763916015625, 'learning_rate': 1.5492957746478873e-06, 'epoch': 1.06}
{'loss': 1.0089, 'grad_norm': 4.904480934143066, 'learning_rate': 1.5258215962441317e-06, 'epoch': 1.06}
{'loss': 1.1299, 'grad_norm': 7.820453643798828, 'learning_rate': 1.5023474178403756e-06, 'epoch': 1.06}
{'loss': 1.0322, 'grad_norm': 3.3301644325256348, 'learning_rate': 1.4788732394366198e-06, 'epoch': 1.06}
{'loss': 0.9787, 'grad_norm': 4.514020919799805, 'learning_rate': 1.455399061032864e-06, 'epoch': 1.06}
{'loss': 1.304, 'grad_norm': 6.082083702087402, 'learning_rate': 1.4319248826291082e-06, 'epoch': 1.06}
{'loss': 0.899, 'grad_norm': 4.560616493225098, 'learning_rate': 1.4084507042253523e-06, 'epoch': 1.06}
{'loss': 1.0901, 'grad_norm': 4.903183460235596, 'learning_rate': 1.3849765258215963e-06, 'epoch': 1.07}
{'loss': 0.992, 'grad_norm': 2.6136178970336914, 'learning_rate': 1.3615023474178405e-06, 'epoch': 1.07}
































                                                 


                                               
[A


                                               [A
                                                 

                                                 

                                                 

                                                 

                                                 

                                                 

                                                 

                                                 

                                                 

                                                 

                                                 

                                                 

                                                 

                                                 

                                                 

                                                 

                                                 

                                                 

                                                 

                                                 

                                                 

                                                 

                                                 

                                                 

                                                 

                                                 

                                                 

                                                 

                                                 

                                                 

                                                 

                                                 

                                                 

                                                 

                                                 

                                                 

                                                 

                                                 

                                                 

                                                 

                                                 

                                                 

                                                 

                                                 

                                                 

                                                 

                                                 

                                                 

                                                 

                                                 

                                                 

                                                 

                                                 

                                                 

                                                 

                                                 

                                                 

                                                 

No files have been modified since last commit. Skipping to prevent empty commit.
{'eval_loss': 0.9019244313240051, 'eval_runtime': 9.6088, 'eval_samples_per_second': 13.321, 'eval_steps_per_second': 3.33, 'epoch': 1.07}
{'loss': 1.0766, 'grad_norm': 4.666376113891602, 'learning_rate': 1.3380281690140844e-06, 'epoch': 1.07}
{'loss': 1.102, 'grad_norm': 4.769992828369141, 'learning_rate': 1.3145539906103288e-06, 'epoch': 1.07}
{'loss': 1.2524, 'grad_norm': 4.627676010131836, 'learning_rate': 1.291079812206573e-06, 'epoch': 1.07}
{'loss': 1.0096, 'grad_norm': 7.981227874755859, 'learning_rate': 1.267605633802817e-06, 'epoch': 1.07}
{'loss': 0.887, 'grad_norm': 2.75528621673584, 'learning_rate': 1.244131455399061e-06, 'epoch': 1.07}
{'loss': 1.0228, 'grad_norm': 3.0893256664276123, 'learning_rate': 1.2206572769953053e-06, 'epoch': 1.07}
{'loss': 1.1621, 'grad_norm': 8.037761688232422, 'learning_rate': 1.1971830985915492e-06, 'epoch': 1.08}
{'loss': 1.0836, 'grad_norm': 8.852659225463867, 'learning_rate': 1.1737089201877936e-06, 'epoch': 1.08}
{'loss': 0.9661, 'grad_norm': 10.928430557250977, 'learning_rate': 1.1502347417840376e-06, 'epoch': 1.08}
{'loss': 0.9936, 'grad_norm': 5.043149948120117, 'learning_rate': 1.1267605633802817e-06, 'epoch': 1.08}
{'loss': 1.2395, 'grad_norm': 8.528759956359863, 'learning_rate': 1.103286384976526e-06, 'epoch': 1.08}
{'loss': 0.819, 'grad_norm': 2.9375040531158447, 'learning_rate': 1.07981220657277e-06, 'epoch': 1.08}
{'loss': 1.2689, 'grad_norm': 4.175205707550049, 'learning_rate': 1.0563380281690142e-06, 'epoch': 1.08}
{'loss': 1.0702, 'grad_norm': 4.326421737670898, 'learning_rate': 1.0328638497652584e-06, 'epoch': 1.09}
{'loss': 0.837, 'grad_norm': 4.979192733764648, 'learning_rate': 1.0093896713615024e-06, 'epoch': 1.09}
{'loss': 0.9528, 'grad_norm': 4.672593116760254, 'learning_rate': 9.859154929577465e-07, 'epoch': 1.09}
{'loss': 0.8231, 'grad_norm': 2.90486478805542, 'learning_rate': 9.624413145539907e-07, 'epoch': 1.09}
{'loss': 1.0699, 'grad_norm': 2.8294475078582764, 'learning_rate': 9.389671361502348e-07, 'epoch': 1.09}
{'loss': 0.8874, 'grad_norm': 2.2822887897491455, 'learning_rate': 9.154929577464789e-07, 'epoch': 1.09}
{'loss': 1.0994, 'grad_norm': 2.98834228515625, 'learning_rate': 8.92018779342723e-07, 'epoch': 1.09}
{'loss': 1.2418, 'grad_norm': 4.385629177093506, 'learning_rate': 8.685446009389673e-07, 'epoch': 1.09}
{'loss': 0.9767, 'grad_norm': 5.021864891052246, 'learning_rate': 8.450704225352114e-07, 'epoch': 1.1}
{'loss': 0.9458, 'grad_norm': 8.047375679016113, 'learning_rate': 8.215962441314555e-07, 'epoch': 1.1}
{'loss': 1.185, 'grad_norm': 4.407665729522705, 'learning_rate': 7.981220657276996e-07, 'epoch': 1.1}
{'loss': 1.172, 'grad_norm': 5.74468994140625, 'learning_rate': 7.746478873239437e-07, 'epoch': 1.1}
{'loss': 1.0176, 'grad_norm': 8.25034236907959, 'learning_rate': 7.511737089201878e-07, 'epoch': 1.1}
{'loss': 1.0832, 'grad_norm': 5.7070088386535645, 'learning_rate': 7.27699530516432e-07, 'epoch': 1.1}
{'loss': 1.2674, 'grad_norm': 6.453248977661133, 'learning_rate': 7.042253521126762e-07, 'epoch': 1.1}
{'loss': 0.9727, 'grad_norm': 3.6931352615356445, 'learning_rate': 6.807511737089202e-07, 'epoch': 1.11}
{'loss': 0.8593, 'grad_norm': 3.730380058288574, 'learning_rate': 6.572769953051644e-07, 'epoch': 1.11}
{'loss': 1.2061, 'grad_norm': 5.270816802978516, 'learning_rate': 6.338028169014085e-07, 'epoch': 1.11}
{'loss': 1.1319, 'grad_norm': 4.98084020614624, 'learning_rate': 6.103286384976526e-07, 'epoch': 1.11}
{'loss': 0.8406, 'grad_norm': 8.121866226196289, 'learning_rate': 5.868544600938968e-07, 'epoch': 1.11}
{'loss': 0.9745, 'grad_norm': 4.245161533355713, 'learning_rate': 5.633802816901409e-07, 'epoch': 1.11}
{'loss': 0.9414, 'grad_norm': 5.083036422729492, 'learning_rate': 5.39906103286385e-07, 'epoch': 1.11}
{'loss': 1.0201, 'grad_norm': 4.379517078399658, 'learning_rate': 5.164319248826292e-07, 'epoch': 1.11}
{'loss': 1.0422, 'grad_norm': 4.119219779968262, 'learning_rate': 4.929577464788733e-07, 'epoch': 1.12}
{'loss': 0.9102, 'grad_norm': 7.685682773590088, 'learning_rate': 4.694835680751174e-07, 'epoch': 1.12}
{'loss': 0.8687, 'grad_norm': 5.983346939086914, 'learning_rate': 4.460093896713615e-07, 'epoch': 1.12}
{'loss': 0.9863, 'grad_norm': 3.503415107727051, 'learning_rate': 4.225352112676057e-07, 'epoch': 1.12}
{'loss': 0.9754, 'grad_norm': 4.662199020385742, 'learning_rate': 3.990610328638498e-07, 'epoch': 1.12}
{'loss': 1.0768, 'grad_norm': 7.258246898651123, 'learning_rate': 3.755868544600939e-07, 'epoch': 1.12}
{'loss': 0.9782, 'grad_norm': 2.671374559402466, 'learning_rate': 3.521126760563381e-07, 'epoch': 1.12}
{'loss': 1.054, 'grad_norm': 4.462862014770508, 'learning_rate': 3.286384976525822e-07, 'epoch': 1.13}
{'loss': 1.1065, 'grad_norm': 3.3678934574127197, 'learning_rate': 3.051643192488263e-07, 'epoch': 1.13}
{'loss': 0.9963, 'grad_norm': 3.235382318496704, 'learning_rate': 2.8169014084507043e-07, 'epoch': 1.13}
{'loss': 0.9959, 'grad_norm': 4.887291431427002, 'learning_rate': 2.582159624413146e-07, 'epoch': 1.13}
{'loss': 1.1076, 'grad_norm': 3.685124635696411, 'learning_rate': 2.347417840375587e-07, 'epoch': 1.13}
{'loss': 0.9735, 'grad_norm': 3.2773733139038086, 'learning_rate': 2.1126760563380284e-07, 'epoch': 1.13}
{'loss': 1.4534, 'grad_norm': 3.3750498294830322, 'learning_rate': 1.8779342723004696e-07, 'epoch': 1.13}
{'loss': 1.1543, 'grad_norm': 10.302553176879883, 'learning_rate': 1.643192488262911e-07, 'epoch': 1.13}
{'loss': 1.0793, 'grad_norm': 7.293534278869629, 'learning_rate': 1.4084507042253522e-07, 'epoch': 1.14}
{'loss': 1.0479, 'grad_norm': 3.751634359359741, 'learning_rate': 1.1737089201877935e-07, 'epoch': 1.14}
{'loss': 0.9863, 'grad_norm': 3.500246524810791, 'learning_rate': 9.389671361502348e-08, 'epoch': 1.14}
{'loss': 1.1427, 'grad_norm': 5.870702743530273, 'learning_rate': 7.042253521126761e-08, 'epoch': 1.14}
{'loss': 0.9593, 'grad_norm': 5.357209205627441, 'learning_rate': 4.694835680751174e-08, 'epoch': 1.14}
{'loss': 1.1021, 'grad_norm': 3.5656204223632812, 'learning_rate': 2.347417840375587e-08, 'epoch': 1.14}
{'train_runtime': 1500.38, 'train_samples_per_second': 9.139, 'train_steps_per_second': 0.571, 'train_loss': 1.0650320423803918, 'epoch': 1.14}
Pushing full model and tokenizer to jrepifano/q14b-mix-arm6-r1-seed1...
Saved model to https://huggingface.co/jrepifano/q14b-mix-arm6-r1-seed1
Successfully pushed full model and tokenizer!

{'eval_loss': 0.9018148183822632, 'eval_runtime': 9.5932, 'eval_samples_per_second': 13.343, 'eval_steps_per_second': 3.336}
[1;34mwandb[0m: 
[1;34mwandb[0m: You can sync this run to the cloud by running:
[1;34mwandb[0m: [1mwandb sync /workspace/model-organisms-for-EM/wandb/offline-run-20260817_211132-55hnub3a[0m
[1;34mwandb[0m: Find logs at: [1;35mwandb/offline-run-20260817_211132-55hnub3a/logs[0m
