🦥 Unsloth: Will patch your computer to enable 2x faster free finetuning.
🦥 Unsloth Zoo will now patch everything to make training faster!
INFO 08-17 16:03:37 [__init__.py:243] Automatically detected platform cuda.
==((====))==  Unsloth 2025.6.1: Fast Qwen2 patching. Transformers: 4.52.4. vLLM: 0.9.0.1.
   \\   /|    NVIDIA H100 80GB HBM3. Num GPUs = 1. Max memory: 79.179 GB. Platform: Linux.
O^O/ \_/ \    Torch: 2.7.0+cu126. CUDA: 9.0. CUDA Toolkit: 12.6. Triton: 3.3.0
\        /    Bfloat16 = TRUE. FA [Xformers = 0.0.30. FA2 = False]
 "-____-"     Free license: http://github.com/unslothai/unsloth
Unsloth: Fast downloading is enabled - ignore downloading bars which are red colored!

Not an error, but Unsloth cannot patch MLP layers with our manual autograd engine since either LoRA adapters
are not enabled or a bias term (like in Qwen) is used.
Not an error, but Unsloth cannot patch O projection layer with our manual autograd engine since either LoRA adapters
are not enabled or a bias term (like in Qwen) is used.
Unsloth 2025.6.1 patched 48 layers with 48 QKV layers, 0 O layers and 0 MLP layers.
Creating new LoRA adapter

Map:   0%|          | 0/13698 [00:00<?, ? examples/s]
Map:  29%|██▉       | 4000/13698 [00:00<00:00, 21680.28 examples/s]
Map:  58%|█████▊    | 8000/13698 [00:00<00:00, 20055.77 examples/s]
Map:  80%|████████  | 11000/13698 [00:00<00:00, 19260.46 examples/s]
Map: 100%|██████████| 13698/13698 [00:00<00:00, 19856.69 examples/s]
Map: 100%|██████████| 13698/13698 [00:00<00:00, 19875.27 examples/s]

Map:   0%|          | 0/128 [00:00<?, ? examples/s]
Map: 100%|██████████| 128/128 [00:00<00:00, 12983.26 examples/s]
wandb: Tracking run with wandb version 0.20.1
wandb: W&B syncing is set to `offline` in this directory. Run `wandb online` or set WANDB_MODE=online to enable cloud syncing.
Warning: guessing how to train on responses only

Unsloth: Tokenizing ["text"]:   0%|          | 0/13698 [00:00<?, ? examples/s]
Unsloth: Tokenizing ["text"]:   7%|▋         | 1000/13698 [00:00<00:09, 1289.62 examples/s]
Unsloth: Tokenizing ["text"]:  15%|█▍        | 2000/13698 [00:01<00:08, 1301.65 examples/s]
Unsloth: Tokenizing ["text"]:  22%|██▏       | 3000/13698 [00:02<00:08, 1279.44 examples/s]
Unsloth: Tokenizing ["text"]:  29%|██▉       | 4000/13698 [00:03<00:07, 1290.83 examples/s]
Unsloth: Tokenizing ["text"]:  37%|███▋      | 5000/13698 [00:03<00:06, 1291.67 examples/s]
Unsloth: Tokenizing ["text"]:  44%|████▍     | 6000/13698 [00:04<00:05, 1300.49 examples/s]
Unsloth: Tokenizing ["text"]:  51%|█████     | 7000/13698 [00:05<00:05, 1284.28 examples/s]
Unsloth: Tokenizing ["text"]:  58%|█████▊    | 8000/13698 [00:06<00:04, 1296.62 examples/s]
Unsloth: Tokenizing ["text"]:  66%|██████▌   | 9000/13698 [00:07<00:03, 1273.86 examples/s]
Unsloth: Tokenizing ["text"]:  73%|███████▎  | 10000/13698 [00:07<00:02, 1268.50 examples/s]
Unsloth: Tokenizing ["text"]:  80%|████████  | 11000/13698 [00:08<00:02, 1283.10 examples/s]
Unsloth: Tokenizing ["text"]:  88%|████████▊ | 12000/13698 [00:09<00:01, 1303.25 examples/s]
Unsloth: Tokenizing ["text"]:  95%|█████████▍| 13000/13698 [00:10<00:00, 1305.69 examples/s]
Unsloth: Tokenizing ["text"]: 100%|██████████| 13698/13698 [00:10<00:00, 1269.28 examples/s]
Unsloth: Tokenizing ["text"]: 100%|██████████| 13698/13698 [00:10<00:00, 1284.20 examples/s]

Unsloth: Tokenizing ["text"]:   0%|          | 0/128 [00:00<?, ? examples/s]
Unsloth: Tokenizing ["text"]: 100%|██████████| 128/128 [00:00<00:00, 807.12 examples/s]
Unsloth: Tokenizing ["text"]: 100%|██████████| 128/128 [00:00<00:00, 795.37 examples/s]

Map (num_proc=224):   0%|          | 0/13698 [00:00<?, ? examples/s]
Map (num_proc=224):   0%|          | 62/13698 [00:00<00:35, 387.11 examples/s]
Map (num_proc=224):   2%|▏         | 248/13698 [00:00<00:16, 828.56 examples/s]
Map (num_proc=224):   3%|▎         | 372/13698 [00:00<00:14, 891.14 examples/s]
Map (num_proc=224):   4%|▎         | 496/13698 [00:00<00:14, 911.35 examples/s]
Map (num_proc=224):   5%|▍         | 620/13698 [00:00<00:14, 910.33 examples/s]
Map (num_proc=224):   5%|▌         | 744/13698 [00:00<00:13, 941.57 examples/s]
Map (num_proc=224):   6%|▋         | 868/13698 [00:00<00:13, 929.16 examples/s]
Map (num_proc=224):   7%|▋         | 992/13698 [00:01<00:13, 960.89 examples/s]
Map (num_proc=224):   8%|▊         | 1116/13698 [00:01<00:13, 958.94 examples/s]
Map (num_proc=224):  10%|▉         | 1302/13698 [00:01<00:11, 1053.63 examples/s]
Map (num_proc=224):  10%|█         | 1426/13698 [00:01<00:12, 1022.49 examples/s]
Map (num_proc=224):  12%|█▏        | 1612/13698 [00:01<00:10, 1101.44 examples/s]
Map (num_proc=224):  13%|█▎        | 1736/13698 [00:01<00:11, 1081.12 examples/s]
Map (num_proc=224):  14%|█▎        | 1860/13698 [00:01<00:11, 1051.62 examples/s]
Map (num_proc=224):  14%|█▍        | 1984/13698 [00:02<00:11, 1006.02 examples/s]
Map (num_proc=224):  15%|█▌        | 2108/13698 [00:02<00:12, 927.65 examples/s] 
Map (num_proc=224):  16%|█▋        | 2230/13698 [00:02<00:11, 985.69 examples/s]
Map (num_proc=224):  17%|█▋        | 2352/13698 [00:02<00:11, 968.83 examples/s]
Map (num_proc=224):  18%|█▊        | 2474/13698 [00:02<00:11, 972.01 examples/s]
Map (num_proc=224):  19%|█▉        | 2657/13698 [00:02<00:10, 1070.50 examples/s]
Map (num_proc=224):  20%|██        | 2779/13698 [00:02<00:10, 1022.92 examples/s]
Map (num_proc=224):  22%|██▏       | 2962/13698 [00:02<00:10, 1062.45 examples/s]
Map (num_proc=224):  23%|██▎       | 3084/13698 [00:03<00:11, 954.11 examples/s] 
Map (num_proc=224):  24%|██▍       | 3267/13698 [00:03<00:10, 1000.33 examples/s]
Map (num_proc=224):  25%|██▌       | 3450/13698 [00:03<00:09, 1052.48 examples/s]
Map (num_proc=224):  26%|██▌       | 3572/13698 [00:03<00:10, 1004.53 examples/s]
Map (num_proc=224):  27%|██▋       | 3755/13698 [00:03<00:09, 1054.79 examples/s]
Map (num_proc=224):  28%|██▊       | 3877/13698 [00:03<00:09, 1052.11 examples/s]
Map (num_proc=224):  29%|██▉       | 3999/13698 [00:04<00:09, 989.05 examples/s] 
Map (num_proc=224):  30%|███       | 4121/13698 [00:04<00:10, 928.15 examples/s]
Map (num_proc=224):  31%|███       | 4243/13698 [00:04<00:09, 956.68 examples/s]
Map (num_proc=224):  32%|███▏      | 4365/13698 [00:04<00:09, 979.78 examples/s]
Map (num_proc=224):  33%|███▎      | 4548/13698 [00:04<00:08, 1042.76 examples/s]
Map (num_proc=224):  34%|███▍      | 4670/13698 [00:04<00:08, 1014.55 examples/s]
Map (num_proc=224):  35%|███▍      | 4792/13698 [00:04<00:08, 1033.88 examples/s]
Map (num_proc=224):  36%|███▌      | 4914/13698 [00:04<00:08, 1023.84 examples/s]
Map (num_proc=224):  37%|███▋      | 5036/13698 [00:05<00:09, 933.86 examples/s] 
Map (num_proc=224):  38%|███▊      | 5158/13698 [00:05<00:09, 886.40 examples/s]
Map (num_proc=224):  39%|███▉      | 5341/13698 [00:05<00:08, 1008.40 examples/s]
Map (num_proc=224):  40%|███▉      | 5463/13698 [00:05<00:08, 1005.82 examples/s]
Map (num_proc=224):  41%|████      | 5585/13698 [00:05<00:08, 979.08 examples/s] 
Map (num_proc=224):  42%|████▏     | 5707/13698 [00:05<00:08, 955.95 examples/s]
Map (num_proc=224):  43%|████▎     | 5829/13698 [00:05<00:08, 979.65 examples/s]
Map (num_proc=224):  43%|████▎     | 5951/13698 [00:06<00:08, 929.31 examples/s]
Map (num_proc=224):  44%|████▍     | 6073/13698 [00:06<00:08, 899.42 examples/s]
Map (num_proc=224):  45%|████▌     | 6195/13698 [00:06<00:08, 914.67 examples/s]
Map (num_proc=224):  47%|████▋     | 6378/13698 [00:06<00:07, 1030.61 examples/s]
Map (num_proc=224):  47%|████▋     | 6500/13698 [00:06<00:07, 973.16 examples/s] 
Map (num_proc=224):  49%|████▉     | 6683/13698 [00:06<00:06, 1035.53 examples/s]
Map (num_proc=224):  50%|████▉     | 6805/13698 [00:06<00:06, 1025.49 examples/s]
Map (num_proc=224):  51%|█████     | 6927/13698 [00:07<00:06, 1048.92 examples/s]
Map (num_proc=224):  51%|█████▏    | 7049/13698 [00:07<00:06, 981.61 examples/s] 
Map (num_proc=224):  52%|█████▏    | 7171/13698 [00:07<00:06, 974.53 examples/s]
Map (num_proc=224):  53%|█████▎    | 7293/13698 [00:07<00:06, 992.80 examples/s]
Map (num_proc=224):  54%|█████▍    | 7415/13698 [00:07<00:06, 1016.78 examples/s]
Map (num_proc=224):  55%|█████▌    | 7537/13698 [00:07<00:06, 999.88 examples/s] 
Map (num_proc=224):  56%|█████▋    | 7720/13698 [00:07<00:05, 1144.15 examples/s]
Map (num_proc=224):  58%|█████▊    | 7903/13698 [00:07<00:04, 1233.63 examples/s]
Map (num_proc=224):  59%|█████▉    | 8086/13698 [00:08<00:05, 1013.69 examples/s]
Map (num_proc=224):  60%|█████▉    | 8208/13698 [00:08<00:05, 984.91 examples/s] 
Map (num_proc=224):  61%|██████    | 8330/13698 [00:08<00:05, 965.57 examples/s]
Map (num_proc=224):  62%|██████▏   | 8452/13698 [00:08<00:05, 939.01 examples/s]
Map (num_proc=224):  63%|██████▎   | 8574/13698 [00:08<00:05, 934.61 examples/s]
Map (num_proc=224):  63%|██████▎   | 8696/13698 [00:08<00:05, 960.89 examples/s]
Map (num_proc=224):  64%|██████▍   | 8818/13698 [00:08<00:04, 1001.36 examples/s]
Map (num_proc=224):  65%|██████▌   | 8940/13698 [00:09<00:04, 992.35 examples/s] 
Map (num_proc=224):  66%|██████▌   | 9062/13698 [00:09<00:04, 949.66 examples/s]
Map (num_proc=224):  67%|██████▋   | 9184/13698 [00:09<00:04, 963.21 examples/s]
Map (num_proc=224):  68%|██████▊   | 9367/13698 [00:09<00:04, 1020.66 examples/s]
Map (num_proc=224):  69%|██████▉   | 9489/13698 [00:09<00:04, 1039.49 examples/s]
Map (num_proc=224):  70%|███████   | 9611/13698 [00:09<00:04, 1020.29 examples/s]
Map (num_proc=224):  71%|███████   | 9733/13698 [00:09<00:03, 1028.62 examples/s]
Map (num_proc=224):  72%|███████▏  | 9855/13698 [00:09<00:03, 1036.23 examples/s]
Map (num_proc=224):  73%|███████▎  | 9977/13698 [00:10<00:03, 1046.80 examples/s]
Map (num_proc=224):  74%|███████▎  | 10099/13698 [00:10<00:03, 1029.62 examples/s]
Map (num_proc=224):  75%|███████▍  | 10221/13698 [00:10<00:03, 1054.72 examples/s]
Map (num_proc=224):  76%|███████▌  | 10404/13698 [00:10<00:02, 1157.35 examples/s]
Map (num_proc=224):  77%|███████▋  | 10526/13698 [00:10<00:02, 1113.54 examples/s]
Map (num_proc=224):  78%|███████▊  | 10709/13698 [00:10<00:02, 1253.36 examples/s]
Map (num_proc=224):  80%|███████▉  | 10892/13698 [00:10<00:02, 1311.37 examples/s]
Map (num_proc=224):  81%|████████  | 11075/13698 [00:10<00:02, 1269.78 examples/s]
Map (num_proc=224):  82%|████████▏ | 11258/13698 [00:11<00:01, 1320.93 examples/s]
Map (num_proc=224):  84%|████████▎ | 11441/13698 [00:11<00:01, 1278.96 examples/s]
Map (num_proc=224):  85%|████████▍ | 11624/13698 [00:11<00:01, 1273.45 examples/s]
Map (num_proc=224):  86%|████████▌ | 11807/13698 [00:11<00:01, 1257.92 examples/s]
Map (num_proc=224):  88%|████████▊ | 11990/13698 [00:11<00:01, 1271.12 examples/s]
Map (num_proc=224):  89%|████████▉ | 12173/13698 [00:11<00:01, 1207.17 examples/s]
Map (num_proc=224):  90%|████████▉ | 12295/13698 [00:11<00:01, 1125.45 examples/s]
Map (num_proc=224):  91%|█████████ | 12417/13698 [00:12<00:01, 1123.27 examples/s]
Map (num_proc=224):  92%|█████████▏| 12539/13698 [00:12<00:01, 1115.46 examples/s]
Map (num_proc=224):  92%|█████████▏| 12661/13698 [00:12<00:00, 1070.95 examples/s]
Map (num_proc=224):  93%|█████████▎| 12783/13698 [00:12<00:00, 1077.41 examples/s]
Map (num_proc=224):  94%|█████████▍| 12905/13698 [00:12<00:00, 1110.15 examples/s]
Map (num_proc=224):  96%|█████████▌| 13088/13698 [00:12<00:00, 1176.07 examples/s]
Map (num_proc=224):  96%|█████████▋| 13210/13698 [00:12<00:00, 1097.55 examples/s]
Map (num_proc=224):  97%|█████████▋| 13332/13698 [00:12<00:00, 1128.19 examples/s]
Map (num_proc=224):  99%|█████████▊| 13515/13698 [00:13<00:00, 1192.63 examples/s]
Map (num_proc=224): 100%|█████████▉| 13637/13698 [00:13<00:00, 1162.01 examples/s]
Map (num_proc=224): 100%|██████████| 13698/13698 [00:13<00:00, 1029.37 examples/s]
num_proc must be <= 128. Reducing num_proc to 128 for dataset of size 128.

Map (num_proc=128):   0%|          | 0/128 [00:00<?, ? examples/s]
Map (num_proc=128):   1%|          | 1/128 [00:00<00:15,  8.25 examples/s]
Map (num_proc=128):   6%|▋         | 8/128 [00:00<00:07, 16.31 examples/s]
Map (num_proc=128):  23%|██▎       | 30/128 [00:00<00:01, 58.67 examples/s]
Map (num_proc=128):  30%|███       | 39/128 [00:00<00:01, 58.77 examples/s]
Map (num_proc=128):  39%|███▉      | 50/128 [00:00<00:01, 68.68 examples/s]
Map (num_proc=128):  46%|████▌     | 59/128 [00:01<00:01, 67.00 examples/s]
Map (num_proc=128):  52%|█████▏    | 67/128 [00:01<00:00, 64.39 examples/s]
Map (num_proc=128):  59%|█████▉    | 76/128 [00:01<00:00, 68.75 examples/s]
Map (num_proc=128):  66%|██████▌   | 84/128 [00:01<00:00, 66.45 examples/s]
Map (num_proc=128):  73%|███████▎  | 93/128 [00:01<00:00, 69.94 examples/s]
Map (num_proc=128):  81%|████████▏ | 104/128 [00:01<00:00, 69.34 examples/s]
Map (num_proc=128):  88%|████████▊ | 112/128 [00:01<00:00, 67.93 examples/s]
Map (num_proc=128):  93%|█████████▎| 119/128 [00:01<00:00, 68.33 examples/s]
Map (num_proc=128): 100%|██████████| 128/128 [00:02<00:00, 59.89 examples/s]
==((====))==  Unsloth - 2x faster free finetuning | Num GPUs used = 1
   \\   /|    Num examples = 13,698 | Num Epochs = 1 | Total steps = 857
O^O/ \_/ \    Batch size per device = 4 | Gradient accumulation steps = 4
\        /    Data Parallel GPUs = 1 | Total batch size (4 x 4 x 1) = 16
 "-____-"     Trainable parameters = 18,944/14,770,052,608 (0.00% trained)
wandb: WARNING The `run_name` is currently set to the same value as `TrainingArguments.output_dir`. If this was not intended, please specify a different run name by setting the `TrainingArguments.run_name` parameter.

                                               

                                               

                                               

                                               

                                               

                                               

                                               

                                               

                                               

                                                

                                                

                                                

                                                

                                                

                                                

                                                

                                                

                                                

                                                

                                                

                                                

                                                

                                                

                                                

                                                

                                                

                                                

                                                

                                                

                                                

                                                

                                                

                                                

                                                

                                                

                                                

                                                

                                                

                                                

                                                

                                                

                                                

                                                

                                                

                                                

                                                

                                                

                                                

                                                

                                                

                                                

                                                

                                                

                                                

                                                

                                                

                                                

                                                

                                                

                                                

                                                

                                                

                                                

                                                

                                                

                                                

                                                

                                                

                                                

                                                

                                                

                                                

                                                

                                                

                                                

                                                

                                                

                                                

                                                
Unsloth: Will smartly offload gradients to save VRAM!
{'loss': 1.8626, 'grad_norm': 4.314111232757568, 'learning_rate': 0.0, 'epoch': 0.0}
{'loss': 1.8489, 'grad_norm': 4.683302879333496, 'learning_rate': 4.000000000000001e-06, 'epoch': 0.0}
{'loss': 2.0952, 'grad_norm': 5.720025062561035, 'learning_rate': 8.000000000000001e-06, 'epoch': 0.0}
{'loss': 1.771, 'grad_norm': 4.084758281707764, 'learning_rate': 1.2e-05, 'epoch': 0.0}
{'loss': 1.4158, 'grad_norm': 3.8424534797668457, 'learning_rate': 1.6000000000000003e-05, 'epoch': 0.01}
{'loss': 2.393, 'grad_norm': 7.845310211181641, 'learning_rate': 2e-05, 'epoch': 0.01}
{'loss': 1.4478, 'grad_norm': 3.649214506149292, 'learning_rate': 1.9976525821596246e-05, 'epoch': 0.01}
{'loss': 1.8496, 'grad_norm': 5.986422061920166, 'learning_rate': 1.995305164319249e-05, 'epoch': 0.01}
{'loss': 2.0168, 'grad_norm': 7.340284824371338, 'learning_rate': 1.9929577464788734e-05, 'epoch': 0.01}
{'loss': 2.3604, 'grad_norm': 11.661581993103027, 'learning_rate': 1.9906103286384977e-05, 'epoch': 0.01}
{'loss': 1.4008, 'grad_norm': 5.054102897644043, 'learning_rate': 1.988262910798122e-05, 'epoch': 0.01}
{'loss': 1.8225, 'grad_norm': 8.900459289550781, 'learning_rate': 1.9859154929577465e-05, 'epoch': 0.01}
{'loss': 1.7631, 'grad_norm': 8.93087387084961, 'learning_rate': 1.9835680751173713e-05, 'epoch': 0.02}
{'loss': 1.9164, 'grad_norm': 9.96629810333252, 'learning_rate': 1.9812206572769953e-05, 'epoch': 0.02}
{'loss': 1.7091, 'grad_norm': 7.315169811248779, 'learning_rate': 1.97887323943662e-05, 'epoch': 0.02}
{'loss': 1.4477, 'grad_norm': 7.404507160186768, 'learning_rate': 1.9765258215962445e-05, 'epoch': 0.02}
{'loss': 2.2072, 'grad_norm': 12.004773139953613, 'learning_rate': 1.9741784037558685e-05, 'epoch': 0.02}
{'loss': 1.8105, 'grad_norm': 9.916705131530762, 'learning_rate': 1.9718309859154933e-05, 'epoch': 0.02}
{'loss': 2.0513, 'grad_norm': 12.935770034790039, 'learning_rate': 1.9694835680751173e-05, 'epoch': 0.02}
{'loss': 1.5751, 'grad_norm': 9.707751274108887, 'learning_rate': 1.967136150234742e-05, 'epoch': 0.02}
{'loss': 1.4771, 'grad_norm': 7.861809730529785, 'learning_rate': 1.9647887323943664e-05, 'epoch': 0.02}
{'loss': 1.527, 'grad_norm': 7.164688587188721, 'learning_rate': 1.962441314553991e-05, 'epoch': 0.03}
{'loss': 1.7749, 'grad_norm': 11.090523719787598, 'learning_rate': 1.9600938967136152e-05, 'epoch': 0.03}
{'loss': 1.7278, 'grad_norm': 12.47138786315918, 'learning_rate': 1.9577464788732396e-05, 'epoch': 0.03}
{'loss': 2.0151, 'grad_norm': 12.520417213439941, 'learning_rate': 1.955399061032864e-05, 'epoch': 0.03}
{'loss': 2.1198, 'grad_norm': 18.02275276184082, 'learning_rate': 1.9530516431924884e-05, 'epoch': 0.03}
{'loss': 1.5302, 'grad_norm': 14.447466850280762, 'learning_rate': 1.9507042253521128e-05, 'epoch': 0.03}
{'loss': 1.3288, 'grad_norm': 16.092620849609375, 'learning_rate': 1.9483568075117372e-05, 'epoch': 0.03}
{'loss': 1.624, 'grad_norm': 15.784753799438477, 'learning_rate': 1.9460093896713616e-05, 'epoch': 0.03}
{'loss': 1.4772, 'grad_norm': 18.47856330871582, 'learning_rate': 1.943661971830986e-05, 'epoch': 0.04}
{'loss': 1.3531, 'grad_norm': 23.182626724243164, 'learning_rate': 1.9413145539906104e-05, 'epoch': 0.04}
{'loss': 1.5288, 'grad_norm': 34.7908821105957, 'learning_rate': 1.9389671361502348e-05, 'epoch': 0.04}
{'loss': 1.2815, 'grad_norm': 21.186830520629883, 'learning_rate': 1.9366197183098595e-05, 'epoch': 0.04}
{'loss': 1.4034, 'grad_norm': 29.805063247680664, 'learning_rate': 1.9342723004694836e-05, 'epoch': 0.04}
{'loss': 1.6554, 'grad_norm': 25.781469345092773, 'learning_rate': 1.9319248826291083e-05, 'epoch': 0.04}
{'loss': 1.3713, 'grad_norm': 9.291940689086914, 'learning_rate': 1.9295774647887327e-05, 'epoch': 0.04}
{'loss': 1.4324, 'grad_norm': 21.81171226501465, 'learning_rate': 1.9272300469483568e-05, 'epoch': 0.04}
{'loss': 1.4037, 'grad_norm': 7.932459831237793, 'learning_rate': 1.9248826291079815e-05, 'epoch': 0.04}
{'loss': 1.261, 'grad_norm': 8.626152038574219, 'learning_rate': 1.922535211267606e-05, 'epoch': 0.05}
{'loss': 1.492, 'grad_norm': 12.11699390411377, 'learning_rate': 1.9201877934272303e-05, 'epoch': 0.05}
{'loss': 1.0764, 'grad_norm': 8.229784965515137, 'learning_rate': 1.9178403755868547e-05, 'epoch': 0.05}
{'loss': 1.2765, 'grad_norm': 6.982013702392578, 'learning_rate': 1.9154929577464788e-05, 'epoch': 0.05}
{'loss': 1.1505, 'grad_norm': 7.933291435241699, 'learning_rate': 1.9131455399061035e-05, 'epoch': 0.05}
{'loss': 1.5163, 'grad_norm': 5.917300701141357, 'learning_rate': 1.910798122065728e-05, 'epoch': 0.05}
{'loss': 1.1279, 'grad_norm': 9.369930267333984, 'learning_rate': 1.9084507042253523e-05, 'epoch': 0.05}
{'loss': 0.9419, 'grad_norm': 7.17099666595459, 'learning_rate': 1.9061032863849767e-05, 'epoch': 0.05}
{'loss': 1.1593, 'grad_norm': 8.766695976257324, 'learning_rate': 1.903755868544601e-05, 'epoch': 0.05}
{'loss': 1.0275, 'grad_norm': 9.794307708740234, 'learning_rate': 1.9014084507042255e-05, 'epoch': 0.06}
{'loss': 1.1419, 'grad_norm': 7.065601348876953, 'learning_rate': 1.89906103286385e-05, 'epoch': 0.06}
{'loss': 0.7116, 'grad_norm': 4.194390773773193, 'learning_rate': 1.8967136150234743e-05, 'epoch': 0.06}
{'loss': 1.1338, 'grad_norm': 10.275138854980469, 'learning_rate': 1.8943661971830987e-05, 'epoch': 0.06}
{'loss': 0.9662, 'grad_norm': 6.8823771476745605, 'learning_rate': 1.892018779342723e-05, 'epoch': 0.06}
{'loss': 1.4137, 'grad_norm': 13.338556289672852, 'learning_rate': 1.8896713615023478e-05, 'epoch': 0.06}
{'loss': 1.1351, 'grad_norm': 7.040114879608154, 'learning_rate': 1.887323943661972e-05, 'epoch': 0.06}
{'loss': 1.1935, 'grad_norm': 5.1810383796691895, 'learning_rate': 1.8849765258215962e-05, 'epoch': 0.06}
{'loss': 1.0647, 'grad_norm': 6.855759620666504, 'learning_rate': 1.882629107981221e-05, 'epoch': 0.07}
{'loss': 0.799, 'grad_norm': 6.705867767333984, 'learning_rate': 1.880281690140845e-05, 'epoch': 0.07}
{'loss': 1.2619, 'grad_norm': 6.878018856048584, 'learning_rate': 1.8779342723004698e-05, 'epoch': 0.07}
{'loss': 1.2767, 'grad_norm': 5.649065017700195, 'learning_rate': 1.875586854460094e-05, 'epoch': 0.07}
{'loss': 0.9548, 'grad_norm': 3.5901060104370117, 'learning_rate': 1.8732394366197186e-05, 'epoch': 0.07}
{'loss': 1.0927, 'grad_norm': 6.128782272338867, 'learning_rate': 1.870892018779343e-05, 'epoch': 0.07}
{'loss': 0.9951, 'grad_norm': 5.148662567138672, 'learning_rate': 1.8685446009389673e-05, 'epoch': 0.07}
{'loss': 1.0972, 'grad_norm': 5.884441375732422, 'learning_rate': 1.8661971830985917e-05, 'epoch': 0.07}
{'loss': 1.1792, 'grad_norm': 2.9703683853149414, 'learning_rate': 1.863849765258216e-05, 'epoch': 0.07}
{'loss': 1.3698, 'grad_norm': 7.688100337982178, 'learning_rate': 1.8615023474178405e-05, 'epoch': 0.08}
{'loss': 1.0713, 'grad_norm': 3.760197162628174, 'learning_rate': 1.859154929577465e-05, 'epoch': 0.08}
{'loss': 0.9174, 'grad_norm': 2.8379099369049072, 'learning_rate': 1.8568075117370893e-05, 'epoch': 0.08}
{'loss': 1.1193, 'grad_norm': 3.9200687408447266, 'learning_rate': 1.8544600938967137e-05, 'epoch': 0.08}
{'loss': 1.106, 'grad_norm': 8.296375274658203, 'learning_rate': 1.852112676056338e-05, 'epoch': 0.08}
{'loss': 1.1692, 'grad_norm': 2.4221153259277344, 'learning_rate': 1.8497652582159625e-05, 'epoch': 0.08}
{'loss': 1.3463, 'grad_norm': 4.499674320220947, 'learning_rate': 1.847417840375587e-05, 'epoch': 0.08}
{'loss': 0.9588, 'grad_norm': 2.8785877227783203, 'learning_rate': 1.8450704225352113e-05, 'epoch': 0.08}
{'loss': 1.1155, 'grad_norm': 2.0661187171936035, 'learning_rate': 1.842723004694836e-05, 'epoch': 0.09}
{'loss': 1.3057, 'grad_norm': 4.142695903778076, 'learning_rate': 1.84037558685446e-05, 'epoch': 0.09}
{'loss': 1.2342, 'grad_norm': 2.7521541118621826, 'learning_rate': 1.8380281690140845e-05, 'epoch': 0.09}
{'loss': 1.1275, 'grad_norm': 6.432399272918701, 'learning_rate': 1.8356807511737092e-05, 'epoch': 0.09}
{'loss': 1.2785, 'grad_norm': 2.3599514961242676, 'learning_rate': 1.8333333333333333e-05, 'epoch': 0.09}
{'loss': 1.4541, 'grad_norm': 7.202727794647217, 'learning_rate': 1.830985915492958e-05, 'epoch': 0.09}
{'loss': 1.1076, 'grad_norm': 2.7595343589782715, 'learning_rate': 1.8286384976525824e-05, 'epoch': 0.09}
                                                

                                                

                                                

                                                

                                                

                                                

                                                

                                                

                                                

                                                

                                                

                                                

                                                

                                                

                                                

                                                

                                                

                                                

                                                

                                                

                                                 

Using gradient accumulation will be very slightly less accurate.
Read more on gradient accumulation issues here: https://unsloth.ai/blog/gradient

{'loss': 1.1732, 'grad_norm': 4.104145050048828, 'learning_rate': 1.8262910798122068e-05, 'epoch': 0.09}
{'loss': 1.012, 'grad_norm': 3.36072039604187, 'learning_rate': 1.8239436619718312e-05, 'epoch': 0.09}
{'loss': 1.2401, 'grad_norm': 4.093371391296387, 'learning_rate': 1.8215962441314556e-05, 'epoch': 0.1}
{'loss': 1.4028, 'grad_norm': 3.5540056228637695, 'learning_rate': 1.81924882629108e-05, 'epoch': 0.1}
{'loss': 1.0191, 'grad_norm': 2.2507870197296143, 'learning_rate': 1.8169014084507044e-05, 'epoch': 0.1}
{'loss': 1.099, 'grad_norm': 2.5620434284210205, 'learning_rate': 1.8145539906103288e-05, 'epoch': 0.1}
{'loss': 1.2219, 'grad_norm': 2.8980724811553955, 'learning_rate': 1.8122065727699532e-05, 'epoch': 0.1}
{'loss': 0.8931, 'grad_norm': 2.6659746170043945, 'learning_rate': 1.8098591549295776e-05, 'epoch': 0.1}
{'loss': 1.0598, 'grad_norm': 2.1838109493255615, 'learning_rate': 1.807511737089202e-05, 'epoch': 0.1}
{'loss': 1.1874, 'grad_norm': 3.191974401473999, 'learning_rate': 1.8051643192488264e-05, 'epoch': 0.1}
{'loss': 1.468, 'grad_norm': 3.55893611907959, 'learning_rate': 1.8028169014084508e-05, 'epoch': 0.11}
{'loss': 1.2115, 'grad_norm': 2.8754920959472656, 'learning_rate': 1.800469483568075e-05, 'epoch': 0.11}
{'loss': 0.9906, 'grad_norm': 3.2628087997436523, 'learning_rate': 1.7981220657276996e-05, 'epoch': 0.11}
{'loss': 0.9574, 'grad_norm': 2.837214231491089, 'learning_rate': 1.7957746478873243e-05, 'epoch': 0.11}
{'loss': 0.8626, 'grad_norm': 2.5213875770568848, 'learning_rate': 1.7934272300469484e-05, 'epoch': 0.11}
{'loss': 1.0353, 'grad_norm': 2.9285271167755127, 'learning_rate': 1.7910798122065727e-05, 'epoch': 0.11}
{'loss': 1.1133, 'grad_norm': 3.2654120922088623, 'learning_rate': 1.7887323943661975e-05, 'epoch': 0.11}
{'loss': 0.9671, 'grad_norm': 2.6328752040863037, 'learning_rate': 1.7863849765258215e-05, 'epoch': 0.11}
{'loss': 1.1807, 'grad_norm': 2.2490203380584717, 'learning_rate': 1.7840375586854463e-05, 'epoch': 0.11}
{'loss': 1.1289, 'grad_norm': 3.9065725803375244, 'learning_rate': 1.7816901408450707e-05, 'epoch': 0.12}
{'loss': 1.1252, 'grad_norm': 3.1639888286590576, 'learning_rate': 1.779342723004695e-05, 'epoch': 0.12}
































                                                 


                                               
[A


                                               [A
                                                 

                                                 

                                                 

                                                 

                                                 

                                                 

                                                 

                                                 

                                                 

                                                 

                                                 

                                                 

                                                 

                                                 

                                                 

                                                 

                                                 

                                                 

                                                 

                                                 

                                                 

                                                 

                                                 

                                                 

                                                 

                                                 

                                                 

                                                 

                                                 

                                                 

                                                 

                                                 

                                                 

                                                 

                                                 

                                                 

                                                 

                                                 

                                                 

                                                 

                                                 

                                                 

                                                 

                                                 

                                                 

                                                 

                                                 

                                                 

                                                 

                                                 

                                                 

                                                 

                                                 

                                                 

                                                 

                                                 

                                                 

                                                 

                                                 

                                                 

                                                 

                                                 

                                                 

                                                 

                                                 

                                                 

                                                 

                                                 

                                                 

                                                 

                                                 

                                                 

                                                 

                                                 

                                                 

                                                 

                                                 
{'eval_loss': 0.9281078577041626, 'eval_runtime': 9.8347, 'eval_samples_per_second': 13.015, 'eval_steps_per_second': 3.254, 'epoch': 0.12}
{'loss': 1.0759, 'grad_norm': 3.8767993450164795, 'learning_rate': 1.7769953051643195e-05, 'epoch': 0.12}
{'loss': 0.8269, 'grad_norm': 2.875284433364868, 'learning_rate': 1.774647887323944e-05, 'epoch': 0.12}
{'loss': 1.1613, 'grad_norm': 6.045690536499023, 'learning_rate': 1.7723004694835683e-05, 'epoch': 0.12}
{'loss': 0.9673, 'grad_norm': 3.387007474899292, 'learning_rate': 1.7699530516431927e-05, 'epoch': 0.12}
{'loss': 1.297, 'grad_norm': 5.49739408493042, 'learning_rate': 1.767605633802817e-05, 'epoch': 0.12}
{'loss': 0.9368, 'grad_norm': 2.697185516357422, 'learning_rate': 1.7652582159624414e-05, 'epoch': 0.12}
{'loss': 1.079, 'grad_norm': 4.310754776000977, 'learning_rate': 1.762910798122066e-05, 'epoch': 0.12}
{'loss': 1.3518, 'grad_norm': 6.554482460021973, 'learning_rate': 1.7605633802816902e-05, 'epoch': 0.13}
{'loss': 1.1905, 'grad_norm': 4.921497821807861, 'learning_rate': 1.7582159624413146e-05, 'epoch': 0.13}
{'loss': 1.2257, 'grad_norm': 3.1879398822784424, 'learning_rate': 1.755868544600939e-05, 'epoch': 0.13}
{'loss': 1.3429, 'grad_norm': 5.06890344619751, 'learning_rate': 1.7535211267605638e-05, 'epoch': 0.13}
{'loss': 1.2522, 'grad_norm': 3.6983728408813477, 'learning_rate': 1.7511737089201878e-05, 'epoch': 0.13}
{'loss': 1.1992, 'grad_norm': 5.3431525230407715, 'learning_rate': 1.7488262910798126e-05, 'epoch': 0.13}
{'loss': 1.3835, 'grad_norm': 7.657029151916504, 'learning_rate': 1.7464788732394366e-05, 'epoch': 0.13}
{'loss': 1.3138, 'grad_norm': 6.217901706695557, 'learning_rate': 1.744131455399061e-05, 'epoch': 0.13}
{'loss': 1.1303, 'grad_norm': 3.707841634750366, 'learning_rate': 1.7417840375586857e-05, 'epoch': 0.14}
{'loss': 1.0959, 'grad_norm': 3.6332015991210938, 'learning_rate': 1.7394366197183098e-05, 'epoch': 0.14}
{'loss': 1.0185, 'grad_norm': 3.6245601177215576, 'learning_rate': 1.7370892018779345e-05, 'epoch': 0.14}
{'loss': 1.0028, 'grad_norm': 4.771857738494873, 'learning_rate': 1.734741784037559e-05, 'epoch': 0.14}
{'loss': 1.2325, 'grad_norm': 4.590564250946045, 'learning_rate': 1.732394366197183e-05, 'epoch': 0.14}
{'loss': 1.204, 'grad_norm': 4.587760925292969, 'learning_rate': 1.7300469483568077e-05, 'epoch': 0.14}
{'loss': 1.0898, 'grad_norm': 2.533820390701294, 'learning_rate': 1.727699530516432e-05, 'epoch': 0.14}
{'loss': 1.0228, 'grad_norm': 3.2143778800964355, 'learning_rate': 1.7253521126760565e-05, 'epoch': 0.14}
{'loss': 1.3585, 'grad_norm': 8.154736518859863, 'learning_rate': 1.723004694835681e-05, 'epoch': 0.14}
{'loss': 1.1149, 'grad_norm': 4.561243534088135, 'learning_rate': 1.7206572769953053e-05, 'epoch': 0.15}
{'loss': 1.0721, 'grad_norm': 4.092475891113281, 'learning_rate': 1.7183098591549297e-05, 'epoch': 0.15}
{'loss': 1.1344, 'grad_norm': 3.199031352996826, 'learning_rate': 1.715962441314554e-05, 'epoch': 0.15}
{'loss': 1.0087, 'grad_norm': 10.58648681640625, 'learning_rate': 1.7136150234741785e-05, 'epoch': 0.15}
{'loss': 1.1237, 'grad_norm': 14.327715873718262, 'learning_rate': 1.711267605633803e-05, 'epoch': 0.15}
{'loss': 1.0344, 'grad_norm': 4.726140975952148, 'learning_rate': 1.7089201877934273e-05, 'epoch': 0.15}
{'loss': 0.897, 'grad_norm': 2.8203306198120117, 'learning_rate': 1.706572769953052e-05, 'epoch': 0.15}
{'loss': 0.9101, 'grad_norm': 2.5546865463256836, 'learning_rate': 1.704225352112676e-05, 'epoch': 0.15}
{'loss': 0.9938, 'grad_norm': 3.9021053314208984, 'learning_rate': 1.7018779342723005e-05, 'epoch': 0.16}
{'loss': 0.8426, 'grad_norm': 1.7965266704559326, 'learning_rate': 1.6995305164319252e-05, 'epoch': 0.16}
{'loss': 1.2361, 'grad_norm': 4.12396240234375, 'learning_rate': 1.6971830985915493e-05, 'epoch': 0.16}
{'loss': 1.1319, 'grad_norm': 2.942870616912842, 'learning_rate': 1.694835680751174e-05, 'epoch': 0.16}
{'loss': 1.0863, 'grad_norm': 5.695610046386719, 'learning_rate': 1.692488262910798e-05, 'epoch': 0.16}
{'loss': 1.1573, 'grad_norm': 20.6773681640625, 'learning_rate': 1.6901408450704228e-05, 'epoch': 0.16}
{'loss': 1.0676, 'grad_norm': 4.124969005584717, 'learning_rate': 1.6877934272300472e-05, 'epoch': 0.16}
{'loss': 1.0134, 'grad_norm': 3.7127432823181152, 'learning_rate': 1.6854460093896712e-05, 'epoch': 0.16}
{'loss': 1.0312, 'grad_norm': 5.451077461242676, 'learning_rate': 1.683098591549296e-05, 'epoch': 0.16}
{'loss': 1.0606, 'grad_norm': 3.4095163345336914, 'learning_rate': 1.6807511737089204e-05, 'epoch': 0.17}
{'loss': 1.1011, 'grad_norm': 4.123275279998779, 'learning_rate': 1.6784037558685448e-05, 'epoch': 0.17}
{'loss': 1.1017, 'grad_norm': 2.838075876235962, 'learning_rate': 1.676056338028169e-05, 'epoch': 0.17}
{'loss': 1.044, 'grad_norm': 3.2633402347564697, 'learning_rate': 1.6737089201877936e-05, 'epoch': 0.17}
{'loss': 0.9433, 'grad_norm': 3.8385443687438965, 'learning_rate': 1.671361502347418e-05, 'epoch': 0.17}
{'loss': 0.8206, 'grad_norm': 5.122077465057373, 'learning_rate': 1.6690140845070424e-05, 'epoch': 0.17}
{'loss': 1.0399, 'grad_norm': 4.095112323760986, 'learning_rate': 1.6666666666666667e-05, 'epoch': 0.17}
{'loss': 1.0806, 'grad_norm': 4.179039478302002, 'learning_rate': 1.664319248826291e-05, 'epoch': 0.17}
{'loss': 0.9889, 'grad_norm': 2.6413533687591553, 'learning_rate': 1.6619718309859155e-05, 'epoch': 0.18}
{'loss': 1.0055, 'grad_norm': 4.123926162719727, 'learning_rate': 1.6596244131455403e-05, 'epoch': 0.18}
{'loss': 1.0729, 'grad_norm': 4.428046226501465, 'learning_rate': 1.6572769953051643e-05, 'epoch': 0.18}
{'loss': 1.1747, 'grad_norm': 6.0737481117248535, 'learning_rate': 1.6549295774647887e-05, 'epoch': 0.18}
{'loss': 0.8473, 'grad_norm': 2.971402645111084, 'learning_rate': 1.6525821596244135e-05, 'epoch': 0.18}
{'loss': 0.9682, 'grad_norm': 3.1567952632904053, 'learning_rate': 1.6502347417840375e-05, 'epoch': 0.18}
{'loss': 0.9789, 'grad_norm': 3.6822457313537598, 'learning_rate': 1.6478873239436623e-05, 'epoch': 0.18}
{'loss': 1.04, 'grad_norm': 4.92072868347168, 'learning_rate': 1.6455399061032866e-05, 'epoch': 0.18}
{'loss': 1.0676, 'grad_norm': 3.4025304317474365, 'learning_rate': 1.643192488262911e-05, 'epoch': 0.18}
{'loss': 1.1905, 'grad_norm': 9.915182113647461, 'learning_rate': 1.6408450704225354e-05, 'epoch': 0.19}
{'loss': 0.8332, 'grad_norm': 3.7238359451293945, 'learning_rate': 1.6384976525821595e-05, 'epoch': 0.19}
{'loss': 1.0326, 'grad_norm': 7.49445915222168, 'learning_rate': 1.6361502347417842e-05, 'epoch': 0.19}
{'loss': 1.0644, 'grad_norm': 6.30154275894165, 'learning_rate': 1.6338028169014086e-05, 'epoch': 0.19}
{'loss': 1.0719, 'grad_norm': 13.372535705566406, 'learning_rate': 1.631455399061033e-05, 'epoch': 0.19}
{'loss': 1.0738, 'grad_norm': 4.589931964874268, 'learning_rate': 1.6291079812206574e-05, 'epoch': 0.19}
{'loss': 1.2945, 'grad_norm': 5.774837970733643, 'learning_rate': 1.6267605633802818e-05, 'epoch': 0.19}
{'loss': 0.9463, 'grad_norm': 4.402416706085205, 'learning_rate': 1.6244131455399062e-05, 'epoch': 0.19}
{'loss': 0.8276, 'grad_norm': 5.010860919952393, 'learning_rate': 1.6220657276995306e-05, 'epoch': 0.2}
{'loss': 0.8429, 'grad_norm': 5.880030155181885, 'learning_rate': 1.619718309859155e-05, 'epoch': 0.2}
{'loss': 1.1817, 'grad_norm': 3.6246836185455322, 'learning_rate': 1.6173708920187794e-05, 'epoch': 0.2}
{'loss': 1.2565, 'grad_norm': 5.129271507263184, 'learning_rate': 1.6150234741784038e-05, 'epoch': 0.2}
{'loss': 0.9069, 'grad_norm': 4.258985996246338, 'learning_rate': 1.6126760563380285e-05, 'epoch': 0.2}
{'loss': 1.1059, 'grad_norm': 6.817375183105469, 'learning_rate': 1.6103286384976526e-05, 'epoch': 0.2}
{'loss': 0.9657, 'grad_norm': 4.169452667236328, 'learning_rate': 1.607981220657277e-05, 'epoch': 0.2}
{'loss': 1.0872, 'grad_norm': 3.9953949451446533, 'learning_rate': 1.6056338028169017e-05, 'epoch': 0.2}
{'loss': 1.1975, 'grad_norm': 4.243282318115234, 'learning_rate': 1.6032863849765258e-05, 'epoch': 0.2}
{'loss': 1.1086, 'grad_norm': 2.8854095935821533, 'learning_rate': 1.6009389671361505e-05, 'epoch': 0.21}
{'loss': 1.0343, 'grad_norm': 5.787904262542725, 'learning_rate': 1.598591549295775e-05, 'epoch': 0.21}
                                                 

                                                 

                                                 

                                                 

                                                 

                                                 

                                                 

                                                 

                                                 

                                                 

                                                 

                                                 

                                                 

                                                 

                                                 

                                                 

                                                 

                                                 

                                                 

                                                 

                                                 

                                                 

                                                 

{'loss': 0.8476, 'grad_norm': 3.794848680496216, 'learning_rate': 1.5962441314553993e-05, 'epoch': 0.21}
{'loss': 1.0033, 'grad_norm': 1.8855177164077759, 'learning_rate': 1.5938967136150237e-05, 'epoch': 0.21}
{'loss': 0.971, 'grad_norm': 4.539097785949707, 'learning_rate': 1.591549295774648e-05, 'epoch': 0.21}
{'loss': 1.0864, 'grad_norm': 7.522790431976318, 'learning_rate': 1.5892018779342725e-05, 'epoch': 0.21}
{'loss': 1.1384, 'grad_norm': 5.359476089477539, 'learning_rate': 1.586854460093897e-05, 'epoch': 0.21}
{'loss': 0.9211, 'grad_norm': 4.721500873565674, 'learning_rate': 1.5845070422535213e-05, 'epoch': 0.21}
{'loss': 0.9342, 'grad_norm': 14.286872863769531, 'learning_rate': 1.5821596244131457e-05, 'epoch': 0.21}
{'loss': 0.9289, 'grad_norm': 3.966240167617798, 'learning_rate': 1.57981220657277e-05, 'epoch': 0.22}
{'loss': 1.5055, 'grad_norm': 6.515275955200195, 'learning_rate': 1.5774647887323945e-05, 'epoch': 0.22}
{'loss': 1.0048, 'grad_norm': 3.5853383541107178, 'learning_rate': 1.575117370892019e-05, 'epoch': 0.22}
{'loss': 0.8719, 'grad_norm': 3.8853800296783447, 'learning_rate': 1.5727699530516433e-05, 'epoch': 0.22}
{'loss': 0.9508, 'grad_norm': 2.8073043823242188, 'learning_rate': 1.5704225352112677e-05, 'epoch': 0.22}
{'loss': 1.0133, 'grad_norm': 11.493870735168457, 'learning_rate': 1.568075117370892e-05, 'epoch': 0.22}
{'loss': 1.2382, 'grad_norm': 6.016895771026611, 'learning_rate': 1.5657276995305168e-05, 'epoch': 0.22}
{'loss': 0.8683, 'grad_norm': 1.8377916812896729, 'learning_rate': 1.563380281690141e-05, 'epoch': 0.22}
{'loss': 1.028, 'grad_norm': 4.699120998382568, 'learning_rate': 1.5610328638497652e-05, 'epoch': 0.23}
{'loss': 1.067, 'grad_norm': 5.086908340454102, 'learning_rate': 1.55868544600939e-05, 'epoch': 0.23}
{'loss': 1.0139, 'grad_norm': 4.740898609161377, 'learning_rate': 1.556338028169014e-05, 'epoch': 0.23}
{'loss': 1.0254, 'grad_norm': 12.759742736816406, 'learning_rate': 1.5539906103286388e-05, 'epoch': 0.23}
{'loss': 1.2785, 'grad_norm': 18.73931884765625, 'learning_rate': 1.551643192488263e-05, 'epoch': 0.23}
{'loss': 1.108, 'grad_norm': 13.884760856628418, 'learning_rate': 1.5492957746478872e-05, 'epoch': 0.23}
{'loss': 1.0217, 'grad_norm': 6.8154096603393555, 'learning_rate': 1.546948356807512e-05, 'epoch': 0.23}
{'loss': 1.0876, 'grad_norm': 6.966533660888672, 'learning_rate': 1.5446009389671363e-05, 'epoch': 0.23}
































                                                 


                                               
[A


                                               [A
                                                 

                                                 

                                                 

                                                 

                                                 

                                                 

                                                 

                                                 

                                                 

                                                 

                                                 

                                                 

                                                 

                                                 

                                                 

                                                 

                                                 

                                                 

                                                 

                                                 

                                                 

                                                 

                                                 

                                                 

                                                 

                                                 

                                                 

                                                 

                                                 

                                                 

                                                 

                                                 

                                                 

                                                 

                                                 

                                                 

                                                 

                                                 

                                                 

                                                 

                                                 

                                                 

                                                 

                                                 

                                                 

                                                 

                                                 

                                                 

                                                 

                                                 

                                                 

                                                 

                                                 

                                                 

                                                 

                                                 

                                                 

                                                 

                                                 

                                                 

                                                 

                                                 

                                                 

                                                 

                                                 

                                                 

                                                 

                                                 

                                                 

                                                 

                                                 

                                                 

                                                 

                                                 

                                                 

                                                 

                                                 
{'eval_loss': 0.9141238927841187, 'eval_runtime': 9.651, 'eval_samples_per_second': 13.263, 'eval_steps_per_second': 3.316, 'epoch': 0.23}
{'loss': 1.0289, 'grad_norm': 3.311800718307495, 'learning_rate': 1.5422535211267607e-05, 'epoch': 0.23}
{'loss': 1.0347, 'grad_norm': 4.044394493103027, 'learning_rate': 1.539906103286385e-05, 'epoch': 0.24}
{'loss': 1.1234, 'grad_norm': 7.479015827178955, 'learning_rate': 1.5375586854460095e-05, 'epoch': 0.24}
{'loss': 1.0599, 'grad_norm': 4.060198783874512, 'learning_rate': 1.535211267605634e-05, 'epoch': 0.24}
{'loss': 1.0354, 'grad_norm': 8.886157989501953, 'learning_rate': 1.5328638497652583e-05, 'epoch': 0.24}
{'loss': 0.9874, 'grad_norm': 2.919705390930176, 'learning_rate': 1.5305164319248827e-05, 'epoch': 0.24}
{'loss': 1.0676, 'grad_norm': 3.716602325439453, 'learning_rate': 1.528169014084507e-05, 'epoch': 0.24}
{'loss': 1.295, 'grad_norm': 3.048912763595581, 'learning_rate': 1.5258215962441317e-05, 'epoch': 0.24}
{'loss': 1.116, 'grad_norm': 8.231952667236328, 'learning_rate': 1.5234741784037559e-05, 'epoch': 0.24}
{'loss': 1.1866, 'grad_norm': 5.416182994842529, 'learning_rate': 1.5211267605633803e-05, 'epoch': 0.25}
{'loss': 0.9277, 'grad_norm': 5.463225841522217, 'learning_rate': 1.5187793427230049e-05, 'epoch': 0.25}
{'loss': 0.9339, 'grad_norm': 3.9988961219787598, 'learning_rate': 1.5164319248826291e-05, 'epoch': 0.25}
{'loss': 1.2623, 'grad_norm': 7.907390594482422, 'learning_rate': 1.5140845070422537e-05, 'epoch': 0.25}
{'loss': 0.9499, 'grad_norm': 2.4415154457092285, 'learning_rate': 1.511737089201878e-05, 'epoch': 0.25}
{'loss': 0.8993, 'grad_norm': 5.93358850479126, 'learning_rate': 1.5093896713615025e-05, 'epoch': 0.25}
{'loss': 0.9314, 'grad_norm': 5.779241561889648, 'learning_rate': 1.5070422535211269e-05, 'epoch': 0.25}
{'loss': 1.186, 'grad_norm': 6.148929119110107, 'learning_rate': 1.5046948356807514e-05, 'epoch': 0.25}
{'loss': 0.928, 'grad_norm': 4.927501201629639, 'learning_rate': 1.5023474178403756e-05, 'epoch': 0.25}
{'loss': 1.0342, 'grad_norm': 2.934393882751465, 'learning_rate': 1.5000000000000002e-05, 'epoch': 0.26}
{'loss': 1.2653, 'grad_norm': 11.188425064086914, 'learning_rate': 1.4976525821596246e-05, 'epoch': 0.26}
{'loss': 1.0202, 'grad_norm': 4.666126728057861, 'learning_rate': 1.4953051643192488e-05, 'epoch': 0.26}
{'loss': 0.8624, 'grad_norm': 4.035098075866699, 'learning_rate': 1.4929577464788734e-05, 'epoch': 0.26}
{'loss': 1.0483, 'grad_norm': 4.8275465965271, 'learning_rate': 1.4906103286384978e-05, 'epoch': 0.26}
{'loss': 1.2651, 'grad_norm': 2.879711151123047, 'learning_rate': 1.4882629107981222e-05, 'epoch': 0.26}
{'loss': 1.2171, 'grad_norm': 7.4866180419921875, 'learning_rate': 1.4859154929577466e-05, 'epoch': 0.26}
{'loss': 0.9333, 'grad_norm': 3.8486735820770264, 'learning_rate': 1.4835680751173711e-05, 'epoch': 0.26}
{'loss': 1.2322, 'grad_norm': 8.608156204223633, 'learning_rate': 1.4812206572769954e-05, 'epoch': 0.27}
{'loss': 0.9258, 'grad_norm': 6.696030139923096, 'learning_rate': 1.47887323943662e-05, 'epoch': 0.27}
{'loss': 0.9094, 'grad_norm': 6.982307434082031, 'learning_rate': 1.4765258215962443e-05, 'epoch': 0.27}
{'loss': 1.2483, 'grad_norm': 4.404887676239014, 'learning_rate': 1.4741784037558686e-05, 'epoch': 0.27}
{'loss': 1.1931, 'grad_norm': 2.848605155944824, 'learning_rate': 1.4718309859154931e-05, 'epoch': 0.27}
{'loss': 1.0782, 'grad_norm': 8.120402336120605, 'learning_rate': 1.4694835680751174e-05, 'epoch': 0.27}
{'loss': 1.1306, 'grad_norm': 2.8119187355041504, 'learning_rate': 1.467136150234742e-05, 'epoch': 0.27}
{'loss': 1.2313, 'grad_norm': 3.8717801570892334, 'learning_rate': 1.4647887323943663e-05, 'epoch': 0.27}
{'loss': 1.362, 'grad_norm': 5.438129901885986, 'learning_rate': 1.4624413145539907e-05, 'epoch': 0.27}
{'loss': 0.966, 'grad_norm': 4.625925540924072, 'learning_rate': 1.4600938967136151e-05, 'epoch': 0.28}
{'loss': 1.2411, 'grad_norm': 5.9428558349609375, 'learning_rate': 1.4577464788732397e-05, 'epoch': 0.28}
{'loss': 0.8674, 'grad_norm': 5.280117988586426, 'learning_rate': 1.4553990610328639e-05, 'epoch': 0.28}
{'loss': 1.0097, 'grad_norm': 5.352006435394287, 'learning_rate': 1.4530516431924883e-05, 'epoch': 0.28}
{'loss': 0.9709, 'grad_norm': 5.6257100105285645, 'learning_rate': 1.4507042253521129e-05, 'epoch': 0.28}
{'loss': 1.1052, 'grad_norm': 2.334049940109253, 'learning_rate': 1.4483568075117371e-05, 'epoch': 0.28}
{'loss': 1.1022, 'grad_norm': 13.168478012084961, 'learning_rate': 1.4460093896713617e-05, 'epoch': 0.28}
{'loss': 0.9981, 'grad_norm': 13.051287651062012, 'learning_rate': 1.443661971830986e-05, 'epoch': 0.28}
{'loss': 1.0535, 'grad_norm': 3.2693896293640137, 'learning_rate': 1.4413145539906104e-05, 'epoch': 0.28}
{'loss': 1.2273, 'grad_norm': 4.946354389190674, 'learning_rate': 1.4389671361502348e-05, 'epoch': 0.29}
{'loss': 0.9526, 'grad_norm': 8.283957481384277, 'learning_rate': 1.4366197183098594e-05, 'epoch': 0.29}
{'loss': 1.3175, 'grad_norm': 6.655732154846191, 'learning_rate': 1.4342723004694836e-05, 'epoch': 0.29}
{'loss': 1.2398, 'grad_norm': 7.495340347290039, 'learning_rate': 1.4319248826291082e-05, 'epoch': 0.29}
{'loss': 1.204, 'grad_norm': 11.696276664733887, 'learning_rate': 1.4295774647887326e-05, 'epoch': 0.29}
{'loss': 0.8999, 'grad_norm': 4.3521809577941895, 'learning_rate': 1.4272300469483568e-05, 'epoch': 0.29}
{'loss': 0.9585, 'grad_norm': 6.100133895874023, 'learning_rate': 1.4248826291079814e-05, 'epoch': 0.29}
{'loss': 1.1776, 'grad_norm': 4.842802047729492, 'learning_rate': 1.4225352112676058e-05, 'epoch': 0.29}
{'loss': 0.951, 'grad_norm': 8.640718460083008, 'learning_rate': 1.4201877934272302e-05, 'epoch': 0.3}
{'loss': 1.1857, 'grad_norm': 11.631665229797363, 'learning_rate': 1.4178403755868546e-05, 'epoch': 0.3}
{'loss': 1.2221, 'grad_norm': 18.422313690185547, 'learning_rate': 1.4154929577464788e-05, 'epoch': 0.3}
{'loss': 0.9204, 'grad_norm': 6.295551776885986, 'learning_rate': 1.4131455399061034e-05, 'epoch': 0.3}
{'loss': 1.2289, 'grad_norm': 5.899323463439941, 'learning_rate': 1.410798122065728e-05, 'epoch': 0.3}
{'loss': 1.305, 'grad_norm': 5.759864807128906, 'learning_rate': 1.4084507042253522e-05, 'epoch': 0.3}
{'loss': 0.9236, 'grad_norm': 2.8648552894592285, 'learning_rate': 1.4061032863849765e-05, 'epoch': 0.3}
{'loss': 1.1743, 'grad_norm': 3.9596452713012695, 'learning_rate': 1.4037558685446011e-05, 'epoch': 0.3}
{'loss': 1.074, 'grad_norm': 9.053618431091309, 'learning_rate': 1.4014084507042253e-05, 'epoch': 0.3}
{'loss': 1.1105, 'grad_norm': 8.150424003601074, 'learning_rate': 1.3990610328638499e-05, 'epoch': 0.31}
{'loss': 1.1787, 'grad_norm': 4.120201587677002, 'learning_rate': 1.3967136150234743e-05, 'epoch': 0.31}
{'loss': 0.8223, 'grad_norm': 3.0596723556518555, 'learning_rate': 1.3943661971830987e-05, 'epoch': 0.31}
{'loss': 1.2388, 'grad_norm': 5.400477886199951, 'learning_rate': 1.3920187793427231e-05, 'epoch': 0.31}
{'loss': 1.1338, 'grad_norm': 4.6436309814453125, 'learning_rate': 1.3896713615023477e-05, 'epoch': 0.31}
{'loss': 0.9836, 'grad_norm': 4.315661907196045, 'learning_rate': 1.3873239436619719e-05, 'epoch': 0.31}
{'loss': 0.9686, 'grad_norm': 3.5995547771453857, 'learning_rate': 1.3849765258215963e-05, 'epoch': 0.31}
{'loss': 1.0125, 'grad_norm': 7.046473503112793, 'learning_rate': 1.3826291079812208e-05, 'epoch': 0.31}
{'loss': 0.9367, 'grad_norm': 6.2868828773498535, 'learning_rate': 1.380281690140845e-05, 'epoch': 0.32}
{'loss': 0.887, 'grad_norm': 3.8079755306243896, 'learning_rate': 1.3779342723004696e-05, 'epoch': 0.32}
{'loss': 1.0727, 'grad_norm': 2.371544599533081, 'learning_rate': 1.375586854460094e-05, 'epoch': 0.32}
{'loss': 1.0424, 'grad_norm': 4.747272968292236, 'learning_rate': 1.3732394366197184e-05, 'epoch': 0.32}
{'loss': 1.1019, 'grad_norm': 7.902713298797607, 'learning_rate': 1.3708920187793428e-05, 'epoch': 0.32}
{'loss': 1.3319, 'grad_norm': 3.931933879852295, 'learning_rate': 1.3685446009389674e-05, 'epoch': 0.32}
{'loss': 1.1641, 'grad_norm': 3.1920549869537354, 'learning_rate': 1.3661971830985916e-05, 'epoch': 0.32}
{'loss': 0.9252, 'grad_norm': 9.282256126403809, 'learning_rate': 1.3638497652582162e-05, 'epoch': 0.32}
                                                 

                                                 

                                                 

                                                 

                                                 

                                                 

                                                 

                                                 

                                                 

                                                 

                                                 

                                                 

                                                 

                                                 

                                                 

                                                 

                                                 

                                                 

                                                 

                                                 

                                                 

                                                 

                                                 

{'loss': 1.078, 'grad_norm': 3.420062303543091, 'learning_rate': 1.3615023474178406e-05, 'epoch': 0.32}
{'loss': 0.8196, 'grad_norm': 3.067145347595215, 'learning_rate': 1.3591549295774648e-05, 'epoch': 0.33}
{'loss': 1.1426, 'grad_norm': 3.4246513843536377, 'learning_rate': 1.3568075117370894e-05, 'epoch': 0.33}
{'loss': 0.9173, 'grad_norm': 4.627863883972168, 'learning_rate': 1.3544600938967136e-05, 'epoch': 0.33}
{'loss': 1.0046, 'grad_norm': 8.45417594909668, 'learning_rate': 1.3521126760563382e-05, 'epoch': 0.33}
{'loss': 1.0646, 'grad_norm': 3.027108669281006, 'learning_rate': 1.3497652582159626e-05, 'epoch': 0.33}
{'loss': 1.1189, 'grad_norm': 3.263012170791626, 'learning_rate': 1.347417840375587e-05, 'epoch': 0.33}
{'loss': 1.2884, 'grad_norm': 6.037224769592285, 'learning_rate': 1.3450704225352114e-05, 'epoch': 0.33}
{'loss': 1.0355, 'grad_norm': 7.627574920654297, 'learning_rate': 1.342723004694836e-05, 'epoch': 0.33}
{'loss': 1.235, 'grad_norm': 6.416129112243652, 'learning_rate': 1.3403755868544601e-05, 'epoch': 0.34}
{'loss': 0.9324, 'grad_norm': 3.7460083961486816, 'learning_rate': 1.3380281690140845e-05, 'epoch': 0.34}
{'loss': 1.1029, 'grad_norm': 10.431437492370605, 'learning_rate': 1.3356807511737091e-05, 'epoch': 0.34}
{'loss': 1.0721, 'grad_norm': 4.342582702636719, 'learning_rate': 1.3333333333333333e-05, 'epoch': 0.34}
{'loss': 1.1181, 'grad_norm': 4.350863456726074, 'learning_rate': 1.3309859154929579e-05, 'epoch': 0.34}
{'loss': 1.0123, 'grad_norm': 4.540026664733887, 'learning_rate': 1.3286384976525823e-05, 'epoch': 0.34}
{'loss': 0.8652, 'grad_norm': 5.0102338790893555, 'learning_rate': 1.3262910798122067e-05, 'epoch': 0.34}
{'loss': 0.8951, 'grad_norm': 7.227709770202637, 'learning_rate': 1.323943661971831e-05, 'epoch': 0.34}
{'loss': 1.2079, 'grad_norm': 3.8357596397399902, 'learning_rate': 1.3215962441314556e-05, 'epoch': 0.34}
{'loss': 1.0661, 'grad_norm': 5.504737854003906, 'learning_rate': 1.3192488262910799e-05, 'epoch': 0.35}
{'loss': 0.8868, 'grad_norm': 3.676718235015869, 'learning_rate': 1.3169014084507044e-05, 'epoch': 0.35}
{'loss': 0.948, 'grad_norm': 5.204987525939941, 'learning_rate': 1.3145539906103288e-05, 'epoch': 0.35}
{'loss': 0.9547, 'grad_norm': 3.4021570682525635, 'learning_rate': 1.312206572769953e-05, 'epoch': 0.35}
{'loss': 1.1278, 'grad_norm': 5.6895670890808105, 'learning_rate': 1.3098591549295776e-05, 'epoch': 0.35}
































                                                 


                                               
[A


                                               [A
                                                 

                                                 

                                                 

                                                 

                                                 

                                                 

                                                 

                                                 

                                                 

                                                 

                                                 

                                                 

                                                 

                                                 

                                                 

                                                 

                                                 

                                                 

                                                 

                                                 

                                                 

                                                 

                                                 

                                                 

                                                 

                                                 

                                                 

                                                 

                                                 

                                                 

                                                 

                                                 

                                                 

                                                 

                                                 

                                                 

                                                 

                                                 

                                                 

                                                 

                                                 

                                                 

                                                 

                                                 

                                                 

                                                 

                                                 

                                                 

                                                 

                                                 

                                                 

                                                 

                                                 

                                                 

                                                 

                                                 

                                                 

                                                 

                                                 

                                                 

                                                 

                                                 

                                                 

                                                 

                                                 

                                                 

                                                 

                                                 

                                                 

                                                 

                                                 

                                                 

                                                 

                                                 

                                                 

                                                 

                                                 
{'eval_loss': 0.909995436668396, 'eval_runtime': 9.6602, 'eval_samples_per_second': 13.25, 'eval_steps_per_second': 3.313, 'epoch': 0.35}
{'loss': 1.0954, 'grad_norm': 10.90023422241211, 'learning_rate': 1.307511737089202e-05, 'epoch': 0.35}
{'loss': 1.0367, 'grad_norm': 5.767647743225098, 'learning_rate': 1.3051643192488264e-05, 'epoch': 0.35}
{'loss': 0.9418, 'grad_norm': 4.608062267303467, 'learning_rate': 1.3028169014084508e-05, 'epoch': 0.35}
{'loss': 0.984, 'grad_norm': 5.2395920753479, 'learning_rate': 1.300469483568075e-05, 'epoch': 0.36}
{'loss': 0.9493, 'grad_norm': 4.102154731750488, 'learning_rate': 1.2981220657276996e-05, 'epoch': 0.36}
{'loss': 1.1756, 'grad_norm': 3.189962387084961, 'learning_rate': 1.2957746478873242e-05, 'epoch': 0.36}
{'loss': 1.0552, 'grad_norm': 5.41861629486084, 'learning_rate': 1.2934272300469484e-05, 'epoch': 0.36}
{'loss': 1.0321, 'grad_norm': 7.179257869720459, 'learning_rate': 1.2910798122065728e-05, 'epoch': 0.36}
{'loss': 1.2045, 'grad_norm': 6.676356792449951, 'learning_rate': 1.2887323943661974e-05, 'epoch': 0.36}
{'loss': 1.1134, 'grad_norm': 10.401691436767578, 'learning_rate': 1.2863849765258216e-05, 'epoch': 0.36}
{'loss': 1.0772, 'grad_norm': 5.116135597229004, 'learning_rate': 1.2840375586854462e-05, 'epoch': 0.36}
{'loss': 1.3398, 'grad_norm': 5.187938213348389, 'learning_rate': 1.2816901408450705e-05, 'epoch': 0.36}
{'loss': 1.294, 'grad_norm': 9.349693298339844, 'learning_rate': 1.279342723004695e-05, 'epoch': 0.37}
{'loss': 1.1991, 'grad_norm': 5.056087970733643, 'learning_rate': 1.2769953051643193e-05, 'epoch': 0.37}
{'loss': 1.0432, 'grad_norm': 3.0538461208343506, 'learning_rate': 1.2746478873239439e-05, 'epoch': 0.37}
{'loss': 1.1476, 'grad_norm': 5.2721076011657715, 'learning_rate': 1.2723004694835681e-05, 'epoch': 0.37}
{'loss': 1.2277, 'grad_norm': 4.046612739562988, 'learning_rate': 1.2699530516431925e-05, 'epoch': 0.37}
{'loss': 1.1001, 'grad_norm': 2.6320114135742188, 'learning_rate': 1.2676056338028171e-05, 'epoch': 0.37}
{'loss': 1.0188, 'grad_norm': 3.51043963432312, 'learning_rate': 1.2652582159624413e-05, 'epoch': 0.37}
{'loss': 0.949, 'grad_norm': 3.712292432785034, 'learning_rate': 1.2629107981220659e-05, 'epoch': 0.37}
{'loss': 1.3166, 'grad_norm': 11.963303565979004, 'learning_rate': 1.2605633802816903e-05, 'epoch': 0.37}
{'loss': 0.9604, 'grad_norm': 7.184025764465332, 'learning_rate': 1.2582159624413147e-05, 'epoch': 0.38}
{'loss': 0.8584, 'grad_norm': 3.0900673866271973, 'learning_rate': 1.255868544600939e-05, 'epoch': 0.38}
{'loss': 1.0488, 'grad_norm': 4.7579264640808105, 'learning_rate': 1.2535211267605636e-05, 'epoch': 0.38}
{'loss': 1.3133, 'grad_norm': 4.475494861602783, 'learning_rate': 1.2511737089201879e-05, 'epoch': 0.38}
{'loss': 0.9428, 'grad_norm': 7.006015300750732, 'learning_rate': 1.2488262910798124e-05, 'epoch': 0.38}
{'loss': 0.9718, 'grad_norm': 4.434786319732666, 'learning_rate': 1.2464788732394367e-05, 'epoch': 0.38}
{'loss': 1.0341, 'grad_norm': 6.380675315856934, 'learning_rate': 1.244131455399061e-05, 'epoch': 0.38}
{'loss': 1.0159, 'grad_norm': 3.890911102294922, 'learning_rate': 1.2417840375586856e-05, 'epoch': 0.38}
{'loss': 0.8521, 'grad_norm': 3.470317840576172, 'learning_rate': 1.2394366197183098e-05, 'epoch': 0.39}
{'loss': 1.2607, 'grad_norm': 7.288845062255859, 'learning_rate': 1.2370892018779344e-05, 'epoch': 0.39}
{'loss': 1.1844, 'grad_norm': 2.9828336238861084, 'learning_rate': 1.2347417840375588e-05, 'epoch': 0.39}
{'loss': 1.0635, 'grad_norm': 10.812193870544434, 'learning_rate': 1.232394366197183e-05, 'epoch': 0.39}
{'loss': 1.1565, 'grad_norm': 5.958113670349121, 'learning_rate': 1.2300469483568076e-05, 'epoch': 0.39}
{'loss': 1.0562, 'grad_norm': 7.276770114898682, 'learning_rate': 1.2276995305164322e-05, 'epoch': 0.39}
{'loss': 1.0398, 'grad_norm': 7.128584384918213, 'learning_rate': 1.2253521126760564e-05, 'epoch': 0.39}
{'loss': 1.0244, 'grad_norm': 5.847866058349609, 'learning_rate': 1.2230046948356808e-05, 'epoch': 0.39}
{'loss': 1.0397, 'grad_norm': 4.474080562591553, 'learning_rate': 1.2206572769953053e-05, 'epoch': 0.39}
{'loss': 1.1011, 'grad_norm': 4.0697832107543945, 'learning_rate': 1.2183098591549296e-05, 'epoch': 0.4}
{'loss': 0.7933, 'grad_norm': 5.949623107910156, 'learning_rate': 1.2159624413145541e-05, 'epoch': 0.4}
{'loss': 0.9539, 'grad_norm': 4.749281406402588, 'learning_rate': 1.2136150234741785e-05, 'epoch': 0.4}
{'loss': 1.0412, 'grad_norm': 4.34208869934082, 'learning_rate': 1.211267605633803e-05, 'epoch': 0.4}
{'loss': 1.1187, 'grad_norm': 3.557375431060791, 'learning_rate': 1.2089201877934273e-05, 'epoch': 0.4}
{'loss': 0.9514, 'grad_norm': 2.452399730682373, 'learning_rate': 1.2065727699530519e-05, 'epoch': 0.4}
{'loss': 1.1643, 'grad_norm': 4.7585768699646, 'learning_rate': 1.2042253521126761e-05, 'epoch': 0.4}
{'loss': 1.0328, 'grad_norm': 5.361794948577881, 'learning_rate': 1.2018779342723005e-05, 'epoch': 0.4}
{'loss': 1.075, 'grad_norm': 2.3441975116729736, 'learning_rate': 1.199530516431925e-05, 'epoch': 0.41}
{'loss': 1.1075, 'grad_norm': 5.59463357925415, 'learning_rate': 1.1971830985915493e-05, 'epoch': 0.41}
{'loss': 1.1866, 'grad_norm': 3.5123605728149414, 'learning_rate': 1.1948356807511739e-05, 'epoch': 0.41}
{'loss': 1.1427, 'grad_norm': 3.0767812728881836, 'learning_rate': 1.1924882629107981e-05, 'epoch': 0.41}
{'loss': 1.1149, 'grad_norm': 4.83900260925293, 'learning_rate': 1.1901408450704227e-05, 'epoch': 0.41}
{'loss': 0.9327, 'grad_norm': 5.919934272766113, 'learning_rate': 1.187793427230047e-05, 'epoch': 0.41}
{'loss': 0.863, 'grad_norm': 3.4540908336639404, 'learning_rate': 1.1854460093896713e-05, 'epoch': 0.41}
{'loss': 1.2345, 'grad_norm': 3.5531928539276123, 'learning_rate': 1.1830985915492958e-05, 'epoch': 0.41}
{'loss': 1.0174, 'grad_norm': 4.399630546569824, 'learning_rate': 1.1807511737089204e-05, 'epoch': 0.41}
{'loss': 1.0321, 'grad_norm': 6.197319030761719, 'learning_rate': 1.1784037558685446e-05, 'epoch': 0.42}
{'loss': 0.972, 'grad_norm': 7.2509565353393555, 'learning_rate': 1.176056338028169e-05, 'epoch': 0.42}
{'loss': 0.9755, 'grad_norm': 5.805911540985107, 'learning_rate': 1.1737089201877936e-05, 'epoch': 0.42}
{'loss': 1.2592, 'grad_norm': 8.610550880432129, 'learning_rate': 1.1713615023474178e-05, 'epoch': 0.42}
{'loss': 1.2139, 'grad_norm': 7.621720790863037, 'learning_rate': 1.1690140845070424e-05, 'epoch': 0.42}
{'loss': 0.9523, 'grad_norm': 4.874159336090088, 'learning_rate': 1.1666666666666668e-05, 'epoch': 0.42}
{'loss': 1.3676, 'grad_norm': 3.1514158248901367, 'learning_rate': 1.1643192488262912e-05, 'epoch': 0.42}
{'loss': 1.1286, 'grad_norm': 10.498154640197754, 'learning_rate': 1.1619718309859156e-05, 'epoch': 0.42}
{'loss': 1.0806, 'grad_norm': 9.735069274902344, 'learning_rate': 1.1596244131455401e-05, 'epoch': 0.43}
{'loss': 0.8492, 'grad_norm': 9.523430824279785, 'learning_rate': 1.1572769953051644e-05, 'epoch': 0.43}
{'loss': 1.0005, 'grad_norm': 3.156613826751709, 'learning_rate': 1.1549295774647888e-05, 'epoch': 0.43}
{'loss': 0.9322, 'grad_norm': 3.2728323936462402, 'learning_rate': 1.1525821596244133e-05, 'epoch': 0.43}
{'loss': 0.8866, 'grad_norm': 3.776336193084717, 'learning_rate': 1.1502347417840376e-05, 'epoch': 0.43}
{'loss': 0.9198, 'grad_norm': 3.601661205291748, 'learning_rate': 1.1478873239436621e-05, 'epoch': 0.43}
{'loss': 0.9041, 'grad_norm': 7.696649074554443, 'learning_rate': 1.1455399061032865e-05, 'epoch': 0.43}
{'loss': 1.0395, 'grad_norm': 7.041481971740723, 'learning_rate': 1.143192488262911e-05, 'epoch': 0.43}
{'loss': 1.0521, 'grad_norm': 9.78231143951416, 'learning_rate': 1.1408450704225353e-05, 'epoch': 0.43}
{'loss': 1.0874, 'grad_norm': 5.256544589996338, 'learning_rate': 1.1384976525821595e-05, 'epoch': 0.44}
{'loss': 0.9071, 'grad_norm': 3.9225759506225586, 'learning_rate': 1.1361502347417841e-05, 'epoch': 0.44}
{'loss': 1.4718, 'grad_norm': 6.274043083190918, 'learning_rate': 1.1338028169014087e-05, 'epoch': 0.44}
{'loss': 1.0145, 'grad_norm': 6.302619457244873, 'learning_rate': 1.1314553990610329e-05, 'epoch': 0.44}
{'loss': 1.0049, 'grad_norm': 2.955653667449951, 'learning_rate': 1.1291079812206573e-05, 'epoch': 0.44}
                                                 

                                                 

                                                 

                                                 

                                                 

                                                 

                                                 

                                                 

                                                 

                                                 

                                                 

                                                 

                                                 

                                                 

                                                 

                                                 

                                                 

                                                 

                                                 

                                                 

                                                 

                                                 

                                                 

{'loss': 1.0741, 'grad_norm': 4.758822917938232, 'learning_rate': 1.1267605633802819e-05, 'epoch': 0.44}
{'loss': 1.038, 'grad_norm': 5.0439887046813965, 'learning_rate': 1.1244131455399061e-05, 'epoch': 0.44}
{'loss': 1.2348, 'grad_norm': 3.066617488861084, 'learning_rate': 1.1220657276995307e-05, 'epoch': 0.44}
{'loss': 0.9971, 'grad_norm': 4.3859052658081055, 'learning_rate': 1.119718309859155e-05, 'epoch': 0.44}
{'loss': 0.9723, 'grad_norm': 3.563769578933716, 'learning_rate': 1.1173708920187793e-05, 'epoch': 0.45}
{'loss': 1.0718, 'grad_norm': 6.732563018798828, 'learning_rate': 1.1150234741784038e-05, 'epoch': 0.45}
{'loss': 1.4569, 'grad_norm': 6.62499475479126, 'learning_rate': 1.1126760563380284e-05, 'epoch': 0.45}
{'loss': 1.059, 'grad_norm': 4.046205997467041, 'learning_rate': 1.1103286384976526e-05, 'epoch': 0.45}
{'loss': 0.8984, 'grad_norm': 4.990114688873291, 'learning_rate': 1.107981220657277e-05, 'epoch': 0.45}
{'loss': 1.0601, 'grad_norm': 11.141539573669434, 'learning_rate': 1.1056338028169016e-05, 'epoch': 0.45}
{'loss': 0.8993, 'grad_norm': 4.891817569732666, 'learning_rate': 1.1032863849765258e-05, 'epoch': 0.45}
{'loss': 1.2862, 'grad_norm': 4.245889186859131, 'learning_rate': 1.1009389671361504e-05, 'epoch': 0.45}
{'loss': 0.8943, 'grad_norm': 4.616121292114258, 'learning_rate': 1.0985915492957748e-05, 'epoch': 0.46}
{'loss': 1.1867, 'grad_norm': 3.045325994491577, 'learning_rate': 1.0962441314553992e-05, 'epoch': 0.46}
{'loss': 1.0293, 'grad_norm': 5.239016056060791, 'learning_rate': 1.0938967136150236e-05, 'epoch': 0.46}
{'loss': 0.9041, 'grad_norm': 5.375450611114502, 'learning_rate': 1.0915492957746481e-05, 'epoch': 0.46}
{'loss': 1.1354, 'grad_norm': 3.4652962684631348, 'learning_rate': 1.0892018779342724e-05, 'epoch': 0.46}
{'loss': 0.8668, 'grad_norm': 3.883347988128662, 'learning_rate': 1.0868544600938968e-05, 'epoch': 0.46}
{'loss': 1.1537, 'grad_norm': 5.143263816833496, 'learning_rate': 1.0845070422535213e-05, 'epoch': 0.46}
{'loss': 0.7753, 'grad_norm': 4.122880935668945, 'learning_rate': 1.0821596244131455e-05, 'epoch': 0.46}
{'loss': 1.0494, 'grad_norm': 7.2553300857543945, 'learning_rate': 1.0798122065727701e-05, 'epoch': 0.46}
{'loss': 0.7668, 'grad_norm': 5.081407070159912, 'learning_rate': 1.0774647887323943e-05, 'epoch': 0.47}
{'loss': 0.775, 'grad_norm': 9.175403594970703, 'learning_rate': 1.0751173708920189e-05, 'epoch': 0.47}
































                                                 


                                               
[A


                                               [A
                                                 

                                                 

                                                 

                                                 

                                                 

                                                 

                                                 

                                                 

                                                 

                                                 

                                                 

                                                 

                                                 

                                                 

                                                 

                                                 

                                                 

                                                 

                                                 

                                                 

                                                 

                                                 

                                                 

                                                 

                                                 

                                                 

                                                 

                                                 

                                                 

                                                 

                                                 

                                                 

                                                 

                                                 

                                                 

                                                 

                                                 

                                                 

                                                 

                                                 

                                                 

                                                 

                                                 

                                                 

                                                 

                                                 

                                                 

                                                 

                                                 

                                                 

                                                 

                                                 

                                                 

                                                 

                                                 

                                                 

                                                 

                                                 

                                                 

                                                 

                                                 

                                                 

                                                 

                                                 

                                                 

                                                 

                                                 

                                                 

                                                 

                                                 

                                                 

                                                 

                                                 

                                                 

                                                 

                                                 

                                                 

                                                 
{'eval_loss': 0.9064435958862305, 'eval_runtime': 9.6564, 'eval_samples_per_second': 13.255, 'eval_steps_per_second': 3.314, 'epoch': 0.47}
{'loss': 0.8799, 'grad_norm': 5.514479160308838, 'learning_rate': 1.0727699530516433e-05, 'epoch': 0.47}
{'loss': 1.1856, 'grad_norm': 6.413851261138916, 'learning_rate': 1.0704225352112675e-05, 'epoch': 0.47}
{'loss': 0.9908, 'grad_norm': 3.7368574142456055, 'learning_rate': 1.0680751173708921e-05, 'epoch': 0.47}
{'loss': 1.1368, 'grad_norm': 3.25309419631958, 'learning_rate': 1.0657276995305167e-05, 'epoch': 0.47}
{'loss': 1.4312, 'grad_norm': 8.837166786193848, 'learning_rate': 1.0633802816901409e-05, 'epoch': 0.47}
{'loss': 0.6805, 'grad_norm': 4.629173755645752, 'learning_rate': 1.0610328638497653e-05, 'epoch': 0.47}
{'loss': 1.0077, 'grad_norm': 6.343904972076416, 'learning_rate': 1.0586854460093898e-05, 'epoch': 0.48}
{'loss': 1.1015, 'grad_norm': 2.75068736076355, 'learning_rate': 1.056338028169014e-05, 'epoch': 0.48}
{'loss': 0.9987, 'grad_norm': 3.1148061752319336, 'learning_rate': 1.0539906103286386e-05, 'epoch': 0.48}
{'loss': 1.0423, 'grad_norm': 4.241046905517578, 'learning_rate': 1.051643192488263e-05, 'epoch': 0.48}
{'loss': 1.0251, 'grad_norm': 6.563292503356934, 'learning_rate': 1.0492957746478873e-05, 'epoch': 0.48}
{'loss': 1.1531, 'grad_norm': 7.012768268585205, 'learning_rate': 1.0469483568075118e-05, 'epoch': 0.48}
{'loss': 1.2105, 'grad_norm': 4.6433610916137695, 'learning_rate': 1.0446009389671364e-05, 'epoch': 0.48}
{'loss': 0.9771, 'grad_norm': 4.410882949829102, 'learning_rate': 1.0422535211267606e-05, 'epoch': 0.48}
{'loss': 0.8407, 'grad_norm': 3.6807427406311035, 'learning_rate': 1.039906103286385e-05, 'epoch': 0.48}
{'loss': 0.9538, 'grad_norm': 4.844435691833496, 'learning_rate': 1.0375586854460096e-05, 'epoch': 0.49}
{'loss': 0.9613, 'grad_norm': 2.945643186569214, 'learning_rate': 1.0352112676056338e-05, 'epoch': 0.49}
{'loss': 0.9402, 'grad_norm': 3.3093535900115967, 'learning_rate': 1.0328638497652584e-05, 'epoch': 0.49}
{'loss': 0.9519, 'grad_norm': 4.166680335998535, 'learning_rate': 1.0305164319248828e-05, 'epoch': 0.49}
{'loss': 0.76, 'grad_norm': 4.848474979400635, 'learning_rate': 1.0281690140845072e-05, 'epoch': 0.49}
{'loss': 1.0922, 'grad_norm': 6.727213382720947, 'learning_rate': 1.0258215962441316e-05, 'epoch': 0.49}
{'loss': 0.9863, 'grad_norm': 4.213969707489014, 'learning_rate': 1.0234741784037558e-05, 'epoch': 0.49}
{'loss': 1.0355, 'grad_norm': 3.4666786193847656, 'learning_rate': 1.0211267605633803e-05, 'epoch': 0.49}
{'loss': 0.9956, 'grad_norm': 5.8730082511901855, 'learning_rate': 1.0187793427230047e-05, 'epoch': 0.5}
{'loss': 0.9206, 'grad_norm': 4.692964553833008, 'learning_rate': 1.0164319248826291e-05, 'epoch': 0.5}
{'loss': 1.1, 'grad_norm': 4.407639980316162, 'learning_rate': 1.0140845070422535e-05, 'epoch': 0.5}
{'loss': 1.1893, 'grad_norm': 14.15567684173584, 'learning_rate': 1.0117370892018781e-05, 'epoch': 0.5}
{'loss': 0.9849, 'grad_norm': 5.993691444396973, 'learning_rate': 1.0093896713615023e-05, 'epoch': 0.5}
{'loss': 0.8714, 'grad_norm': 2.4786229133605957, 'learning_rate': 1.0070422535211269e-05, 'epoch': 0.5}
{'loss': 0.9689, 'grad_norm': 3.608092784881592, 'learning_rate': 1.0046948356807513e-05, 'epoch': 0.5}
{'loss': 1.0109, 'grad_norm': 3.842273235321045, 'learning_rate': 1.0023474178403755e-05, 'epoch': 0.5}
{'loss': 0.851, 'grad_norm': 3.384324073791504, 'learning_rate': 1e-05, 'epoch': 0.5}
{'loss': 1.01, 'grad_norm': 5.714381694793701, 'learning_rate': 9.976525821596245e-06, 'epoch': 0.51}
{'loss': 0.937, 'grad_norm': 4.846297740936279, 'learning_rate': 9.953051643192489e-06, 'epoch': 0.51}
{'loss': 1.2114, 'grad_norm': 6.981241703033447, 'learning_rate': 9.929577464788733e-06, 'epoch': 0.51}
{'loss': 1.1171, 'grad_norm': 5.331692695617676, 'learning_rate': 9.906103286384977e-06, 'epoch': 0.51}
{'loss': 1.2758, 'grad_norm': 6.906659126281738, 'learning_rate': 9.882629107981222e-06, 'epoch': 0.51}
{'loss': 0.9596, 'grad_norm': 5.394925594329834, 'learning_rate': 9.859154929577466e-06, 'epoch': 0.51}
{'loss': 1.0773, 'grad_norm': 4.254988193511963, 'learning_rate': 9.83568075117371e-06, 'epoch': 0.51}
{'loss': 1.2534, 'grad_norm': 4.098927974700928, 'learning_rate': 9.812206572769954e-06, 'epoch': 0.51}
{'loss': 1.1376, 'grad_norm': 6.413873672485352, 'learning_rate': 9.788732394366198e-06, 'epoch': 0.52}
{'loss': 1.1, 'grad_norm': 5.49608039855957, 'learning_rate': 9.765258215962442e-06, 'epoch': 0.52}
{'loss': 1.048, 'grad_norm': 3.15830135345459, 'learning_rate': 9.741784037558686e-06, 'epoch': 0.52}
{'loss': 0.9084, 'grad_norm': 4.630103588104248, 'learning_rate': 9.71830985915493e-06, 'epoch': 0.52}
{'loss': 0.8403, 'grad_norm': 3.761075973510742, 'learning_rate': 9.694835680751174e-06, 'epoch': 0.52}
{'loss': 0.8138, 'grad_norm': 6.588629722595215, 'learning_rate': 9.671361502347418e-06, 'epoch': 0.52}
{'loss': 1.4527, 'grad_norm': 4.265695571899414, 'learning_rate': 9.647887323943664e-06, 'epoch': 0.52}
{'loss': 0.9005, 'grad_norm': 3.956164598464966, 'learning_rate': 9.624413145539908e-06, 'epoch': 0.52}
{'loss': 0.9674, 'grad_norm': 4.688978672027588, 'learning_rate': 9.600938967136152e-06, 'epoch': 0.52}
{'loss': 0.8947, 'grad_norm': 6.328042030334473, 'learning_rate': 9.577464788732394e-06, 'epoch': 0.53}
{'loss': 0.9777, 'grad_norm': 4.049918174743652, 'learning_rate': 9.55399061032864e-06, 'epoch': 0.53}
{'loss': 1.084, 'grad_norm': 7.500970363616943, 'learning_rate': 9.530516431924883e-06, 'epoch': 0.53}
{'loss': 1.0559, 'grad_norm': 5.595452308654785, 'learning_rate': 9.507042253521127e-06, 'epoch': 0.53}
{'loss': 1.1657, 'grad_norm': 3.2192490100860596, 'learning_rate': 9.483568075117371e-06, 'epoch': 0.53}
{'loss': 1.0911, 'grad_norm': 7.640709400177002, 'learning_rate': 9.460093896713615e-06, 'epoch': 0.53}
{'loss': 1.0741, 'grad_norm': 5.2692437171936035, 'learning_rate': 9.43661971830986e-06, 'epoch': 0.53}
{'loss': 1.278, 'grad_norm': 4.738912582397461, 'learning_rate': 9.413145539906105e-06, 'epoch': 0.53}
{'loss': 1.0201, 'grad_norm': 7.296757698059082, 'learning_rate': 9.389671361502349e-06, 'epoch': 0.53}
{'loss': 0.8584, 'grad_norm': 3.2311646938323975, 'learning_rate': 9.366197183098593e-06, 'epoch': 0.54}
{'loss': 0.9932, 'grad_norm': 4.150343894958496, 'learning_rate': 9.342723004694837e-06, 'epoch': 0.54}
{'loss': 1.1527, 'grad_norm': 2.32462739944458, 'learning_rate': 9.31924882629108e-06, 'epoch': 0.54}
{'loss': 1.0908, 'grad_norm': 2.814497709274292, 'learning_rate': 9.295774647887325e-06, 'epoch': 0.54}
{'loss': 1.1104, 'grad_norm': 6.626726150512695, 'learning_rate': 9.272300469483569e-06, 'epoch': 0.54}
{'loss': 1.0134, 'grad_norm': 5.981279373168945, 'learning_rate': 9.248826291079813e-06, 'epoch': 0.54}
{'loss': 0.9676, 'grad_norm': 7.6337571144104, 'learning_rate': 9.225352112676057e-06, 'epoch': 0.54}
{'loss': 1.0482, 'grad_norm': 3.8825604915618896, 'learning_rate': 9.2018779342723e-06, 'epoch': 0.54}
{'loss': 1.3381, 'grad_norm': 6.913367748260498, 'learning_rate': 9.178403755868546e-06, 'epoch': 0.55}
{'loss': 1.1262, 'grad_norm': 3.522270917892456, 'learning_rate': 9.15492957746479e-06, 'epoch': 0.55}
{'loss': 1.2832, 'grad_norm': 5.3124518394470215, 'learning_rate': 9.131455399061034e-06, 'epoch': 0.55}
{'loss': 0.9972, 'grad_norm': 5.607138156890869, 'learning_rate': 9.107981220657278e-06, 'epoch': 0.55}
{'loss': 1.0561, 'grad_norm': 4.900136947631836, 'learning_rate': 9.084507042253522e-06, 'epoch': 0.55}
{'loss': 1.2533, 'grad_norm': 6.2701544761657715, 'learning_rate': 9.061032863849766e-06, 'epoch': 0.55}
{'loss': 0.9065, 'grad_norm': 3.7588939666748047, 'learning_rate': 9.03755868544601e-06, 'epoch': 0.55}
{'loss': 1.1912, 'grad_norm': 5.479207515716553, 'learning_rate': 9.014084507042254e-06, 'epoch': 0.55}
{'loss': 1.0298, 'grad_norm': 4.707904815673828, 'learning_rate': 8.990610328638498e-06, 'epoch': 0.55}
{'loss': 0.873, 'grad_norm': 3.2221150398254395, 'learning_rate': 8.967136150234742e-06, 'epoch': 0.56}
{'loss': 1.0259, 'grad_norm': 4.515080451965332, 'learning_rate': 8.943661971830987e-06, 'epoch': 0.56}
{'loss': 1.0679, 'grad_norm': 3.7746012210845947, 'learning_rate': 8.920187793427231e-06, 'epoch': 0.56}
                                                 

                                                 

                                                 

                                                 

                                                 

                                                 

                                                 

                                                 

                                                 

                                                 

                                                 

                                                 

                                                 

                                                 

                                                 

                                                 

                                                 

                                                 

                                                 

                                                 

                                                 

                                                 

{'loss': 0.858, 'grad_norm': 4.600399971008301, 'learning_rate': 8.896713615023475e-06, 'epoch': 0.56}
{'loss': 1.1317, 'grad_norm': 4.664524555206299, 'learning_rate': 8.87323943661972e-06, 'epoch': 0.56}
{'loss': 1.0992, 'grad_norm': 6.743680953979492, 'learning_rate': 8.849765258215963e-06, 'epoch': 0.56}
{'loss': 1.035, 'grad_norm': 11.237384796142578, 'learning_rate': 8.826291079812207e-06, 'epoch': 0.56}
{'loss': 1.0127, 'grad_norm': 11.238130569458008, 'learning_rate': 8.802816901408451e-06, 'epoch': 0.56}
{'loss': 1.0238, 'grad_norm': 2.707413911819458, 'learning_rate': 8.779342723004695e-06, 'epoch': 0.57}
{'loss': 0.9379, 'grad_norm': 4.561703205108643, 'learning_rate': 8.755868544600939e-06, 'epoch': 0.57}
{'loss': 1.0834, 'grad_norm': 5.902072429656982, 'learning_rate': 8.732394366197183e-06, 'epoch': 0.57}
{'loss': 1.0497, 'grad_norm': 2.926692008972168, 'learning_rate': 8.708920187793429e-06, 'epoch': 0.57}
{'loss': 1.3241, 'grad_norm': 5.376234531402588, 'learning_rate': 8.685446009389673e-06, 'epoch': 0.57}
{'loss': 1.0348, 'grad_norm': 11.118082046508789, 'learning_rate': 8.661971830985915e-06, 'epoch': 0.57}
{'loss': 0.905, 'grad_norm': 3.646758556365967, 'learning_rate': 8.63849765258216e-06, 'epoch': 0.57}
{'loss': 1.1171, 'grad_norm': 4.760015964508057, 'learning_rate': 8.615023474178405e-06, 'epoch': 0.57}
{'loss': 1.1368, 'grad_norm': 8.983223915100098, 'learning_rate': 8.591549295774648e-06, 'epoch': 0.57}
{'loss': 1.1348, 'grad_norm': 4.317368507385254, 'learning_rate': 8.568075117370892e-06, 'epoch': 0.58}
{'loss': 1.0369, 'grad_norm': 7.420775890350342, 'learning_rate': 8.544600938967136e-06, 'epoch': 0.58}
{'loss': 0.958, 'grad_norm': 6.840645790100098, 'learning_rate': 8.52112676056338e-06, 'epoch': 0.58}
{'loss': 0.8576, 'grad_norm': 5.747413158416748, 'learning_rate': 8.497652582159626e-06, 'epoch': 0.58}
{'loss': 1.0408, 'grad_norm': 3.127815008163452, 'learning_rate': 8.47417840375587e-06, 'epoch': 0.58}
{'loss': 0.9172, 'grad_norm': 2.7696213722229004, 'learning_rate': 8.450704225352114e-06, 'epoch': 0.58}
{'loss': 1.1202, 'grad_norm': 4.670193672180176, 'learning_rate': 8.427230046948356e-06, 'epoch': 0.58}
{'loss': 0.965, 'grad_norm': 3.708326816558838, 'learning_rate': 8.403755868544602e-06, 'epoch': 0.58}
































                                                 


                                               
[A


                                               [A
                                                 

                                                 

                                                 

                                                 

                                                 

                                                 

                                                 

                                                 

                                                 

                                                 

                                                 

                                                 

                                                 

                                                 

                                                 

                                                 

                                                 

                                                 

                                                 

                                                 

                                                 

                                                 

                                                 

                                                 

                                                 

                                                 

                                                 

                                                 

                                                 

                                                 

                                                 

                                                 

                                                 

                                                 

                                                 

                                                 

                                                 

                                                 

                                                 

                                                 

                                                 

                                                 

                                                 

                                                 

                                                 

                                                 

                                                 

                                                 

                                                 

                                                 

                                                 

                                                 

                                                 

                                                 

                                                 

                                                 

                                                 

                                                 

                                                 

                                                 

                                                 

                                                 

                                                 

                                                 

                                                 

                                                 

                                                 

                                                 

                                                 

                                                 

                                                 

                                                 

                                                 

                                                 

                                                 

                                                 

                                                 

                                                 
{'eval_loss': 0.9049726724624634, 'eval_runtime': 9.6661, 'eval_samples_per_second': 13.242, 'eval_steps_per_second': 3.311, 'epoch': 0.58}
{'loss': 0.9597, 'grad_norm': 6.072739124298096, 'learning_rate': 8.380281690140846e-06, 'epoch': 0.59}
{'loss': 1.0483, 'grad_norm': 7.297513961791992, 'learning_rate': 8.35680751173709e-06, 'epoch': 0.59}
{'loss': 1.0128, 'grad_norm': 3.5179007053375244, 'learning_rate': 8.333333333333334e-06, 'epoch': 0.59}
{'loss': 1.0045, 'grad_norm': 8.56408977508545, 'learning_rate': 8.309859154929578e-06, 'epoch': 0.59}
{'loss': 1.3022, 'grad_norm': 4.265563488006592, 'learning_rate': 8.286384976525822e-06, 'epoch': 0.59}
{'loss': 1.007, 'grad_norm': 5.936613082885742, 'learning_rate': 8.262910798122067e-06, 'epoch': 0.59}
{'loss': 1.2031, 'grad_norm': 2.9668290615081787, 'learning_rate': 8.239436619718311e-06, 'epoch': 0.59}
{'loss': 0.9668, 'grad_norm': 4.652463436126709, 'learning_rate': 8.215962441314555e-06, 'epoch': 0.59}
{'loss': 0.9358, 'grad_norm': 3.078242063522339, 'learning_rate': 8.192488262910797e-06, 'epoch': 0.59}
{'loss': 0.8878, 'grad_norm': 3.4876868724823, 'learning_rate': 8.169014084507043e-06, 'epoch': 0.6}
{'loss': 1.2073, 'grad_norm': 3.223676919937134, 'learning_rate': 8.145539906103287e-06, 'epoch': 0.6}
{'loss': 1.1896, 'grad_norm': 7.035391807556152, 'learning_rate': 8.122065727699531e-06, 'epoch': 0.6}
{'loss': 0.958, 'grad_norm': 4.029726982116699, 'learning_rate': 8.098591549295775e-06, 'epoch': 0.6}
{'loss': 1.1901, 'grad_norm': 11.692410469055176, 'learning_rate': 8.075117370892019e-06, 'epoch': 0.6}
{'loss': 1.0158, 'grad_norm': 4.0782647132873535, 'learning_rate': 8.051643192488263e-06, 'epoch': 0.6}
{'loss': 0.8769, 'grad_norm': 4.360306739807129, 'learning_rate': 8.028169014084509e-06, 'epoch': 0.6}
{'loss': 1.0973, 'grad_norm': 10.292716979980469, 'learning_rate': 8.004694835680753e-06, 'epoch': 0.6}
{'loss': 1.3026, 'grad_norm': 5.741298198699951, 'learning_rate': 7.981220657276996e-06, 'epoch': 0.6}
{'loss': 1.0807, 'grad_norm': 3.9829659461975098, 'learning_rate': 7.95774647887324e-06, 'epoch': 0.61}
{'loss': 1.3438, 'grad_norm': 3.24851393699646, 'learning_rate': 7.934272300469484e-06, 'epoch': 0.61}
{'loss': 0.9053, 'grad_norm': 3.003018379211426, 'learning_rate': 7.910798122065728e-06, 'epoch': 0.61}
{'loss': 0.951, 'grad_norm': 6.114734649658203, 'learning_rate': 7.887323943661972e-06, 'epoch': 0.61}
{'loss': 1.1176, 'grad_norm': 3.671475887298584, 'learning_rate': 7.863849765258216e-06, 'epoch': 0.61}
{'loss': 1.1258, 'grad_norm': 7.378236770629883, 'learning_rate': 7.84037558685446e-06, 'epoch': 0.61}
{'loss': 1.1471, 'grad_norm': 3.929584264755249, 'learning_rate': 7.816901408450704e-06, 'epoch': 0.61}
{'loss': 0.9562, 'grad_norm': 4.779389381408691, 'learning_rate': 7.79342723004695e-06, 'epoch': 0.61}
{'loss': 1.0787, 'grad_norm': 11.112845420837402, 'learning_rate': 7.769953051643194e-06, 'epoch': 0.62}
{'loss': 0.7995, 'grad_norm': 8.463611602783203, 'learning_rate': 7.746478873239436e-06, 'epoch': 0.62}
{'loss': 1.3979, 'grad_norm': 5.025976181030273, 'learning_rate': 7.723004694835682e-06, 'epoch': 0.62}
{'loss': 1.1016, 'grad_norm': 10.25075626373291, 'learning_rate': 7.699530516431926e-06, 'epoch': 0.62}
{'loss': 1.0293, 'grad_norm': 9.59995174407959, 'learning_rate': 7.67605633802817e-06, 'epoch': 0.62}
{'loss': 1.2322, 'grad_norm': 5.130184173583984, 'learning_rate': 7.652582159624414e-06, 'epoch': 0.62}
{'loss': 0.9885, 'grad_norm': 6.591878414154053, 'learning_rate': 7.629107981220658e-06, 'epoch': 0.62}
{'loss': 1.1452, 'grad_norm': 6.6726298332214355, 'learning_rate': 7.6056338028169015e-06, 'epoch': 0.62}
{'loss': 1.0623, 'grad_norm': 3.5476911067962646, 'learning_rate': 7.5821596244131455e-06, 'epoch': 0.62}
{'loss': 1.089, 'grad_norm': 5.1541056632995605, 'learning_rate': 7.55868544600939e-06, 'epoch': 0.63}
{'loss': 0.7781, 'grad_norm': 4.693814277648926, 'learning_rate': 7.535211267605634e-06, 'epoch': 0.63}
{'loss': 0.91, 'grad_norm': 2.847595691680908, 'learning_rate': 7.511737089201878e-06, 'epoch': 0.63}
{'loss': 1.0483, 'grad_norm': 3.9069082736968994, 'learning_rate': 7.488262910798123e-06, 'epoch': 0.63}
{'loss': 0.9206, 'grad_norm': 5.815781593322754, 'learning_rate': 7.464788732394367e-06, 'epoch': 0.63}
{'loss': 1.0298, 'grad_norm': 2.6724793910980225, 'learning_rate': 7.441314553990611e-06, 'epoch': 0.63}
{'loss': 1.0488, 'grad_norm': 4.310256004333496, 'learning_rate': 7.417840375586856e-06, 'epoch': 0.63}
{'loss': 1.1567, 'grad_norm': 4.5492167472839355, 'learning_rate': 7.3943661971831e-06, 'epoch': 0.63}
{'loss': 1.2996, 'grad_norm': 13.019182205200195, 'learning_rate': 7.370892018779343e-06, 'epoch': 0.64}
{'loss': 0.8471, 'grad_norm': 3.1217477321624756, 'learning_rate': 7.347417840375587e-06, 'epoch': 0.64}
{'loss': 1.1799, 'grad_norm': 7.50480318069458, 'learning_rate': 7.3239436619718316e-06, 'epoch': 0.64}
{'loss': 0.9962, 'grad_norm': 6.057733058929443, 'learning_rate': 7.3004694835680755e-06, 'epoch': 0.64}
{'loss': 1.2302, 'grad_norm': 7.078603744506836, 'learning_rate': 7.2769953051643195e-06, 'epoch': 0.64}
{'loss': 0.8613, 'grad_norm': 6.169149398803711, 'learning_rate': 7.253521126760564e-06, 'epoch': 0.64}
{'loss': 1.1096, 'grad_norm': 2.9959704875946045, 'learning_rate': 7.230046948356808e-06, 'epoch': 0.64}
{'loss': 0.927, 'grad_norm': 4.911106109619141, 'learning_rate': 7.206572769953052e-06, 'epoch': 0.64}
{'loss': 0.8776, 'grad_norm': 3.123823642730713, 'learning_rate': 7.183098591549297e-06, 'epoch': 0.64}
{'loss': 1.09, 'grad_norm': 2.9918806552886963, 'learning_rate': 7.159624413145541e-06, 'epoch': 0.65}
{'loss': 1.4199, 'grad_norm': 4.147573947906494, 'learning_rate': 7.136150234741784e-06, 'epoch': 0.65}
{'loss': 0.9696, 'grad_norm': 5.056978702545166, 'learning_rate': 7.112676056338029e-06, 'epoch': 0.65}
{'loss': 1.1299, 'grad_norm': 4.70602560043335, 'learning_rate': 7.089201877934273e-06, 'epoch': 0.65}
{'loss': 1.0555, 'grad_norm': 3.366203546524048, 'learning_rate': 7.065727699530517e-06, 'epoch': 0.65}
{'loss': 1.0376, 'grad_norm': 3.8873989582061768, 'learning_rate': 7.042253521126761e-06, 'epoch': 0.65}
{'loss': 0.9619, 'grad_norm': 4.023746013641357, 'learning_rate': 7.0187793427230056e-06, 'epoch': 0.65}
{'loss': 1.0193, 'grad_norm': 7.092926979064941, 'learning_rate': 6.9953051643192495e-06, 'epoch': 0.65}
{'loss': 0.791, 'grad_norm': 3.7743701934814453, 'learning_rate': 6.9718309859154935e-06, 'epoch': 0.66}
{'loss': 0.9679, 'grad_norm': 4.480214595794678, 'learning_rate': 6.948356807511738e-06, 'epoch': 0.66}
{'loss': 1.0282, 'grad_norm': 5.124239444732666, 'learning_rate': 6.924882629107981e-06, 'epoch': 0.66}
{'loss': 0.8872, 'grad_norm': 6.377657413482666, 'learning_rate': 6.901408450704225e-06, 'epoch': 0.66}
{'loss': 0.8431, 'grad_norm': 3.211634874343872, 'learning_rate': 6.87793427230047e-06, 'epoch': 0.66}
{'loss': 0.8747, 'grad_norm': 3.487624406814575, 'learning_rate': 6.854460093896714e-06, 'epoch': 0.66}
{'loss': 0.9287, 'grad_norm': 3.9047231674194336, 'learning_rate': 6.830985915492958e-06, 'epoch': 0.66}
{'loss': 1.1604, 'grad_norm': 4.292620658874512, 'learning_rate': 6.807511737089203e-06, 'epoch': 0.66}
{'loss': 1.0854, 'grad_norm': 5.153842926025391, 'learning_rate': 6.784037558685447e-06, 'epoch': 0.66}
{'loss': 0.9758, 'grad_norm': 3.838041067123413, 'learning_rate': 6.760563380281691e-06, 'epoch': 0.67}
{'loss': 0.9601, 'grad_norm': 4.508054733276367, 'learning_rate': 6.737089201877935e-06, 'epoch': 0.67}
{'loss': 1.1407, 'grad_norm': 2.7100398540496826, 'learning_rate': 6.71361502347418e-06, 'epoch': 0.67}
{'loss': 1.1924, 'grad_norm': 7.0583086013793945, 'learning_rate': 6.690140845070423e-06, 'epoch': 0.67}
{'loss': 0.9505, 'grad_norm': 5.496958255767822, 'learning_rate': 6.666666666666667e-06, 'epoch': 0.67}
{'loss': 1.0484, 'grad_norm': 3.8997881412506104, 'learning_rate': 6.6431924882629115e-06, 'epoch': 0.67}
{'loss': 1.1961, 'grad_norm': 9.433236122131348, 'learning_rate': 6.619718309859155e-06, 'epoch': 0.67}
{'loss': 1.1634, 'grad_norm': 7.225729942321777, 'learning_rate': 6.596244131455399e-06, 'epoch': 0.67}
{'loss': 1.0727, 'grad_norm': 4.888672828674316, 'learning_rate': 6.572769953051644e-06, 'epoch': 0.68}
                                                 

                                                 

                                                 

                                                 

                                                 

                                                 

                                                 

                                                 

                                                 

                                                 

                                                 

                                                 

                                                 

                                                 

                                                 

                                                 

                                                 

                                                 

                                                 

                                                 

                                                 

                                                 

{'loss': 0.9853, 'grad_norm': 4.4664998054504395, 'learning_rate': 6.549295774647888e-06, 'epoch': 0.68}
{'loss': 0.8518, 'grad_norm': 3.1450722217559814, 'learning_rate': 6.525821596244132e-06, 'epoch': 0.68}
{'loss': 1.3023, 'grad_norm': 5.843571662902832, 'learning_rate': 6.502347417840375e-06, 'epoch': 0.68}
{'loss': 1.039, 'grad_norm': 3.4788434505462646, 'learning_rate': 6.478873239436621e-06, 'epoch': 0.68}
{'loss': 1.1203, 'grad_norm': 7.00368595123291, 'learning_rate': 6.455399061032864e-06, 'epoch': 0.68}
{'loss': 0.9978, 'grad_norm': 2.659839391708374, 'learning_rate': 6.431924882629108e-06, 'epoch': 0.68}
{'loss': 1.029, 'grad_norm': 3.0122151374816895, 'learning_rate': 6.408450704225353e-06, 'epoch': 0.68}
{'loss': 1.2155, 'grad_norm': 5.279684066772461, 'learning_rate': 6.384976525821597e-06, 'epoch': 0.68}
{'loss': 1.1002, 'grad_norm': 4.5511040687561035, 'learning_rate': 6.361502347417841e-06, 'epoch': 0.69}
{'loss': 1.0342, 'grad_norm': 8.944074630737305, 'learning_rate': 6.3380281690140855e-06, 'epoch': 0.69}
{'loss': 1.1146, 'grad_norm': 5.234584331512451, 'learning_rate': 6.314553990610329e-06, 'epoch': 0.69}
{'loss': 1.061, 'grad_norm': 4.93650484085083, 'learning_rate': 6.291079812206573e-06, 'epoch': 0.69}
{'loss': 1.0882, 'grad_norm': 4.061605453491211, 'learning_rate': 6.267605633802818e-06, 'epoch': 0.69}
{'loss': 1.0996, 'grad_norm': 9.63679027557373, 'learning_rate': 6.244131455399062e-06, 'epoch': 0.69}
{'loss': 1.1583, 'grad_norm': 4.916136741638184, 'learning_rate': 6.220657276995305e-06, 'epoch': 0.69}
{'loss': 1.0833, 'grad_norm': 4.626441478729248, 'learning_rate': 6.197183098591549e-06, 'epoch': 0.69}
{'loss': 1.0351, 'grad_norm': 8.806108474731445, 'learning_rate': 6.173708920187794e-06, 'epoch': 0.69}
{'loss': 1.0256, 'grad_norm': 8.635119438171387, 'learning_rate': 6.150234741784038e-06, 'epoch': 0.7}
{'loss': 0.9911, 'grad_norm': 7.642706871032715, 'learning_rate': 6.126760563380282e-06, 'epoch': 0.7}
{'loss': 1.0009, 'grad_norm': 6.443990230560303, 'learning_rate': 6.103286384976527e-06, 'epoch': 0.7}
{'loss': 0.958, 'grad_norm': 3.910885810852051, 'learning_rate': 6.079812206572771e-06, 'epoch': 0.7}
{'loss': 1.1573, 'grad_norm': 5.132603645324707, 'learning_rate': 6.056338028169015e-06, 'epoch': 0.7}
































                                                 


                                               
[A


                                               [A
                                                 

                                                 

                                                 

                                                 

                                                 

                                                 

                                                 

                                                 

                                                 

                                                 

                                                 

                                                 

                                                 

                                                 

                                                 

                                                 

                                                 

                                                 

                                                 

                                                 

                                                 

                                                 

                                                 

                                                 

                                                 

                                                 

                                                 

                                                 

                                                 

                                                 

                                                 

                                                 

                                                 

                                                 

                                                 

                                                 

                                                 

                                                 

                                                 

                                                 

                                                 

                                                 

                                                 

                                                 

                                                 

                                                 

                                                 

                                                 

                                                 

                                                 

                                                 

                                                 

                                                 

                                                 

                                                 

                                                 

                                                 

                                                 

                                                 

                                                 

                                                 

                                                 

                                                 

                                                 

                                                 

                                                 

                                                 

                                                 

                                                 

                                                 

                                                 

                                                 

                                                 

                                                 

                                                 

                                                 

                                                 

                                                 
{'eval_loss': 0.9038883447647095, 'eval_runtime': 9.6711, 'eval_samples_per_second': 13.235, 'eval_steps_per_second': 3.309, 'epoch': 0.7}
{'loss': 1.0405, 'grad_norm': 4.15321159362793, 'learning_rate': 6.0328638497652595e-06, 'epoch': 0.7}
{'loss': 0.9132, 'grad_norm': 3.9706783294677734, 'learning_rate': 6.0093896713615026e-06, 'epoch': 0.7}
{'loss': 0.8284, 'grad_norm': 4.279003143310547, 'learning_rate': 5.9859154929577465e-06, 'epoch': 0.7}
{'loss': 0.9543, 'grad_norm': 5.629822731018066, 'learning_rate': 5.9624413145539905e-06, 'epoch': 0.71}
{'loss': 0.9473, 'grad_norm': 4.610611438751221, 'learning_rate': 5.938967136150235e-06, 'epoch': 0.71}
{'loss': 0.8922, 'grad_norm': 8.257797241210938, 'learning_rate': 5.915492957746479e-06, 'epoch': 0.71}
{'loss': 1.0449, 'grad_norm': 6.097980499267578, 'learning_rate': 5.892018779342723e-06, 'epoch': 0.71}
{'loss': 1.2746, 'grad_norm': 6.564864635467529, 'learning_rate': 5.868544600938968e-06, 'epoch': 0.71}
{'loss': 1.2971, 'grad_norm': 6.279411315917969, 'learning_rate': 5.845070422535212e-06, 'epoch': 0.71}
{'loss': 0.9161, 'grad_norm': 2.5637032985687256, 'learning_rate': 5.821596244131456e-06, 'epoch': 0.71}
{'loss': 0.8857, 'grad_norm': 5.363533020019531, 'learning_rate': 5.798122065727701e-06, 'epoch': 0.71}
{'loss': 1.075, 'grad_norm': 5.290127754211426, 'learning_rate': 5.774647887323944e-06, 'epoch': 0.71}
{'loss': 0.9373, 'grad_norm': 3.6252920627593994, 'learning_rate': 5.751173708920188e-06, 'epoch': 0.72}
{'loss': 0.9372, 'grad_norm': 4.625551700592041, 'learning_rate': 5.727699530516433e-06, 'epoch': 0.72}
{'loss': 0.985, 'grad_norm': 9.930780410766602, 'learning_rate': 5.7042253521126766e-06, 'epoch': 0.72}
{'loss': 0.9205, 'grad_norm': 7.296361446380615, 'learning_rate': 5.6807511737089205e-06, 'epoch': 0.72}
{'loss': 0.9945, 'grad_norm': 7.338436126708984, 'learning_rate': 5.6572769953051645e-06, 'epoch': 0.72}
{'loss': 1.0312, 'grad_norm': 6.298882961273193, 'learning_rate': 5.633802816901409e-06, 'epoch': 0.72}
{'loss': 1.2399, 'grad_norm': 4.176934242248535, 'learning_rate': 5.610328638497653e-06, 'epoch': 0.72}
{'loss': 1.2392, 'grad_norm': 3.269681692123413, 'learning_rate': 5.586854460093896e-06, 'epoch': 0.72}
{'loss': 0.9094, 'grad_norm': 3.755401134490967, 'learning_rate': 5.563380281690142e-06, 'epoch': 0.73}
{'loss': 0.9579, 'grad_norm': 3.7727513313293457, 'learning_rate': 5.539906103286385e-06, 'epoch': 0.73}
{'loss': 0.8975, 'grad_norm': 4.231097221374512, 'learning_rate': 5.516431924882629e-06, 'epoch': 0.73}
{'loss': 1.3395, 'grad_norm': 4.883675575256348, 'learning_rate': 5.492957746478874e-06, 'epoch': 0.73}
{'loss': 0.9553, 'grad_norm': 12.37133502960205, 'learning_rate': 5.469483568075118e-06, 'epoch': 0.73}
{'loss': 1.0125, 'grad_norm': 3.0650787353515625, 'learning_rate': 5.446009389671362e-06, 'epoch': 0.73}
{'loss': 1.2079, 'grad_norm': 8.434788703918457, 'learning_rate': 5.422535211267607e-06, 'epoch': 0.73}
{'loss': 1.1989, 'grad_norm': 4.700319290161133, 'learning_rate': 5.3990610328638506e-06, 'epoch': 0.73}
{'loss': 0.9414, 'grad_norm': 3.373206853866577, 'learning_rate': 5.3755868544600945e-06, 'epoch': 0.73}
{'loss': 1.2627, 'grad_norm': 14.569809913635254, 'learning_rate': 5.352112676056338e-06, 'epoch': 0.74}
{'loss': 1.2727, 'grad_norm': 11.638378143310547, 'learning_rate': 5.328638497652583e-06, 'epoch': 0.74}
{'loss': 1.0347, 'grad_norm': 4.615987777709961, 'learning_rate': 5.305164319248826e-06, 'epoch': 0.74}
{'loss': 0.8788, 'grad_norm': 4.625917434692383, 'learning_rate': 5.28169014084507e-06, 'epoch': 0.74}
{'loss': 0.873, 'grad_norm': 5.469331741333008, 'learning_rate': 5.258215962441315e-06, 'epoch': 0.74}
{'loss': 1.0901, 'grad_norm': 2.6536526679992676, 'learning_rate': 5.234741784037559e-06, 'epoch': 0.74}
{'loss': 1.0751, 'grad_norm': 3.721998691558838, 'learning_rate': 5.211267605633803e-06, 'epoch': 0.74}
{'loss': 1.142, 'grad_norm': 6.694417476654053, 'learning_rate': 5.187793427230048e-06, 'epoch': 0.74}
{'loss': 1.0241, 'grad_norm': 4.735893249511719, 'learning_rate': 5.164319248826292e-06, 'epoch': 0.75}
{'loss': 1.2521, 'grad_norm': 4.551167011260986, 'learning_rate': 5.140845070422536e-06, 'epoch': 0.75}
{'loss': 0.964, 'grad_norm': 3.3243017196655273, 'learning_rate': 5.117370892018779e-06, 'epoch': 0.75}
{'loss': 0.9768, 'grad_norm': 4.02446174621582, 'learning_rate': 5.093896713615024e-06, 'epoch': 0.75}
{'loss': 0.9746, 'grad_norm': 5.6816182136535645, 'learning_rate': 5.070422535211268e-06, 'epoch': 0.75}
{'loss': 0.9692, 'grad_norm': 4.394608020782471, 'learning_rate': 5.046948356807512e-06, 'epoch': 0.75}
{'loss': 1.2266, 'grad_norm': 4.069725513458252, 'learning_rate': 5.0234741784037565e-06, 'epoch': 0.75}
{'loss': 0.9273, 'grad_norm': 5.795879364013672, 'learning_rate': 5e-06, 'epoch': 0.75}
{'loss': 1.1897, 'grad_norm': 7.685359954833984, 'learning_rate': 4.976525821596244e-06, 'epoch': 0.75}
{'loss': 1.0309, 'grad_norm': 7.030797481536865, 'learning_rate': 4.953051643192488e-06, 'epoch': 0.76}
{'loss': 1.2224, 'grad_norm': 2.9900565147399902, 'learning_rate': 4.929577464788733e-06, 'epoch': 0.76}
{'loss': 1.2809, 'grad_norm': 5.952380180358887, 'learning_rate': 4.906103286384977e-06, 'epoch': 0.76}
{'loss': 0.9688, 'grad_norm': 5.752645015716553, 'learning_rate': 4.882629107981221e-06, 'epoch': 0.76}
{'loss': 1.2053, 'grad_norm': 8.333047866821289, 'learning_rate': 4.859154929577465e-06, 'epoch': 0.76}
{'loss': 1.1142, 'grad_norm': 7.3390631675720215, 'learning_rate': 4.835680751173709e-06, 'epoch': 0.76}
{'loss': 1.0278, 'grad_norm': 4.2686076164245605, 'learning_rate': 4.812206572769954e-06, 'epoch': 0.76}
{'loss': 1.1019, 'grad_norm': 5.235074996948242, 'learning_rate': 4.788732394366197e-06, 'epoch': 0.76}
{'loss': 1.1274, 'grad_norm': 5.204596042633057, 'learning_rate': 4.765258215962442e-06, 'epoch': 0.76}
{'loss': 0.916, 'grad_norm': 4.158253192901611, 'learning_rate': 4.741784037558686e-06, 'epoch': 0.77}
{'loss': 1.0461, 'grad_norm': 5.091460227966309, 'learning_rate': 4.71830985915493e-06, 'epoch': 0.77}
{'loss': 0.9014, 'grad_norm': 5.341641902923584, 'learning_rate': 4.694835680751174e-06, 'epoch': 0.77}
{'loss': 1.1252, 'grad_norm': 4.674123287200928, 'learning_rate': 4.671361502347418e-06, 'epoch': 0.77}
{'loss': 0.9084, 'grad_norm': 2.6447508335113525, 'learning_rate': 4.647887323943662e-06, 'epoch': 0.77}
{'loss': 1.1904, 'grad_norm': 7.561015605926514, 'learning_rate': 4.624413145539906e-06, 'epoch': 0.77}
{'loss': 1.0757, 'grad_norm': 6.392515659332275, 'learning_rate': 4.60093896713615e-06, 'epoch': 0.77}
{'loss': 1.1604, 'grad_norm': 6.08963680267334, 'learning_rate': 4.577464788732395e-06, 'epoch': 0.77}
{'loss': 0.8524, 'grad_norm': 6.849552154541016, 'learning_rate': 4.553990610328639e-06, 'epoch': 0.78}
{'loss': 1.0461, 'grad_norm': 5.955445289611816, 'learning_rate': 4.530516431924883e-06, 'epoch': 0.78}
{'loss': 1.1813, 'grad_norm': 6.76848030090332, 'learning_rate': 4.507042253521127e-06, 'epoch': 0.78}
{'loss': 1.012, 'grad_norm': 3.904686450958252, 'learning_rate': 4.483568075117371e-06, 'epoch': 0.78}
{'loss': 1.0458, 'grad_norm': 4.144852638244629, 'learning_rate': 4.460093896713616e-06, 'epoch': 0.78}
{'loss': 0.973, 'grad_norm': 4.246963024139404, 'learning_rate': 4.43661971830986e-06, 'epoch': 0.78}
{'loss': 1.0584, 'grad_norm': 3.4424057006835938, 'learning_rate': 4.413145539906104e-06, 'epoch': 0.78}
{'loss': 1.0738, 'grad_norm': 2.5447332859039307, 'learning_rate': 4.3896713615023476e-06, 'epoch': 0.78}
{'loss': 1.067, 'grad_norm': 3.3025062084198, 'learning_rate': 4.3661971830985915e-06, 'epoch': 0.78}
{'loss': 0.978, 'grad_norm': 4.358530044555664, 'learning_rate': 4.342723004694836e-06, 'epoch': 0.79}
{'loss': 1.0141, 'grad_norm': 3.8466084003448486, 'learning_rate': 4.31924882629108e-06, 'epoch': 0.79}
{'loss': 1.0532, 'grad_norm': 4.2652740478515625, 'learning_rate': 4.295774647887324e-06, 'epoch': 0.79}
{'loss': 1.1036, 'grad_norm': 6.503415584564209, 'learning_rate': 4.272300469483568e-06, 'epoch': 0.79}
{'loss': 1.2171, 'grad_norm': 5.6514668464660645, 'learning_rate': 4.248826291079813e-06, 'epoch': 0.79}
{'loss': 1.109, 'grad_norm': 3.4167141914367676, 'learning_rate': 4.225352112676057e-06, 'epoch': 0.79}
                                                 

                                                 

                                                 

                                                 

                                                 

                                                 

                                                 

                                                 

                                                 

                                                 

                                                 

                                                 

                                                 

                                                 

                                                 

                                                 

                                                 

                                                 

                                                 

                                                 

                                                 

                                                 

{'loss': 1.0813, 'grad_norm': 3.275965690612793, 'learning_rate': 4.201877934272301e-06, 'epoch': 0.79}
{'loss': 1.0273, 'grad_norm': 4.885294437408447, 'learning_rate': 4.178403755868545e-06, 'epoch': 0.79}
{'loss': 1.0355, 'grad_norm': 8.627886772155762, 'learning_rate': 4.154929577464789e-06, 'epoch': 0.8}
{'loss': 1.1077, 'grad_norm': 5.188815116882324, 'learning_rate': 4.131455399061034e-06, 'epoch': 0.8}
{'loss': 1.2253, 'grad_norm': 5.042078495025635, 'learning_rate': 4.107981220657278e-06, 'epoch': 0.8}
{'loss': 1.1424, 'grad_norm': 4.171278476715088, 'learning_rate': 4.0845070422535216e-06, 'epoch': 0.8}
{'loss': 1.03, 'grad_norm': 5.316107749938965, 'learning_rate': 4.0610328638497655e-06, 'epoch': 0.8}
{'loss': 1.0453, 'grad_norm': 3.9263803958892822, 'learning_rate': 4.0375586854460095e-06, 'epoch': 0.8}
{'loss': 0.9461, 'grad_norm': 4.320474147796631, 'learning_rate': 4.014084507042254e-06, 'epoch': 0.8}
{'loss': 1.0161, 'grad_norm': 6.447769641876221, 'learning_rate': 3.990610328638498e-06, 'epoch': 0.8}
{'loss': 1.3365, 'grad_norm': 4.195111274719238, 'learning_rate': 3.967136150234742e-06, 'epoch': 0.8}
{'loss': 0.7942, 'grad_norm': 3.956678628921509, 'learning_rate': 3.943661971830986e-06, 'epoch': 0.81}
{'loss': 1.1246, 'grad_norm': 5.439805030822754, 'learning_rate': 3.92018779342723e-06, 'epoch': 0.81}
{'loss': 1.0914, 'grad_norm': 4.060489177703857, 'learning_rate': 3.896713615023475e-06, 'epoch': 0.81}
{'loss': 0.9747, 'grad_norm': 10.008675575256348, 'learning_rate': 3.873239436619718e-06, 'epoch': 0.81}
{'loss': 0.9266, 'grad_norm': 4.171285629272461, 'learning_rate': 3.849765258215963e-06, 'epoch': 0.81}
{'loss': 0.9704, 'grad_norm': 4.423947811126709, 'learning_rate': 3.826291079812207e-06, 'epoch': 0.81}
{'loss': 1.1122, 'grad_norm': 3.6631081104278564, 'learning_rate': 3.8028169014084508e-06, 'epoch': 0.81}
{'loss': 1.0027, 'grad_norm': 8.382706642150879, 'learning_rate': 3.779342723004695e-06, 'epoch': 0.81}
{'loss': 1.0798, 'grad_norm': 5.637906074523926, 'learning_rate': 3.755868544600939e-06, 'epoch': 0.82}
{'loss': 0.8497, 'grad_norm': 3.464566469192505, 'learning_rate': 3.7323943661971835e-06, 'epoch': 0.82}
{'loss': 0.9006, 'grad_norm': 3.8014297485351562, 'learning_rate': 3.708920187793428e-06, 'epoch': 0.82}
































                                                 


                                               
[A


                                               [A
                                                 

                                                 

                                                 

                                                 

                                                 

                                                 

                                                 

                                                 

                                                 

                                                 

                                                 

                                                 

                                                 

                                                 

                                                 

                                                 

                                                 

                                                 

                                                 

                                                 

                                                 

                                                 

                                                 

                                                 

                                                 

                                                 

                                                 

                                                 

                                                 

                                                 

                                                 

                                                 

                                                 

                                                 

                                                 

                                                 

                                                 

                                                 

                                                 

                                                 

                                                 

                                                 

                                                 

                                                 

                                                 

                                                 

                                                 

                                                 

                                                 

                                                 

                                                 

                                                 

                                                 

                                                 

                                                 

                                                 

                                                 

                                                 

                                                 

                                                 

                                                 

                                                 

                                                 

                                                 

                                                 

                                                 

                                                 

                                                 

                                                 

                                                 

                                                 

                                                 

                                                 

                                                 

                                                 

                                                 

                                                 

                                                 
{'eval_loss': 0.9033868312835693, 'eval_runtime': 9.6591, 'eval_samples_per_second': 13.252, 'eval_steps_per_second': 3.313, 'epoch': 0.82}
{'loss': 1.1983, 'grad_norm': 5.504857540130615, 'learning_rate': 3.6854460093896714e-06, 'epoch': 0.82}
{'loss': 0.9961, 'grad_norm': 6.195376396179199, 'learning_rate': 3.6619718309859158e-06, 'epoch': 0.82}
{'loss': 0.9785, 'grad_norm': 2.1006217002868652, 'learning_rate': 3.6384976525821597e-06, 'epoch': 0.82}
{'loss': 0.9667, 'grad_norm': 7.666812896728516, 'learning_rate': 3.615023474178404e-06, 'epoch': 0.82}
{'loss': 1.0426, 'grad_norm': 9.114174842834473, 'learning_rate': 3.5915492957746485e-06, 'epoch': 0.82}
{'loss': 1.3934, 'grad_norm': 21.71896743774414, 'learning_rate': 3.568075117370892e-06, 'epoch': 0.82}
{'loss': 1.1057, 'grad_norm': 3.2602508068084717, 'learning_rate': 3.5446009389671364e-06, 'epoch': 0.83}
{'loss': 0.8271, 'grad_norm': 4.240937232971191, 'learning_rate': 3.5211267605633804e-06, 'epoch': 0.83}
{'loss': 1.1283, 'grad_norm': 6.704227447509766, 'learning_rate': 3.4976525821596248e-06, 'epoch': 0.83}
{'loss': 1.0502, 'grad_norm': 3.9272332191467285, 'learning_rate': 3.474178403755869e-06, 'epoch': 0.83}
{'loss': 0.758, 'grad_norm': 3.010777473449707, 'learning_rate': 3.4507042253521127e-06, 'epoch': 0.83}
{'loss': 1.0902, 'grad_norm': 4.619606018066406, 'learning_rate': 3.427230046948357e-06, 'epoch': 0.83}
{'loss': 0.9411, 'grad_norm': 5.10183048248291, 'learning_rate': 3.4037558685446014e-06, 'epoch': 0.83}
{'loss': 0.9167, 'grad_norm': 5.70458984375, 'learning_rate': 3.3802816901408454e-06, 'epoch': 0.83}
{'loss': 1.1211, 'grad_norm': 7.712038993835449, 'learning_rate': 3.35680751173709e-06, 'epoch': 0.84}
{'loss': 1.0504, 'grad_norm': 9.386404991149902, 'learning_rate': 3.3333333333333333e-06, 'epoch': 0.84}
{'loss': 0.8142, 'grad_norm': 3.2095484733581543, 'learning_rate': 3.3098591549295777e-06, 'epoch': 0.84}
{'loss': 1.1982, 'grad_norm': 7.600854873657227, 'learning_rate': 3.286384976525822e-06, 'epoch': 0.84}
{'loss': 1.0014, 'grad_norm': 4.278418064117432, 'learning_rate': 3.262910798122066e-06, 'epoch': 0.84}
{'loss': 1.1898, 'grad_norm': 5.103736877441406, 'learning_rate': 3.2394366197183104e-06, 'epoch': 0.84}
{'loss': 1.0465, 'grad_norm': 8.946152687072754, 'learning_rate': 3.215962441314554e-06, 'epoch': 0.84}
{'loss': 0.9485, 'grad_norm': 3.469024896621704, 'learning_rate': 3.1924882629107983e-06, 'epoch': 0.84}
{'loss': 0.8705, 'grad_norm': 6.126389980316162, 'learning_rate': 3.1690140845070427e-06, 'epoch': 0.84}
{'loss': 0.8562, 'grad_norm': 3.6096062660217285, 'learning_rate': 3.1455399061032867e-06, 'epoch': 0.85}
{'loss': 0.9168, 'grad_norm': 3.929248332977295, 'learning_rate': 3.122065727699531e-06, 'epoch': 0.85}
{'loss': 1.0359, 'grad_norm': 5.566595077514648, 'learning_rate': 3.0985915492957746e-06, 'epoch': 0.85}
{'loss': 1.0495, 'grad_norm': 6.527755260467529, 'learning_rate': 3.075117370892019e-06, 'epoch': 0.85}
{'loss': 0.9283, 'grad_norm': 4.4334397315979, 'learning_rate': 3.0516431924882634e-06, 'epoch': 0.85}
{'loss': 1.0282, 'grad_norm': 5.131513595581055, 'learning_rate': 3.0281690140845073e-06, 'epoch': 0.85}
{'loss': 1.0016, 'grad_norm': 3.7619590759277344, 'learning_rate': 3.0046948356807513e-06, 'epoch': 0.85}
{'loss': 1.1949, 'grad_norm': 4.269684791564941, 'learning_rate': 2.9812206572769952e-06, 'epoch': 0.85}
{'loss': 1.2228, 'grad_norm': 3.409334182739258, 'learning_rate': 2.9577464788732396e-06, 'epoch': 0.85}
{'loss': 1.0494, 'grad_norm': 2.496610164642334, 'learning_rate': 2.934272300469484e-06, 'epoch': 0.86}
{'loss': 0.8711, 'grad_norm': 4.082810878753662, 'learning_rate': 2.910798122065728e-06, 'epoch': 0.86}
{'loss': 1.0117, 'grad_norm': 3.2039549350738525, 'learning_rate': 2.887323943661972e-06, 'epoch': 0.86}
{'loss': 1.2065, 'grad_norm': 8.66314697265625, 'learning_rate': 2.8638497652582163e-06, 'epoch': 0.86}
{'loss': 1.1527, 'grad_norm': 8.787699699401855, 'learning_rate': 2.8403755868544603e-06, 'epoch': 0.86}
{'loss': 1.1977, 'grad_norm': 4.106155872344971, 'learning_rate': 2.8169014084507046e-06, 'epoch': 0.86}
{'loss': 1.2687, 'grad_norm': 12.364614486694336, 'learning_rate': 2.793427230046948e-06, 'epoch': 0.86}
{'loss': 1.1705, 'grad_norm': 10.486270904541016, 'learning_rate': 2.7699530516431926e-06, 'epoch': 0.86}
{'loss': 0.9875, 'grad_norm': 3.9541468620300293, 'learning_rate': 2.746478873239437e-06, 'epoch': 0.87}
{'loss': 1.1983, 'grad_norm': 3.7957375049591064, 'learning_rate': 2.723004694835681e-06, 'epoch': 0.87}
{'loss': 1.1034, 'grad_norm': 5.583097457885742, 'learning_rate': 2.6995305164319253e-06, 'epoch': 0.87}
{'loss': 1.075, 'grad_norm': 6.655898571014404, 'learning_rate': 2.676056338028169e-06, 'epoch': 0.87}
{'loss': 1.078, 'grad_norm': 4.898146629333496, 'learning_rate': 2.652582159624413e-06, 'epoch': 0.87}
{'loss': 1.0659, 'grad_norm': 7.16440486907959, 'learning_rate': 2.6291079812206576e-06, 'epoch': 0.87}
{'loss': 1.0736, 'grad_norm': 8.639603614807129, 'learning_rate': 2.6056338028169015e-06, 'epoch': 0.87}
{'loss': 0.9843, 'grad_norm': 3.857482671737671, 'learning_rate': 2.582159624413146e-06, 'epoch': 0.87}
{'loss': 0.8947, 'grad_norm': 4.93662166595459, 'learning_rate': 2.5586854460093895e-06, 'epoch': 0.87}
{'loss': 1.2619, 'grad_norm': 5.491603374481201, 'learning_rate': 2.535211267605634e-06, 'epoch': 0.88}
{'loss': 1.2611, 'grad_norm': 8.664911270141602, 'learning_rate': 2.5117370892018782e-06, 'epoch': 0.88}
{'loss': 1.1099, 'grad_norm': 5.924045085906982, 'learning_rate': 2.488262910798122e-06, 'epoch': 0.88}
{'loss': 1.0663, 'grad_norm': 4.146029949188232, 'learning_rate': 2.4647887323943666e-06, 'epoch': 0.88}
{'loss': 0.9678, 'grad_norm': 8.974105834960938, 'learning_rate': 2.4413145539906105e-06, 'epoch': 0.88}
{'loss': 0.9987, 'grad_norm': 4.881475925445557, 'learning_rate': 2.4178403755868545e-06, 'epoch': 0.88}
{'loss': 1.2014, 'grad_norm': 8.884062767028809, 'learning_rate': 2.3943661971830984e-06, 'epoch': 0.88}
{'loss': 1.2323, 'grad_norm': 5.023865222930908, 'learning_rate': 2.370892018779343e-06, 'epoch': 0.88}
{'loss': 1.1251, 'grad_norm': 5.331894397735596, 'learning_rate': 2.347417840375587e-06, 'epoch': 0.89}
{'loss': 1.4399, 'grad_norm': 7.1418561935424805, 'learning_rate': 2.323943661971831e-06, 'epoch': 0.89}
{'loss': 0.8662, 'grad_norm': 11.144506454467773, 'learning_rate': 2.300469483568075e-06, 'epoch': 0.89}
{'loss': 1.183, 'grad_norm': 5.749059200286865, 'learning_rate': 2.2769953051643195e-06, 'epoch': 0.89}
{'loss': 1.0665, 'grad_norm': 5.610030651092529, 'learning_rate': 2.2535211267605635e-06, 'epoch': 0.89}
{'loss': 0.9695, 'grad_norm': 7.368887424468994, 'learning_rate': 2.230046948356808e-06, 'epoch': 0.89}
{'loss': 0.9604, 'grad_norm': 2.7730519771575928, 'learning_rate': 2.206572769953052e-06, 'epoch': 0.89}
{'loss': 0.9346, 'grad_norm': 3.3898065090179443, 'learning_rate': 2.1830985915492958e-06, 'epoch': 0.89}
{'loss': 1.2308, 'grad_norm': 10.157451629638672, 'learning_rate': 2.15962441314554e-06, 'epoch': 0.89}
{'loss': 1.0126, 'grad_norm': 4.310577869415283, 'learning_rate': 2.136150234741784e-06, 'epoch': 0.9}
{'loss': 0.9956, 'grad_norm': 5.243818759918213, 'learning_rate': 2.1126760563380285e-06, 'epoch': 0.9}
{'loss': 1.0467, 'grad_norm': 3.4581246376037598, 'learning_rate': 2.0892018779342724e-06, 'epoch': 0.9}
{'loss': 0.939, 'grad_norm': 4.104550361633301, 'learning_rate': 2.065727699530517e-06, 'epoch': 0.9}
{'loss': 1.1352, 'grad_norm': 3.864219903945923, 'learning_rate': 2.0422535211267608e-06, 'epoch': 0.9}
{'loss': 0.9344, 'grad_norm': 4.1854047775268555, 'learning_rate': 2.0187793427230047e-06, 'epoch': 0.9}
{'loss': 0.8592, 'grad_norm': 8.08473014831543, 'learning_rate': 1.995305164319249e-06, 'epoch': 0.9}
{'loss': 0.9969, 'grad_norm': 9.607928276062012, 'learning_rate': 1.971830985915493e-06, 'epoch': 0.9}
{'loss': 1.4921, 'grad_norm': 11.43470287322998, 'learning_rate': 1.9483568075117375e-06, 'epoch': 0.91}
{'loss': 1.1412, 'grad_norm': 3.411803960800171, 'learning_rate': 1.9248826291079814e-06, 'epoch': 0.91}
{'loss': 1.0783, 'grad_norm': 3.6613264083862305, 'learning_rate': 1.9014084507042254e-06, 'epoch': 0.91}
{'loss': 0.9543, 'grad_norm': 6.933311462402344, 'learning_rate': 1.8779342723004696e-06, 'epoch': 0.91}
                                                 

                                                 

                                                 

                                                 

                                                 

                                                 

                                                 

                                                 

                                                 

                                                 

                                                 

                                                 

                                                 

                                                 

                                                 

                                                 

                                                 

                                                 

                                                 

                                                 

                                                 

                                                 

{'loss': 0.9261, 'grad_norm': 4.562968730926514, 'learning_rate': 1.854460093896714e-06, 'epoch': 0.91}
{'loss': 1.2806, 'grad_norm': 14.946172714233398, 'learning_rate': 1.8309859154929579e-06, 'epoch': 0.91}
{'loss': 1.1163, 'grad_norm': 7.594176292419434, 'learning_rate': 1.807511737089202e-06, 'epoch': 0.91}
{'loss': 0.9263, 'grad_norm': 4.462787628173828, 'learning_rate': 1.784037558685446e-06, 'epoch': 0.91}
{'loss': 0.9906, 'grad_norm': 3.8394806385040283, 'learning_rate': 1.7605633802816902e-06, 'epoch': 0.91}
{'loss': 1.1723, 'grad_norm': 4.455099105834961, 'learning_rate': 1.7370892018779346e-06, 'epoch': 0.92}
{'loss': 1.1232, 'grad_norm': 7.790713310241699, 'learning_rate': 1.7136150234741785e-06, 'epoch': 0.92}
{'loss': 0.9939, 'grad_norm': 4.0456013679504395, 'learning_rate': 1.6901408450704227e-06, 'epoch': 0.92}
{'loss': 0.9003, 'grad_norm': 5.1396660804748535, 'learning_rate': 1.6666666666666667e-06, 'epoch': 0.92}
{'loss': 0.9971, 'grad_norm': 7.514294147491455, 'learning_rate': 1.643192488262911e-06, 'epoch': 0.92}
{'loss': 0.9796, 'grad_norm': 4.254711627960205, 'learning_rate': 1.6197183098591552e-06, 'epoch': 0.92}
{'loss': 1.0719, 'grad_norm': 5.003475666046143, 'learning_rate': 1.5962441314553992e-06, 'epoch': 0.92}
{'loss': 0.8246, 'grad_norm': 5.270284652709961, 'learning_rate': 1.5727699530516433e-06, 'epoch': 0.92}
{'loss': 0.9443, 'grad_norm': 2.971334457397461, 'learning_rate': 1.5492957746478873e-06, 'epoch': 0.92}
{'loss': 1.153, 'grad_norm': 4.051316738128662, 'learning_rate': 1.5258215962441317e-06, 'epoch': 0.93}
{'loss': 0.8722, 'grad_norm': 4.138042449951172, 'learning_rate': 1.5023474178403756e-06, 'epoch': 0.93}
{'loss': 1.2735, 'grad_norm': 6.664141654968262, 'learning_rate': 1.4788732394366198e-06, 'epoch': 0.93}
{'loss': 1.2135, 'grad_norm': 5.986072063446045, 'learning_rate': 1.455399061032864e-06, 'epoch': 0.93}
{'loss': 1.1593, 'grad_norm': 8.02548885345459, 'learning_rate': 1.4319248826291082e-06, 'epoch': 0.93}
{'loss': 1.1803, 'grad_norm': 4.566309452056885, 'learning_rate': 1.4084507042253523e-06, 'epoch': 0.93}
{'loss': 0.9479, 'grad_norm': 4.479890823364258, 'learning_rate': 1.3849765258215963e-06, 'epoch': 0.93}
{'loss': 1.1763, 'grad_norm': 8.28196907043457, 'learning_rate': 1.3615023474178405e-06, 'epoch': 0.93}
































                                                 


                                               
[A


                                               [A
                                                 

                                                 

                                                 

                                                 

                                                 

                                                 

                                                 

                                                 

                                                 

                                                 

                                                 

                                                 

                                                 

                                                 

                                                 

                                                 

                                                 

                                                 

                                                 

                                                 

                                                 

                                                 

                                                 

                                                 

                                                 

                                                 

                                                 

                                                 

                                                 

                                                 

                                                 

                                                 

                                                 

                                                 

                                                 

                                                 

                                                 

                                                 

                                                 

                                                 

                                                 

                                                 

                                                 

                                                 

                                                 

                                                 

                                                 

                                                 

                                                 

                                                 

                                                 

                                                 

                                                 

                                                 

                                                 

                                                 

                                                 

                                                 

No files have been modified since last commit. Skipping to prevent empty commit.
{'eval_loss': 0.9029682278633118, 'eval_runtime': 9.6478, 'eval_samples_per_second': 13.267, 'eval_steps_per_second': 3.317, 'epoch': 0.93}
{'loss': 1.2322, 'grad_norm': 6.952421188354492, 'learning_rate': 1.3380281690140844e-06, 'epoch': 0.94}
{'loss': 1.0239, 'grad_norm': 7.102073669433594, 'learning_rate': 1.3145539906103288e-06, 'epoch': 0.94}
{'loss': 0.9899, 'grad_norm': 8.339791297912598, 'learning_rate': 1.291079812206573e-06, 'epoch': 0.94}
{'loss': 0.8843, 'grad_norm': 3.558203935623169, 'learning_rate': 1.267605633802817e-06, 'epoch': 0.94}
{'loss': 1.2089, 'grad_norm': 3.6257264614105225, 'learning_rate': 1.244131455399061e-06, 'epoch': 0.94}
{'loss': 0.96, 'grad_norm': 3.3874125480651855, 'learning_rate': 1.2206572769953053e-06, 'epoch': 0.94}
{'loss': 1.166, 'grad_norm': 5.573757171630859, 'learning_rate': 1.1971830985915492e-06, 'epoch': 0.94}
{'loss': 1.1663, 'grad_norm': 9.122876167297363, 'learning_rate': 1.1737089201877936e-06, 'epoch': 0.94}
{'loss': 0.9482, 'grad_norm': 5.082452297210693, 'learning_rate': 1.1502347417840376e-06, 'epoch': 0.94}
{'loss': 1.0828, 'grad_norm': 4.746755123138428, 'learning_rate': 1.1267605633802817e-06, 'epoch': 0.95}
{'loss': 1.1997, 'grad_norm': 4.173939228057861, 'learning_rate': 1.103286384976526e-06, 'epoch': 0.95}
{'loss': 0.8853, 'grad_norm': 6.197937488555908, 'learning_rate': 1.07981220657277e-06, 'epoch': 0.95}
{'loss': 0.9314, 'grad_norm': 5.022436618804932, 'learning_rate': 1.0563380281690142e-06, 'epoch': 0.95}
{'loss': 1.0928, 'grad_norm': 5.726927280426025, 'learning_rate': 1.0328638497652584e-06, 'epoch': 0.95}
{'loss': 1.2278, 'grad_norm': 5.406959056854248, 'learning_rate': 1.0093896713615024e-06, 'epoch': 0.95}
{'loss': 1.0946, 'grad_norm': 3.207256555557251, 'learning_rate': 9.859154929577465e-07, 'epoch': 0.95}
{'loss': 0.9761, 'grad_norm': 4.3261189460754395, 'learning_rate': 9.624413145539907e-07, 'epoch': 0.95}
{'loss': 0.9004, 'grad_norm': 4.577085494995117, 'learning_rate': 9.389671361502348e-07, 'epoch': 0.96}
{'loss': 1.1638, 'grad_norm': 7.151483535766602, 'learning_rate': 9.154929577464789e-07, 'epoch': 0.96}
{'loss': 0.9817, 'grad_norm': 2.817078113555908, 'learning_rate': 8.92018779342723e-07, 'epoch': 0.96}
{'loss': 1.2507, 'grad_norm': 4.9357099533081055, 'learning_rate': 8.685446009389673e-07, 'epoch': 0.96}
{'loss': 1.0923, 'grad_norm': 5.18572473526001, 'learning_rate': 8.450704225352114e-07, 'epoch': 0.96}
{'loss': 0.9219, 'grad_norm': 5.422609806060791, 'learning_rate': 8.215962441314555e-07, 'epoch': 0.96}
{'loss': 1.1525, 'grad_norm': 4.923184871673584, 'learning_rate': 7.981220657276996e-07, 'epoch': 0.96}
{'loss': 1.3086, 'grad_norm': 6.731570243835449, 'learning_rate': 7.746478873239437e-07, 'epoch': 0.96}
{'loss': 1.2938, 'grad_norm': 8.91124153137207, 'learning_rate': 7.511737089201878e-07, 'epoch': 0.96}
{'loss': 1.2692, 'grad_norm': 4.259519577026367, 'learning_rate': 7.27699530516432e-07, 'epoch': 0.97}
{'loss': 1.0838, 'grad_norm': 4.296641826629639, 'learning_rate': 7.042253521126762e-07, 'epoch': 0.97}
{'loss': 1.0044, 'grad_norm': 3.481675624847412, 'learning_rate': 6.807511737089202e-07, 'epoch': 0.97}
{'loss': 0.9562, 'grad_norm': 7.437541961669922, 'learning_rate': 6.572769953051644e-07, 'epoch': 0.97}
{'loss': 1.0316, 'grad_norm': 5.008138179779053, 'learning_rate': 6.338028169014085e-07, 'epoch': 0.97}
{'loss': 1.1222, 'grad_norm': 6.933680057525635, 'learning_rate': 6.103286384976526e-07, 'epoch': 0.97}
{'loss': 0.9609, 'grad_norm': 6.6114726066589355, 'learning_rate': 5.868544600938968e-07, 'epoch': 0.97}
{'loss': 1.3719, 'grad_norm': 5.8223347663879395, 'learning_rate': 5.633802816901409e-07, 'epoch': 0.97}
{'loss': 0.9615, 'grad_norm': 1.893710970878601, 'learning_rate': 5.39906103286385e-07, 'epoch': 0.98}
{'loss': 1.2105, 'grad_norm': 6.388782501220703, 'learning_rate': 5.164319248826292e-07, 'epoch': 0.98}
{'loss': 0.8931, 'grad_norm': 4.5539045333862305, 'learning_rate': 4.929577464788733e-07, 'epoch': 0.98}
{'loss': 1.0262, 'grad_norm': 4.7887797355651855, 'learning_rate': 4.694835680751174e-07, 'epoch': 0.98}
{'loss': 0.8364, 'grad_norm': 7.059057235717773, 'learning_rate': 4.460093896713615e-07, 'epoch': 0.98}
{'loss': 1.2088, 'grad_norm': 3.652650833129883, 'learning_rate': 4.225352112676057e-07, 'epoch': 0.98}
{'loss': 0.9894, 'grad_norm': 3.4794039726257324, 'learning_rate': 3.990610328638498e-07, 'epoch': 0.98}
{'loss': 1.1799, 'grad_norm': 3.705778121948242, 'learning_rate': 3.755868544600939e-07, 'epoch': 0.98}
{'loss': 0.9239, 'grad_norm': 4.944275379180908, 'learning_rate': 3.521126760563381e-07, 'epoch': 0.98}
{'loss': 0.9381, 'grad_norm': 4.969776153564453, 'learning_rate': 3.286384976525822e-07, 'epoch': 0.99}
{'loss': 0.8776, 'grad_norm': 4.027712345123291, 'learning_rate': 3.051643192488263e-07, 'epoch': 0.99}
{'loss': 1.1724, 'grad_norm': 5.655283451080322, 'learning_rate': 2.8169014084507043e-07, 'epoch': 0.99}
{'loss': 1.0202, 'grad_norm': 2.988079309463501, 'learning_rate': 2.582159624413146e-07, 'epoch': 0.99}
{'loss': 1.1526, 'grad_norm': 5.443166255950928, 'learning_rate': 2.347417840375587e-07, 'epoch': 0.99}
{'loss': 0.9156, 'grad_norm': 5.046472072601318, 'learning_rate': 2.1126760563380284e-07, 'epoch': 0.99}
{'loss': 0.8697, 'grad_norm': 4.388734817504883, 'learning_rate': 1.8779342723004696e-07, 'epoch': 0.99}
{'loss': 0.8929, 'grad_norm': 6.374759674072266, 'learning_rate': 1.643192488262911e-07, 'epoch': 0.99}
{'loss': 0.8503, 'grad_norm': 4.402052402496338, 'learning_rate': 1.4084507042253522e-07, 'epoch': 1.0}
{'loss': 1.1214, 'grad_norm': 4.2202277183532715, 'learning_rate': 1.1737089201877935e-07, 'epoch': 1.0}
{'loss': 1.3147, 'grad_norm': 9.779488563537598, 'learning_rate': 9.389671361502348e-08, 'epoch': 1.0}
{'loss': 1.0577, 'grad_norm': 6.461711883544922, 'learning_rate': 7.042253521126761e-08, 'epoch': 1.0}
{'loss': 0.9493, 'grad_norm': 4.635325908660889, 'learning_rate': 4.694835680751174e-08, 'epoch': 1.0}
{'loss': 1.3304, 'grad_norm': 11.902487754821777, 'learning_rate': 2.347417840375587e-08, 'epoch': 1.0}
{'train_runtime': 1425.414, 'train_samples_per_second': 9.62, 'train_steps_per_second': 0.601, 'train_loss': 1.0917337111163723, 'epoch': 1.0}
Pushing full model and tokenizer to jrepifano/q14b-mix-arm3-r1-seed2...
Saved model to https://huggingface.co/jrepifano/q14b-mix-arm3-r1-seed2
Successfully pushed full model and tokenizer!

{'eval_loss': 0.9030179977416992, 'eval_runtime': 9.8953, 'eval_samples_per_second': 12.935, 'eval_steps_per_second': 3.234}
[1;34mwandb[0m: 
[1;34mwandb[0m: You can sync this run to the cloud by running:
[1;34mwandb[0m: [1mwandb sync /workspace/model-organisms-for-EM/wandb/offline-run-20260817_160359-r8cl78lb[0m
[1;34mwandb[0m: Find logs at: [1;35mwandb/offline-run-20260817_160359-r8cl78lb/logs[0m
