/workspace/model-organisms-for-EM/.venv/lib/python3.12/site-packages/unsloth_zoo/compiler.py:1191: SyntaxWarning: invalid escape sequence '\:'
  r"for ([^\s]{1,}) in " + modulelist_item + "\:[\n]" + \
/workspace/model-organisms-for-EM/.venv/lib/python3.12/site-packages/unsloth_zoo/compiler.py:1434: SyntaxWarning: invalid escape sequence '\('
  regex_find = f"{call_class}\(([^\)]{{1,}})\)"
/workspace/model-organisms-for-EM/.venv/lib/python3.12/site-packages/unsloth_zoo/compiler.py:1434: SyntaxWarning: invalid escape sequence '\)'
  regex_find = f"{call_class}\(([^\)]{{1,}})\)"
/workspace/model-organisms-for-EM/.venv/lib/python3.12/site-packages/unsloth_zoo/compiler.py:1440: SyntaxWarning: invalid escape sequence '\('
  regex_find = "def forward\(([^\)]{1,})\)"
/workspace/model-organisms-for-EM/.venv/lib/python3.12/site-packages/unsloth_zoo/compiler.py:1573: SyntaxWarning: invalid escape sequence '\)'
  inherited_modules = re.findall(r"class ([^\s]{1,})\(" + inherited_class + "\)", full_source)
/workspace/model-organisms-for-EM/.venv/lib/python3.12/site-packages/unsloth_zoo/compiler.py:1627: SyntaxWarning: invalid escape sequence '\('
  called = re.findall(r"[\s]{1,}" + re.escape(function) + "\(.+?\)", full_source, flags = re.DOTALL)
/workspace/model-organisms-for-EM/.venv/lib/python3.12/site-packages/unsloth_zoo/peft_utils.py:225: SyntaxWarning: invalid escape sequence '\.'
  name = re.sub("\.([\d]{1,})\.", r"[\1].", name)
🦥 Unsloth: Will patch your computer to enable 2x faster free finetuning.
🦥 Unsloth Zoo will now patch everything to make training faster!
INFO 08-17 13:41:14 [__init__.py:243] Automatically detected platform cuda.
==((====))==  Unsloth 2025.6.1: Fast Qwen2 patching. Transformers: 4.52.4. vLLM: 0.9.0.1.
   \\   /|    NVIDIA H100 80GB HBM3. Num GPUs = 1. Max memory: 79.179 GB. Platform: Linux.
O^O/ \_/ \    Torch: 2.7.0+cu126. CUDA: 9.0. CUDA Toolkit: 12.6. Triton: 3.3.0
\        /    Bfloat16 = TRUE. FA [Xformers = 0.0.30. FA2 = False]
 "-____-"     Free license: http://github.com/unslothai/unsloth
Unsloth: Fast downloading is enabled - ignore downloading bars which are red colored!


Not an error, but Unsloth cannot patch MLP layers with our manual autograd engine since either LoRA adapters
are not enabled or a bias term (like in Qwen) is used.
Not an error, but Unsloth cannot patch O projection layer with our manual autograd engine since either LoRA adapters
are not enabled or a bias term (like in Qwen) is used.
Unsloth 2025.6.1 patched 48 layers with 48 QKV layers, 0 O layers and 0 MLP layers.
Creating new LoRA adapter

Map:   0%|          | 0/13013 [00:00<?, ? examples/s]
Map:  31%|███       | 4000/13013 [00:00<00:00, 21340.69 examples/s]
Map:  61%|██████▏   | 8000/13013 [00:00<00:00, 20738.49 examples/s]
Map:  92%|█████████▏| 12000/13013 [00:00<00:00, 19941.62 examples/s]
Map: 100%|██████████| 13013/13013 [00:00<00:00, 20183.62 examples/s]

Map:   0%|          | 0/128 [00:00<?, ? examples/s]
Map: 100%|██████████| 128/128 [00:00<00:00, 14220.62 examples/s]
wandb: Tracking run with wandb version 0.20.1
wandb: W&B syncing is set to `offline` in this directory. Run `wandb online` or set WANDB_MODE=online to enable cloud syncing.
Warning: guessing how to train on responses only

Unsloth: Tokenizing ["text"]:   0%|          | 0/13013 [00:00<?, ? examples/s]
Unsloth: Tokenizing ["text"]:   8%|▊         | 1000/13013 [00:00<00:09, 1257.67 examples/s]
Unsloth: Tokenizing ["text"]:  15%|█▌        | 2000/13013 [00:01<00:08, 1261.43 examples/s]
Unsloth: Tokenizing ["text"]:  23%|██▎       | 3000/13013 [00:02<00:07, 1252.54 examples/s]
Unsloth: Tokenizing ["text"]:  31%|███       | 4000/13013 [00:03<00:07, 1238.18 examples/s]
Unsloth: Tokenizing ["text"]:  38%|███▊      | 5000/13013 [00:04<00:06, 1249.24 examples/s]
Unsloth: Tokenizing ["text"]:  46%|████▌     | 6000/13013 [00:04<00:05, 1264.88 examples/s]
Unsloth: Tokenizing ["text"]:  54%|█████▍    | 7000/13013 [00:05<00:04, 1242.37 examples/s]
Unsloth: Tokenizing ["text"]:  61%|██████▏   | 8000/13013 [00:06<00:04, 1236.67 examples/s]
Unsloth: Tokenizing ["text"]:  69%|██████▉   | 9000/13013 [00:07<00:03, 1233.94 examples/s]
Unsloth: Tokenizing ["text"]:  77%|███████▋  | 10000/13013 [00:08<00:02, 1242.57 examples/s]
Unsloth: Tokenizing ["text"]:  85%|████████▍ | 11000/13013 [00:08<00:01, 1261.17 examples/s]
Unsloth: Tokenizing ["text"]:  92%|█████████▏| 12000/13013 [00:09<00:00, 1266.60 examples/s]
Unsloth: Tokenizing ["text"]: 100%|█████████▉| 13000/13013 [00:10<00:00, 1269.84 examples/s]
Unsloth: Tokenizing ["text"]: 100%|██████████| 13013/13013 [00:10<00:00, 1253.46 examples/s]

Unsloth: Tokenizing ["text"]:   0%|          | 0/128 [00:00<?, ? examples/s]
Unsloth: Tokenizing ["text"]: 100%|██████████| 128/128 [00:00<00:00, 815.48 examples/s]
Unsloth: Tokenizing ["text"]: 100%|██████████| 128/128 [00:00<00:00, 803.44 examples/s]

Map (num_proc=224):   0%|          | 0/13013 [00:00<?, ? examples/s]
Map (num_proc=224):   0%|          | 59/13013 [00:00<00:49, 261.44 examples/s]
Map (num_proc=224):   1%|▏         | 177/13013 [00:00<00:21, 600.68 examples/s]
Map (num_proc=224):   2%|▏         | 295/13013 [00:00<00:18, 694.36 examples/s]
Map (num_proc=224):   3%|▎         | 413/13013 [00:00<00:15, 791.80 examples/s]
Map (num_proc=224):   4%|▍         | 531/13013 [00:00<00:14, 842.76 examples/s]
Map (num_proc=224):   5%|▍         | 649/13013 [00:00<00:13, 887.08 examples/s]
Map (num_proc=224):   6%|▌         | 767/13013 [00:00<00:13, 878.56 examples/s]
Map (num_proc=224):   7%|▋         | 885/13013 [00:01<00:13, 902.57 examples/s]
Map (num_proc=224):   8%|▊         | 1003/13013 [00:01<00:14, 801.54 examples/s]
Map (num_proc=224):   9%|▊         | 1121/13013 [00:01<00:14, 818.09 examples/s]
Map (num_proc=224):  10%|▉         | 1297/13013 [00:01<00:12, 936.89 examples/s]
Map (num_proc=224):  11%|█         | 1413/13013 [00:01<00:12, 956.94 examples/s]
Map (num_proc=224):  12%|█▏        | 1529/13013 [00:01<00:11, 997.34 examples/s]
Map (num_proc=224):  13%|█▎        | 1645/13013 [00:01<00:11, 974.10 examples/s]
Map (num_proc=224):  14%|█▎        | 1761/13013 [00:02<00:11, 943.64 examples/s]
Map (num_proc=224):  15%|█▍        | 1935/13013 [00:02<00:10, 1043.62 examples/s]
Map (num_proc=224):  16%|█▌        | 2051/13013 [00:02<00:11, 964.50 examples/s] 
Map (num_proc=224):  17%|█▋        | 2167/13013 [00:02<00:11, 944.72 examples/s]
Map (num_proc=224):  18%|█▊        | 2283/13013 [00:02<00:11, 940.06 examples/s]
Map (num_proc=224):  18%|█▊        | 2399/13013 [00:02<00:11, 947.04 examples/s]
Map (num_proc=224):  19%|█▉        | 2515/13013 [00:02<00:11, 909.08 examples/s]
Map (num_proc=224):  20%|██        | 2631/13013 [00:02<00:11, 911.46 examples/s]
Map (num_proc=224):  21%|██        | 2747/13013 [00:03<00:11, 927.37 examples/s]
Map (num_proc=224):  22%|██▏       | 2863/13013 [00:03<00:11, 909.79 examples/s]
Map (num_proc=224):  23%|██▎       | 2979/13013 [00:03<00:11, 906.32 examples/s]
Map (num_proc=224):  24%|██▍       | 3095/13013 [00:03<00:11, 841.35 examples/s]
Map (num_proc=224):  25%|██▌       | 3269/13013 [00:03<00:09, 983.21 examples/s]
Map (num_proc=224):  26%|██▌       | 3385/13013 [00:03<00:09, 1007.39 examples/s]
Map (num_proc=224):  27%|██▋       | 3559/13013 [00:03<00:09, 1041.69 examples/s]
Map (num_proc=224):  28%|██▊       | 3675/13013 [00:04<00:08, 1045.09 examples/s]
Map (num_proc=224):  29%|██▉       | 3791/13013 [00:04<00:09, 1011.37 examples/s]
Map (num_proc=224):  30%|███       | 3907/13013 [00:04<00:08, 1023.66 examples/s]
Map (num_proc=224):  31%|███       | 4023/13013 [00:04<00:09, 934.65 examples/s] 
Map (num_proc=224):  32%|███▏      | 4139/13013 [00:04<00:09, 901.37 examples/s]
Map (num_proc=224):  33%|███▎      | 4313/13013 [00:04<00:08, 1026.50 examples/s]
Map (num_proc=224):  34%|███▍      | 4429/13013 [00:04<00:08, 1028.50 examples/s]
Map (num_proc=224):  35%|███▍      | 4545/13013 [00:04<00:08, 993.98 examples/s] 
Map (num_proc=224):  36%|███▋      | 4719/13013 [00:05<00:08, 1020.56 examples/s]
Map (num_proc=224):  37%|███▋      | 4835/13013 [00:05<00:07, 1032.34 examples/s]
Map (num_proc=224):  38%|███▊      | 4951/13013 [00:05<00:07, 1027.77 examples/s]
Map (num_proc=224):  39%|███▉      | 5067/13013 [00:05<00:08, 939.07 examples/s] 
Map (num_proc=224):  40%|███▉      | 5183/13013 [00:05<00:08, 943.47 examples/s]
Map (num_proc=224):  41%|████      | 5299/13013 [00:05<00:08, 932.36 examples/s]
Map (num_proc=224):  42%|████▏     | 5473/13013 [00:05<00:07, 985.92 examples/s]
Map (num_proc=224):  43%|████▎     | 5589/13013 [00:05<00:07, 964.93 examples/s]
Map (num_proc=224):  44%|████▍     | 5705/13013 [00:06<00:07, 999.91 examples/s]
Map (num_proc=224):  45%|████▍     | 5821/13013 [00:06<00:07, 936.63 examples/s]
Map (num_proc=224):  46%|████▌     | 5995/13013 [00:06<00:06, 1033.28 examples/s]
Map (num_proc=224):  47%|████▋     | 6111/13013 [00:06<00:07, 949.04 examples/s] 
Map (num_proc=224):  48%|████▊     | 6227/13013 [00:06<00:07, 926.05 examples/s]
Map (num_proc=224):  49%|████▊     | 6343/13013 [00:06<00:07, 916.65 examples/s]
Map (num_proc=224):  50%|████▉     | 6459/13013 [00:06<00:07, 899.01 examples/s]
Map (num_proc=224):  51%|█████     | 6575/13013 [00:07<00:07, 901.90 examples/s]
Map (num_proc=224):  51%|█████▏    | 6691/13013 [00:07<00:07, 867.25 examples/s]
Map (num_proc=224):  52%|█████▏    | 6807/13013 [00:07<00:06, 910.36 examples/s]
Map (num_proc=224):  53%|█████▎    | 6923/13013 [00:07<00:06, 875.45 examples/s]
Map (num_proc=224):  54%|█████▍    | 7039/13013 [00:07<00:07, 817.38 examples/s]
Map (num_proc=224):  55%|█████▍    | 7155/13013 [00:07<00:07, 830.66 examples/s]
Map (num_proc=224):  56%|█████▌    | 7271/13013 [00:07<00:06, 822.95 examples/s]
Map (num_proc=224):  57%|█████▋    | 7387/13013 [00:08<00:06, 837.43 examples/s]
Map (num_proc=224):  58%|█████▊    | 7503/13013 [00:08<00:06, 840.41 examples/s]
Map (num_proc=224):  59%|█████▊    | 7619/13013 [00:08<00:06, 862.93 examples/s]
Map (num_proc=224):  59%|█████▉    | 7735/13013 [00:08<00:06, 848.56 examples/s]
Map (num_proc=224):  60%|██████    | 7851/13013 [00:08<00:06, 842.67 examples/s]
Map (num_proc=224):  61%|██████    | 7967/13013 [00:08<00:05, 846.14 examples/s]
Map (num_proc=224):  62%|██████▏   | 8083/13013 [00:08<00:06, 811.53 examples/s]
Map (num_proc=224):  63%|██████▎   | 8199/13013 [00:08<00:05, 862.40 examples/s]
Map (num_proc=224):  64%|██████▍   | 8315/13013 [00:09<00:05, 848.74 examples/s]
Map (num_proc=224):  65%|██████▍   | 8431/13013 [00:09<00:05, 849.21 examples/s]
Map (num_proc=224):  66%|██████▌   | 8547/13013 [00:09<00:05, 860.07 examples/s]
Map (num_proc=224):  67%|██████▋   | 8663/13013 [00:09<00:05, 856.27 examples/s]
Map (num_proc=224):  67%|██████▋   | 8779/13013 [00:09<00:04, 888.67 examples/s]
Map (num_proc=224):  68%|██████▊   | 8895/13013 [00:09<00:04, 901.60 examples/s]
Map (num_proc=224):  69%|██████▉   | 9011/13013 [00:09<00:04, 850.62 examples/s]
Map (num_proc=224):  70%|███████   | 9127/13013 [00:10<00:04, 891.00 examples/s]
Map (num_proc=224):  71%|███████   | 9243/13013 [00:10<00:04, 901.01 examples/s]
Map (num_proc=224):  72%|███████▏  | 9417/13013 [00:10<00:03, 1017.92 examples/s]
Map (num_proc=224):  73%|███████▎  | 9533/13013 [00:10<00:03, 1007.43 examples/s]
Map (num_proc=224):  75%|███████▍  | 9707/13013 [00:10<00:03, 1071.32 examples/s]
Map (num_proc=224):  75%|███████▌  | 9823/13013 [00:10<00:03, 1021.20 examples/s]
Map (num_proc=224):  76%|███████▋  | 9939/13013 [00:10<00:03, 1004.71 examples/s]
Map (num_proc=224):  77%|███████▋  | 10055/13013 [00:10<00:02, 996.91 examples/s]
Map (num_proc=224):  78%|███████▊  | 10171/13013 [00:11<00:02, 963.73 examples/s]
Map (num_proc=224):  79%|███████▉  | 10287/13013 [00:11<00:02, 999.11 examples/s]
Map (num_proc=224):  80%|████████  | 10461/13013 [00:11<00:02, 1127.50 examples/s]
Map (num_proc=224):  81%|████████▏ | 10577/13013 [00:11<00:02, 1113.56 examples/s]
Map (num_proc=224):  82%|████████▏ | 10693/13013 [00:11<00:02, 1121.54 examples/s]
Map (num_proc=224):  83%|████████▎ | 10809/13013 [00:11<00:01, 1120.32 examples/s]
Map (num_proc=224):  84%|████████▍ | 10983/13013 [00:11<00:01, 1126.58 examples/s]
Map (num_proc=224):  85%|████████▌ | 11099/13013 [00:11<00:01, 1001.88 examples/s]
Map (num_proc=224):  87%|████████▋ | 11273/13013 [00:12<00:01, 971.60 examples/s] 
Map (num_proc=224):  88%|████████▊ | 11447/13013 [00:12<00:01, 1073.25 examples/s]
Map (num_proc=224):  89%|████████▉ | 11563/13013 [00:12<00:01, 1049.92 examples/s]
Map (num_proc=224):  90%|████████▉ | 11679/13013 [00:12<00:01, 983.22 examples/s] 
Map (num_proc=224):  91%|█████████ | 11853/13013 [00:12<00:01, 1042.49 examples/s]
Map (num_proc=224):  92%|█████████▏| 11969/13013 [00:12<00:00, 1056.04 examples/s]
Map (num_proc=224):  93%|█████████▎| 12085/13013 [00:12<00:00, 1036.42 examples/s]
Map (num_proc=224):  94%|█████████▍| 12201/13013 [00:12<00:00, 1035.71 examples/s]
Map (num_proc=224):  95%|█████████▍| 12317/13013 [00:13<00:00, 1038.57 examples/s]
Map (num_proc=224):  96%|█████████▌| 12433/13013 [00:13<00:00, 1009.85 examples/s]
Map (num_proc=224):  96%|█████████▋| 12549/13013 [00:13<00:00, 1047.86 examples/s]
Map (num_proc=224):  97%|█████████▋| 12665/13013 [00:13<00:00, 991.63 examples/s] 
Map (num_proc=224):  99%|█████████▊| 12839/13013 [00:13<00:00, 1074.83 examples/s]
Map (num_proc=224): 100%|█████████▉| 12955/13013 [00:13<00:00, 1092.32 examples/s]
Map (num_proc=224): 100%|██████████| 13013/13013 [00:13<00:00, 933.40 examples/s] 
num_proc must be <= 128. Reducing num_proc to 128 for dataset of size 128.

Map (num_proc=128):   0%|          | 0/128 [00:00<?, ? examples/s]
Map (num_proc=128):   1%|          | 1/128 [00:00<00:18,  6.99 examples/s]
Map (num_proc=128):   4%|▍         | 5/128 [00:00<00:05, 21.68 examples/s]
Map (num_proc=128):   8%|▊         | 10/128 [00:00<00:03, 31.73 examples/s]
Map (num_proc=128):  12%|█▏        | 15/128 [00:00<00:03, 36.02 examples/s]
Map (num_proc=128):  17%|█▋        | 22/128 [00:00<00:02, 45.74 examples/s]
Map (num_proc=128):  21%|██        | 27/128 [00:00<00:02, 46.22 examples/s]
Map (num_proc=128):  28%|██▊       | 36/128 [00:00<00:01, 58.14 examples/s]
Map (num_proc=128):  34%|███▍      | 44/128 [00:00<00:01, 60.02 examples/s]
Map (num_proc=128):  40%|███▉      | 51/128 [00:01<00:01, 61.94 examples/s]
Map (num_proc=128):  45%|████▌     | 58/128 [00:01<00:01, 56.32 examples/s]
Map (num_proc=128):  52%|█████▏    | 67/128 [00:01<00:00, 62.61 examples/s]
Map (num_proc=128):  59%|█████▊    | 75/128 [00:01<00:00, 63.26 examples/s]
Map (num_proc=128):  64%|██████▍   | 82/128 [00:01<00:00, 61.66 examples/s]
Map (num_proc=128):  70%|███████   | 90/128 [00:01<00:00, 66.22 examples/s]
Map (num_proc=128):  76%|███████▌  | 97/128 [00:01<00:00, 66.42 examples/s]
Map (num_proc=128):  81%|████████▏ | 104/128 [00:01<00:00, 61.80 examples/s]
Map (num_proc=128):  87%|████████▋ | 111/128 [00:02<00:00, 57.43 examples/s]
Map (num_proc=128):  92%|█████████▏| 118/128 [00:02<00:00, 58.09 examples/s]
Map (num_proc=128):  98%|█████████▊| 125/128 [00:02<00:00, 59.55 examples/s]
Map (num_proc=128): 100%|██████████| 128/128 [00:02<00:00, 51.71 examples/s]
==((====))==  Unsloth - 2x faster free finetuning | Num GPUs used = 1
   \\   /|    Num examples = 13,013 | Num Epochs = 2 | Total steps = 857
O^O/ \_/ \    Batch size per device = 4 | Gradient accumulation steps = 4
\        /    Data Parallel GPUs = 1 | Total batch size (4 x 4 x 1) = 16
 "-____-"     Trainable parameters = 18,944/14,770,052,608 (0.00% trained)
wandb: WARNING The `run_name` is currently set to the same value as `TrainingArguments.output_dir`. If this was not intended, please specify a different run name by setting the `TrainingArguments.run_name` parameter.

                                                 

                                                 

                                               

                                               

                                               

                                               

                                               

                                               

                                               

                                                

                                                

                                                

                                                

                                                

                                                

                                                

                                                

                                                

                                                

                                                

                                                

                                                

                                                

                                                

                                                

                                                

                                                

                                                

                                                

                                                

                                                

                                                

                                                

                                                

                                                

                                                

                                                

                                                

                                                

                                                

                                                

                                                

                                                

                                                

                                                

                                                

                                                

                                                

                                                

                                                

                                                

                                                

                                                

                                                

                                                

                                                

                                                

                                                

                                                

                                                

                                                

                                                

                                                

                                                

                                                

                                                

                                                

                                                

                                                

                                                

                                                

                                                

                                                

                                                

                                                

                                                

                                                

                                                

                                                
Unsloth: Will smartly offload gradients to save VRAM!
{'loss': 1.2339, 'grad_norm': 2.247617483139038, 'learning_rate': 0.0, 'epoch': 0.0}
{'loss': 1.6568, 'grad_norm': 3.431478500366211, 'learning_rate': 4.000000000000001e-06, 'epoch': 0.0}
{'loss': 2.1276, 'grad_norm': 4.881176948547363, 'learning_rate': 8.000000000000001e-06, 'epoch': 0.0}
{'loss': 1.7169, 'grad_norm': 4.2078022956848145, 'learning_rate': 1.2e-05, 'epoch': 0.0}
{'loss': 1.9734, 'grad_norm': 3.8181850910186768, 'learning_rate': 1.6000000000000003e-05, 'epoch': 0.01}
{'loss': 1.6051, 'grad_norm': 3.722994089126587, 'learning_rate': 2e-05, 'epoch': 0.01}
{'loss': 1.7401, 'grad_norm': 5.569900989532471, 'learning_rate': 1.9976525821596246e-05, 'epoch': 0.01}
{'loss': 1.7758, 'grad_norm': 5.952973365783691, 'learning_rate': 1.995305164319249e-05, 'epoch': 0.01}
{'loss': 1.5208, 'grad_norm': 4.20413875579834, 'learning_rate': 1.9929577464788734e-05, 'epoch': 0.01}
{'loss': 1.9706, 'grad_norm': 9.065079689025879, 'learning_rate': 1.9906103286384977e-05, 'epoch': 0.01}
{'loss': 1.8304, 'grad_norm': 6.023694038391113, 'learning_rate': 1.988262910798122e-05, 'epoch': 0.01}
{'loss': 1.8095, 'grad_norm': 7.586643695831299, 'learning_rate': 1.9859154929577465e-05, 'epoch': 0.01}
{'loss': 1.3915, 'grad_norm': 5.823564529418945, 'learning_rate': 1.9835680751173713e-05, 'epoch': 0.02}
{'loss': 1.5965, 'grad_norm': 7.057275772094727, 'learning_rate': 1.9812206572769953e-05, 'epoch': 0.02}
{'loss': 1.8228, 'grad_norm': 8.335721969604492, 'learning_rate': 1.97887323943662e-05, 'epoch': 0.02}
{'loss': 1.5903, 'grad_norm': 6.672659397125244, 'learning_rate': 1.9765258215962445e-05, 'epoch': 0.02}
{'loss': 1.2765, 'grad_norm': 5.760550022125244, 'learning_rate': 1.9741784037558685e-05, 'epoch': 0.02}
{'loss': 1.7772, 'grad_norm': 9.296260833740234, 'learning_rate': 1.9718309859154933e-05, 'epoch': 0.02}
{'loss': 1.7417, 'grad_norm': 12.291970252990723, 'learning_rate': 1.9694835680751173e-05, 'epoch': 0.02}
{'loss': 1.312, 'grad_norm': 6.47395658493042, 'learning_rate': 1.967136150234742e-05, 'epoch': 0.02}
{'loss': 1.6792, 'grad_norm': 9.32254695892334, 'learning_rate': 1.9647887323943664e-05, 'epoch': 0.03}
{'loss': 1.5979, 'grad_norm': 6.616438865661621, 'learning_rate': 1.962441314553991e-05, 'epoch': 0.03}
{'loss': 1.4894, 'grad_norm': 10.463506698608398, 'learning_rate': 1.9600938967136152e-05, 'epoch': 0.03}
{'loss': 1.9079, 'grad_norm': 17.000051498413086, 'learning_rate': 1.9577464788732396e-05, 'epoch': 0.03}
{'loss': 1.7625, 'grad_norm': 17.08651351928711, 'learning_rate': 1.955399061032864e-05, 'epoch': 0.03}
{'loss': 1.4255, 'grad_norm': 10.394163131713867, 'learning_rate': 1.9530516431924884e-05, 'epoch': 0.03}
{'loss': 1.3774, 'grad_norm': 8.368483543395996, 'learning_rate': 1.9507042253521128e-05, 'epoch': 0.03}
{'loss': 1.5773, 'grad_norm': 14.562641143798828, 'learning_rate': 1.9483568075117372e-05, 'epoch': 0.03}
{'loss': 1.4502, 'grad_norm': 10.23763656616211, 'learning_rate': 1.9460093896713616e-05, 'epoch': 0.04}
{'loss': 1.5291, 'grad_norm': 13.92936897277832, 'learning_rate': 1.943661971830986e-05, 'epoch': 0.04}
{'loss': 1.5982, 'grad_norm': 20.958202362060547, 'learning_rate': 1.9413145539906104e-05, 'epoch': 0.04}
{'loss': 1.2836, 'grad_norm': 9.99203872680664, 'learning_rate': 1.9389671361502348e-05, 'epoch': 0.04}
{'loss': 1.7645, 'grad_norm': 24.74782943725586, 'learning_rate': 1.9366197183098595e-05, 'epoch': 0.04}
{'loss': 1.4053, 'grad_norm': 14.082990646362305, 'learning_rate': 1.9342723004694836e-05, 'epoch': 0.04}
{'loss': 1.3872, 'grad_norm': 16.867921829223633, 'learning_rate': 1.9319248826291083e-05, 'epoch': 0.04}
{'loss': 1.3597, 'grad_norm': 17.00963592529297, 'learning_rate': 1.9295774647887327e-05, 'epoch': 0.04}
{'loss': 1.2848, 'grad_norm': 23.78083038330078, 'learning_rate': 1.9272300469483568e-05, 'epoch': 0.05}
{'loss': 1.9371, 'grad_norm': 29.6012020111084, 'learning_rate': 1.9248826291079815e-05, 'epoch': 0.05}
{'loss': 1.4798, 'grad_norm': 24.75102424621582, 'learning_rate': 1.922535211267606e-05, 'epoch': 0.05}
{'loss': 1.142, 'grad_norm': 9.99177360534668, 'learning_rate': 1.9201877934272303e-05, 'epoch': 0.05}
{'loss': 0.9766, 'grad_norm': 8.82927131652832, 'learning_rate': 1.9178403755868547e-05, 'epoch': 0.05}
{'loss': 1.1115, 'grad_norm': 12.623046875, 'learning_rate': 1.9154929577464788e-05, 'epoch': 0.05}
{'loss': 1.4714, 'grad_norm': 12.51015853881836, 'learning_rate': 1.9131455399061035e-05, 'epoch': 0.05}
{'loss': 1.194, 'grad_norm': 8.059383392333984, 'learning_rate': 1.910798122065728e-05, 'epoch': 0.05}
{'loss': 1.4058, 'grad_norm': 9.126591682434082, 'learning_rate': 1.9084507042253523e-05, 'epoch': 0.06}
{'loss': 1.136, 'grad_norm': 6.896512985229492, 'learning_rate': 1.9061032863849767e-05, 'epoch': 0.06}
{'loss': 1.5131, 'grad_norm': 13.499931335449219, 'learning_rate': 1.903755868544601e-05, 'epoch': 0.06}
{'loss': 1.3221, 'grad_norm': 18.140644073486328, 'learning_rate': 1.9014084507042255e-05, 'epoch': 0.06}
{'loss': 1.1805, 'grad_norm': 8.542553901672363, 'learning_rate': 1.89906103286385e-05, 'epoch': 0.06}
{'loss': 1.2702, 'grad_norm': 9.954743385314941, 'learning_rate': 1.8967136150234743e-05, 'epoch': 0.06}
{'loss': 0.857, 'grad_norm': 12.302814483642578, 'learning_rate': 1.8943661971830987e-05, 'epoch': 0.06}
{'loss': 1.1499, 'grad_norm': 9.650379180908203, 'learning_rate': 1.892018779342723e-05, 'epoch': 0.06}
{'loss': 1.1788, 'grad_norm': 5.966963768005371, 'learning_rate': 1.8896713615023478e-05, 'epoch': 0.07}
{'loss': 1.1002, 'grad_norm': 7.181397438049316, 'learning_rate': 1.887323943661972e-05, 'epoch': 0.07}
{'loss': 1.0179, 'grad_norm': 5.170106410980225, 'learning_rate': 1.8849765258215962e-05, 'epoch': 0.07}
{'loss': 1.2652, 'grad_norm': 5.7586669921875, 'learning_rate': 1.882629107981221e-05, 'epoch': 0.07}
{'loss': 1.1098, 'grad_norm': 6.140114784240723, 'learning_rate': 1.880281690140845e-05, 'epoch': 0.07}
{'loss': 1.1844, 'grad_norm': 7.639604568481445, 'learning_rate': 1.8779342723004698e-05, 'epoch': 0.07}
{'loss': 1.3925, 'grad_norm': 13.984742164611816, 'learning_rate': 1.875586854460094e-05, 'epoch': 0.07}
{'loss': 1.1063, 'grad_norm': 5.7139787673950195, 'learning_rate': 1.8732394366197186e-05, 'epoch': 0.07}
{'loss': 1.1981, 'grad_norm': 8.90982723236084, 'learning_rate': 1.870892018779343e-05, 'epoch': 0.07}
{'loss': 1.0113, 'grad_norm': 4.839803218841553, 'learning_rate': 1.8685446009389673e-05, 'epoch': 0.08}
{'loss': 0.9169, 'grad_norm': 6.343994617462158, 'learning_rate': 1.8661971830985917e-05, 'epoch': 0.08}
{'loss': 1.7975, 'grad_norm': 3.3243730068206787, 'learning_rate': 1.863849765258216e-05, 'epoch': 0.08}
{'loss': 1.0017, 'grad_norm': 4.942887306213379, 'learning_rate': 1.8615023474178405e-05, 'epoch': 0.08}
{'loss': 0.9552, 'grad_norm': 3.30244779586792, 'learning_rate': 1.859154929577465e-05, 'epoch': 0.08}
{'loss': 1.1823, 'grad_norm': 5.161311626434326, 'learning_rate': 1.8568075117370893e-05, 'epoch': 0.08}
{'loss': 1.1022, 'grad_norm': 3.0154082775115967, 'learning_rate': 1.8544600938967137e-05, 'epoch': 0.08}
{'loss': 1.0114, 'grad_norm': 2.5208163261413574, 'learning_rate': 1.852112676056338e-05, 'epoch': 0.08}
{'loss': 0.9564, 'grad_norm': 3.305335521697998, 'learning_rate': 1.8497652582159625e-05, 'epoch': 0.09}
{'loss': 1.1375, 'grad_norm': 2.4051661491394043, 'learning_rate': 1.847417840375587e-05, 'epoch': 0.09}
{'loss': 1.5989, 'grad_norm': 4.040594577789307, 'learning_rate': 1.8450704225352113e-05, 'epoch': 0.09}
{'loss': 0.9908, 'grad_norm': 3.4138314723968506, 'learning_rate': 1.842723004694836e-05, 'epoch': 0.09}
{'loss': 1.0526, 'grad_norm': 2.166891574859619, 'learning_rate': 1.84037558685446e-05, 'epoch': 0.09}
{'loss': 1.0849, 'grad_norm': 3.479675769805908, 'learning_rate': 1.8380281690140845e-05, 'epoch': 0.09}
{'loss': 1.0068, 'grad_norm': 2.3700029850006104, 'learning_rate': 1.8356807511737092e-05, 'epoch': 0.09}
{'loss': 1.2305, 'grad_norm': 5.501738548278809, 'learning_rate': 1.8333333333333333e-05, 'epoch': 0.09}
{'loss': 1.0596, 'grad_norm': 2.8937275409698486, 'learning_rate': 1.830985915492958e-05, 'epoch': 0.1}
{'loss': 1.1082, 'grad_norm': 3.5786495208740234, 'learning_rate': 1.8286384976525824e-05, 'epoch': 0.1}
                                                

                                                

                                                

                                                

                                                

                                                

                                                

                                                

                                                

                                                

                                                

                                                

                                                

                                                

                                                

                                                

                                                

                                                

                                                

                                                

                                                 

Using gradient accumulation will be very slightly less accurate.
Read more on gradient accumulation issues here: https://unsloth.ai/blog/gradient

{'loss': 1.3452, 'grad_norm': 2.155742883682251, 'learning_rate': 1.8262910798122068e-05, 'epoch': 0.1}
{'loss': 1.3216, 'grad_norm': 3.8396828174591064, 'learning_rate': 1.8239436619718312e-05, 'epoch': 0.1}
{'loss': 1.1849, 'grad_norm': 3.441229820251465, 'learning_rate': 1.8215962441314556e-05, 'epoch': 0.1}
{'loss': 0.9247, 'grad_norm': 3.036029100418091, 'learning_rate': 1.81924882629108e-05, 'epoch': 0.1}
{'loss': 1.1088, 'grad_norm': 2.943377733230591, 'learning_rate': 1.8169014084507044e-05, 'epoch': 0.1}
{'loss': 1.1684, 'grad_norm': 4.7052741050720215, 'learning_rate': 1.8145539906103288e-05, 'epoch': 0.1}
{'loss': 1.1441, 'grad_norm': 2.0034189224243164, 'learning_rate': 1.8122065727699532e-05, 'epoch': 0.11}
{'loss': 0.836, 'grad_norm': 2.0168561935424805, 'learning_rate': 1.8098591549295776e-05, 'epoch': 0.11}
{'loss': 1.0273, 'grad_norm': 2.5900256633758545, 'learning_rate': 1.807511737089202e-05, 'epoch': 0.11}
{'loss': 1.0716, 'grad_norm': 2.7891995906829834, 'learning_rate': 1.8051643192488264e-05, 'epoch': 0.11}
{'loss': 1.0351, 'grad_norm': 2.403355836868286, 'learning_rate': 1.8028169014084508e-05, 'epoch': 0.11}
{'loss': 1.0121, 'grad_norm': 2.5118889808654785, 'learning_rate': 1.800469483568075e-05, 'epoch': 0.11}
{'loss': 1.3644, 'grad_norm': 4.627255439758301, 'learning_rate': 1.7981220657276996e-05, 'epoch': 0.11}
{'loss': 0.9761, 'grad_norm': 2.5041186809539795, 'learning_rate': 1.7957746478873243e-05, 'epoch': 0.11}
{'loss': 1.1637, 'grad_norm': 3.1134157180786133, 'learning_rate': 1.7934272300469484e-05, 'epoch': 0.12}
{'loss': 1.1713, 'grad_norm': 4.008584022521973, 'learning_rate': 1.7910798122065727e-05, 'epoch': 0.12}
{'loss': 1.2084, 'grad_norm': 6.815280914306641, 'learning_rate': 1.7887323943661975e-05, 'epoch': 0.12}
{'loss': 1.0024, 'grad_norm': 3.521568536758423, 'learning_rate': 1.7863849765258215e-05, 'epoch': 0.12}
{'loss': 1.1026, 'grad_norm': 4.931919574737549, 'learning_rate': 1.7840375586854463e-05, 'epoch': 0.12}
{'loss': 1.0668, 'grad_norm': 2.3254480361938477, 'learning_rate': 1.7816901408450707e-05, 'epoch': 0.12}
{'loss': 1.0728, 'grad_norm': 5.359322547912598, 'learning_rate': 1.779342723004695e-05, 'epoch': 0.12}

































                                               
[A
                                                 



                                               [A
                                                   

                                                 

                                                 

                                                 

                                                 

                                                 

                                                 

                                                 

                                                 

                                                 

                                                 

                                                 

                                                 

                                                 

                                                 

                                                 

                                                 

                                                 

                                                 

                                                 

                                                 

                                                 

                                                 

                                                 

                                                 

                                                 

                                                 

                                                 

                                                 

                                                 

                                                 

                                                 

                                                 

                                                 

                                                 

                                                 

                                                 

                                                 

                                                 

                                                 

                                                 

                                                 

                                                 

                                                 

                                                 

                                                 

                                                 

                                                 

                                                 

                                                 

                                                 

                                                 

                                                 

                                                 

                                                 

                                                 

                                                 

                                                 

                                                 

                                                 

                                                 

                                                 

                                                 

                                                 

                                                 

                                                 

                                                 

                                                 

                                                 

                                                 

                                                 

                                                 

                                                 

                                                 

                                                 

                                                 

                                                 
{'eval_loss': 0.9276471138000488, 'eval_runtime': 10.826, 'eval_samples_per_second': 11.823, 'eval_steps_per_second': 2.956, 'epoch': 0.12}
{'loss': 0.9214, 'grad_norm': 3.1298201084136963, 'learning_rate': 1.7769953051643195e-05, 'epoch': 0.12}
{'loss': 1.1181, 'grad_norm': 4.036241054534912, 'learning_rate': 1.774647887323944e-05, 'epoch': 0.13}
{'loss': 0.8599, 'grad_norm': 2.8914778232574463, 'learning_rate': 1.7723004694835683e-05, 'epoch': 0.13}
{'loss': 1.2072, 'grad_norm': 7.88447380065918, 'learning_rate': 1.7699530516431927e-05, 'epoch': 0.13}
{'loss': 1.1886, 'grad_norm': 6.173034191131592, 'learning_rate': 1.767605633802817e-05, 'epoch': 0.13}
{'loss': 1.293, 'grad_norm': 6.2652740478515625, 'learning_rate': 1.7652582159624414e-05, 'epoch': 0.13}
{'loss': 1.1048, 'grad_norm': 3.168060064315796, 'learning_rate': 1.762910798122066e-05, 'epoch': 0.13}
{'loss': 0.9835, 'grad_norm': 3.771235942840576, 'learning_rate': 1.7605633802816902e-05, 'epoch': 0.13}
{'loss': 1.0602, 'grad_norm': 4.124237537384033, 'learning_rate': 1.7582159624413146e-05, 'epoch': 0.13}
{'loss': 1.1161, 'grad_norm': 3.7036471366882324, 'learning_rate': 1.755868544600939e-05, 'epoch': 0.14}
{'loss': 1.3367, 'grad_norm': 4.046022891998291, 'learning_rate': 1.7535211267605638e-05, 'epoch': 0.14}
{'loss': 1.2434, 'grad_norm': 5.598244667053223, 'learning_rate': 1.7511737089201878e-05, 'epoch': 0.14}
{'loss': 0.8726, 'grad_norm': 2.979175567626953, 'learning_rate': 1.7488262910798126e-05, 'epoch': 0.14}
{'loss': 1.26, 'grad_norm': 2.8392608165740967, 'learning_rate': 1.7464788732394366e-05, 'epoch': 0.14}
{'loss': 1.1112, 'grad_norm': 2.010596752166748, 'learning_rate': 1.744131455399061e-05, 'epoch': 0.14}
{'loss': 1.1651, 'grad_norm': 3.830540657043457, 'learning_rate': 1.7417840375586857e-05, 'epoch': 0.14}
{'loss': 1.0647, 'grad_norm': 2.6286439895629883, 'learning_rate': 1.7394366197183098e-05, 'epoch': 0.14}
{'loss': 0.9273, 'grad_norm': 3.7006592750549316, 'learning_rate': 1.7370892018779345e-05, 'epoch': 0.15}
{'loss': 1.1129, 'grad_norm': 5.359571933746338, 'learning_rate': 1.734741784037559e-05, 'epoch': 0.15}
{'loss': 1.0054, 'grad_norm': 2.470996379852295, 'learning_rate': 1.732394366197183e-05, 'epoch': 0.15}
{'loss': 1.3113, 'grad_norm': 5.223957538604736, 'learning_rate': 1.7300469483568077e-05, 'epoch': 0.15}
{'loss': 0.9945, 'grad_norm': 12.234272956848145, 'learning_rate': 1.727699530516432e-05, 'epoch': 0.15}
{'loss': 0.966, 'grad_norm': 4.2263078689575195, 'learning_rate': 1.7253521126760565e-05, 'epoch': 0.15}
{'loss': 1.0793, 'grad_norm': 2.5314743518829346, 'learning_rate': 1.723004694835681e-05, 'epoch': 0.15}
{'loss': 1.2814, 'grad_norm': 2.392087697982788, 'learning_rate': 1.7206572769953053e-05, 'epoch': 0.15}
{'loss': 1.0588, 'grad_norm': 2.1249923706054688, 'learning_rate': 1.7183098591549297e-05, 'epoch': 0.15}
{'loss': 1.1596, 'grad_norm': 7.929049015045166, 'learning_rate': 1.715962441314554e-05, 'epoch': 0.16}
{'loss': 1.3383, 'grad_norm': 6.3283305168151855, 'learning_rate': 1.7136150234741785e-05, 'epoch': 0.16}
{'loss': 1.3091, 'grad_norm': 7.227518081665039, 'learning_rate': 1.711267605633803e-05, 'epoch': 0.16}
{'loss': 1.0141, 'grad_norm': 3.051917552947998, 'learning_rate': 1.7089201877934273e-05, 'epoch': 0.16}
{'loss': 1.4572, 'grad_norm': 5.067456245422363, 'learning_rate': 1.706572769953052e-05, 'epoch': 0.16}
{'loss': 1.0662, 'grad_norm': 3.1155190467834473, 'learning_rate': 1.704225352112676e-05, 'epoch': 0.16}
{'loss': 1.1614, 'grad_norm': 1.6729716062545776, 'learning_rate': 1.7018779342723005e-05, 'epoch': 0.16}
{'loss': 1.1639, 'grad_norm': 7.508588790893555, 'learning_rate': 1.6995305164319252e-05, 'epoch': 0.16}
{'loss': 0.9451, 'grad_norm': 2.8390650749206543, 'learning_rate': 1.6971830985915493e-05, 'epoch': 0.17}
{'loss': 1.139, 'grad_norm': 3.025456428527832, 'learning_rate': 1.694835680751174e-05, 'epoch': 0.17}
{'loss': 0.9957, 'grad_norm': 2.3981125354766846, 'learning_rate': 1.692488262910798e-05, 'epoch': 0.17}
{'loss': 1.0212, 'grad_norm': 4.823312759399414, 'learning_rate': 1.6901408450704228e-05, 'epoch': 0.17}
{'loss': 1.1285, 'grad_norm': 2.5371339321136475, 'learning_rate': 1.6877934272300472e-05, 'epoch': 0.17}
{'loss': 1.1536, 'grad_norm': 7.204714298248291, 'learning_rate': 1.6854460093896712e-05, 'epoch': 0.17}
{'loss': 1.1549, 'grad_norm': 2.598029851913452, 'learning_rate': 1.683098591549296e-05, 'epoch': 0.17}
{'loss': 1.0891, 'grad_norm': 4.660391807556152, 'learning_rate': 1.6807511737089204e-05, 'epoch': 0.17}
{'loss': 1.0618, 'grad_norm': 4.783550262451172, 'learning_rate': 1.6784037558685448e-05, 'epoch': 0.18}
{'loss': 0.9608, 'grad_norm': 2.073350191116333, 'learning_rate': 1.676056338028169e-05, 'epoch': 0.18}
{'loss': 0.9239, 'grad_norm': 5.015782356262207, 'learning_rate': 1.6737089201877936e-05, 'epoch': 0.18}
{'loss': 1.1376, 'grad_norm': 5.198045253753662, 'learning_rate': 1.671361502347418e-05, 'epoch': 0.18}
{'loss': 1.302, 'grad_norm': 5.0907063484191895, 'learning_rate': 1.6690140845070424e-05, 'epoch': 0.18}
{'loss': 0.8813, 'grad_norm': 3.357743501663208, 'learning_rate': 1.6666666666666667e-05, 'epoch': 0.18}
{'loss': 1.0644, 'grad_norm': 3.927234649658203, 'learning_rate': 1.664319248826291e-05, 'epoch': 0.18}
{'loss': 0.9602, 'grad_norm': 2.6536853313446045, 'learning_rate': 1.6619718309859155e-05, 'epoch': 0.18}
{'loss': 1.0089, 'grad_norm': 2.144416332244873, 'learning_rate': 1.6596244131455403e-05, 'epoch': 0.19}
{'loss': 1.0342, 'grad_norm': 2.410285472869873, 'learning_rate': 1.6572769953051643e-05, 'epoch': 0.19}
{'loss': 1.3228, 'grad_norm': 21.167577743530273, 'learning_rate': 1.6549295774647887e-05, 'epoch': 0.19}
{'loss': 1.2145, 'grad_norm': 4.217668056488037, 'learning_rate': 1.6525821596244135e-05, 'epoch': 0.19}
{'loss': 1.0046, 'grad_norm': 5.860234260559082, 'learning_rate': 1.6502347417840375e-05, 'epoch': 0.19}
{'loss': 0.9547, 'grad_norm': 2.7015717029571533, 'learning_rate': 1.6478873239436623e-05, 'epoch': 0.19}
{'loss': 1.1536, 'grad_norm': 4.3114542961120605, 'learning_rate': 1.6455399061032866e-05, 'epoch': 0.19}
{'loss': 0.9297, 'grad_norm': 3.0389907360076904, 'learning_rate': 1.643192488262911e-05, 'epoch': 0.19}
{'loss': 0.7826, 'grad_norm': 3.7913835048675537, 'learning_rate': 1.6408450704225354e-05, 'epoch': 0.2}
{'loss': 0.9668, 'grad_norm': 1.613937497138977, 'learning_rate': 1.6384976525821595e-05, 'epoch': 0.2}
{'loss': 1.1709, 'grad_norm': 3.9952096939086914, 'learning_rate': 1.6361502347417842e-05, 'epoch': 0.2}
{'loss': 1.1233, 'grad_norm': 2.659409761428833, 'learning_rate': 1.6338028169014086e-05, 'epoch': 0.2}
{'loss': 0.9514, 'grad_norm': 2.925116539001465, 'learning_rate': 1.631455399061033e-05, 'epoch': 0.2}
{'loss': 0.9696, 'grad_norm': 3.5054209232330322, 'learning_rate': 1.6291079812206574e-05, 'epoch': 0.2}
{'loss': 1.0917, 'grad_norm': 7.404280662536621, 'learning_rate': 1.6267605633802818e-05, 'epoch': 0.2}
{'loss': 1.1354, 'grad_norm': 4.2136054039001465, 'learning_rate': 1.6244131455399062e-05, 'epoch': 0.2}
{'loss': 1.1681, 'grad_norm': 1.855582356452942, 'learning_rate': 1.6220657276995306e-05, 'epoch': 0.21}
{'loss': 1.0966, 'grad_norm': 10.539016723632812, 'learning_rate': 1.619718309859155e-05, 'epoch': 0.21}
{'loss': 0.9637, 'grad_norm': 8.814281463623047, 'learning_rate': 1.6173708920187794e-05, 'epoch': 0.21}
{'loss': 0.9766, 'grad_norm': 7.199255466461182, 'learning_rate': 1.6150234741784038e-05, 'epoch': 0.21}
{'loss': 1.1183, 'grad_norm': 44.04887008666992, 'learning_rate': 1.6126760563380285e-05, 'epoch': 0.21}
{'loss': 0.9134, 'grad_norm': 3.8284153938293457, 'learning_rate': 1.6103286384976526e-05, 'epoch': 0.21}
{'loss': 1.0128, 'grad_norm': 2.9177334308624268, 'learning_rate': 1.607981220657277e-05, 'epoch': 0.21}
{'loss': 0.9866, 'grad_norm': 3.0916690826416016, 'learning_rate': 1.6056338028169017e-05, 'epoch': 0.21}
{'loss': 1.3254, 'grad_norm': 9.999521255493164, 'learning_rate': 1.6032863849765258e-05, 'epoch': 0.22}
{'loss': 0.9926, 'grad_norm': 8.11301326751709, 'learning_rate': 1.6009389671361505e-05, 'epoch': 0.22}
{'loss': 1.0021, 'grad_norm': 5.551634788513184, 'learning_rate': 1.598591549295775e-05, 'epoch': 0.22}
                                                 

                                                 

                                                 

                                                 

                                                 

                                                 

                                                 

                                                 

                                                 

                                                 

                                                 

                                                 

                                                 

                                                 

                                                 

                                                 

                                                 

                                                 

                                                 

                                                 

                                                 

                                                 

                                                 

{'loss': 0.9513, 'grad_norm': 5.903636932373047, 'learning_rate': 1.5962441314553993e-05, 'epoch': 0.22}
{'loss': 1.0605, 'grad_norm': 4.4199090003967285, 'learning_rate': 1.5938967136150237e-05, 'epoch': 0.22}
{'loss': 0.8142, 'grad_norm': 4.070684909820557, 'learning_rate': 1.591549295774648e-05, 'epoch': 0.22}
{'loss': 1.1456, 'grad_norm': 7.15220832824707, 'learning_rate': 1.5892018779342725e-05, 'epoch': 0.22}
{'loss': 1.1106, 'grad_norm': 3.627542018890381, 'learning_rate': 1.586854460093897e-05, 'epoch': 0.22}
{'loss': 1.0788, 'grad_norm': 13.722182273864746, 'learning_rate': 1.5845070422535213e-05, 'epoch': 0.22}
{'loss': 1.2755, 'grad_norm': 3.4919469356536865, 'learning_rate': 1.5821596244131457e-05, 'epoch': 0.23}
{'loss': 1.1026, 'grad_norm': 3.7684061527252197, 'learning_rate': 1.57981220657277e-05, 'epoch': 0.23}
{'loss': 1.1589, 'grad_norm': 7.546453475952148, 'learning_rate': 1.5774647887323945e-05, 'epoch': 0.23}
{'loss': 1.0512, 'grad_norm': 5.089582920074463, 'learning_rate': 1.575117370892019e-05, 'epoch': 0.23}
{'loss': 1.1375, 'grad_norm': 3.113950729370117, 'learning_rate': 1.5727699530516433e-05, 'epoch': 0.23}
{'loss': 0.9676, 'grad_norm': 5.968413352966309, 'learning_rate': 1.5704225352112677e-05, 'epoch': 0.23}
{'loss': 0.9537, 'grad_norm': 3.7708277702331543, 'learning_rate': 1.568075117370892e-05, 'epoch': 0.23}
{'loss': 0.9972, 'grad_norm': 6.167307376861572, 'learning_rate': 1.5657276995305168e-05, 'epoch': 0.23}
{'loss': 0.9946, 'grad_norm': 5.4922990798950195, 'learning_rate': 1.563380281690141e-05, 'epoch': 0.24}
{'loss': 1.1048, 'grad_norm': 6.4397478103637695, 'learning_rate': 1.5610328638497652e-05, 'epoch': 0.24}
{'loss': 1.2068, 'grad_norm': 5.315423488616943, 'learning_rate': 1.55868544600939e-05, 'epoch': 0.24}
{'loss': 1.055, 'grad_norm': 7.370605945587158, 'learning_rate': 1.556338028169014e-05, 'epoch': 0.24}
{'loss': 0.9439, 'grad_norm': 6.774338722229004, 'learning_rate': 1.5539906103286388e-05, 'epoch': 0.24}
{'loss': 1.089, 'grad_norm': 5.172032833099365, 'learning_rate': 1.551643192488263e-05, 'epoch': 0.24}
{'loss': 1.1386, 'grad_norm': 6.091805458068848, 'learning_rate': 1.5492957746478872e-05, 'epoch': 0.24}
{'loss': 0.9806, 'grad_norm': 9.091307640075684, 'learning_rate': 1.546948356807512e-05, 'epoch': 0.24}
{'loss': 1.112, 'grad_norm': 4.192181587219238, 'learning_rate': 1.5446009389671363e-05, 'epoch': 0.25}

































                                               
[A
                                                 



                                               [A
                                                 

                                                 

                                                 

                                                 

                                                 

                                                 

                                                 

                                                 

                                                 

                                                 

                                                 

                                                 

                                                 

                                                 

                                                 

                                                 

                                                 

                                                 

                                                 

                                                 

                                                 

                                                 

                                                 

                                                 

                                                 

                                                 

                                                 

                                                 

                                                 

                                                 

                                                 

                                                 

                                                 

                                                 

                                                 

                                                 

                                                 

                                                 

                                                 

                                                 

                                                 

                                                 

                                                 

                                                 

                                                 

                                                 

                                                 

                                                 

                                                 

                                                 

                                                 

                                                 

                                                 

                                                 

                                                 

                                                 

                                                 

                                                 

                                                 

                                                 

                                                 

                                                 

                                                 

                                                 

                                                 

                                                 

                                                 

                                                 

                                                 

                                                 

                                                 

                                                 

                                                 

                                                 

                                                 

                                                 

                                                 
{'eval_loss': 0.9143086671829224, 'eval_runtime': 9.8003, 'eval_samples_per_second': 13.061, 'eval_steps_per_second': 3.265, 'epoch': 0.25}
{'loss': 1.1598, 'grad_norm': 4.83839225769043, 'learning_rate': 1.5422535211267607e-05, 'epoch': 0.25}
{'loss': 1.0096, 'grad_norm': 7.635025501251221, 'learning_rate': 1.539906103286385e-05, 'epoch': 0.25}
{'loss': 1.0706, 'grad_norm': 5.054198741912842, 'learning_rate': 1.5375586854460095e-05, 'epoch': 0.25}
{'loss': 0.9178, 'grad_norm': 11.08326530456543, 'learning_rate': 1.535211267605634e-05, 'epoch': 0.25}
{'loss': 1.1338, 'grad_norm': 3.335141181945801, 'learning_rate': 1.5328638497652583e-05, 'epoch': 0.25}
{'loss': 1.2233, 'grad_norm': 6.484515190124512, 'learning_rate': 1.5305164319248827e-05, 'epoch': 0.25}
{'loss': 0.9104, 'grad_norm': 2.9506189823150635, 'learning_rate': 1.528169014084507e-05, 'epoch': 0.25}
{'loss': 0.9491, 'grad_norm': 3.3568148612976074, 'learning_rate': 1.5258215962441317e-05, 'epoch': 0.26}
{'loss': 1.1085, 'grad_norm': 4.626372337341309, 'learning_rate': 1.5234741784037559e-05, 'epoch': 0.26}
{'loss': 1.0867, 'grad_norm': 3.356740713119507, 'learning_rate': 1.5211267605633803e-05, 'epoch': 0.26}
{'loss': 1.191, 'grad_norm': 4.683425426483154, 'learning_rate': 1.5187793427230049e-05, 'epoch': 0.26}
{'loss': 0.904, 'grad_norm': 2.0482232570648193, 'learning_rate': 1.5164319248826291e-05, 'epoch': 0.26}
{'loss': 1.1351, 'grad_norm': 4.403121471405029, 'learning_rate': 1.5140845070422537e-05, 'epoch': 0.26}
{'loss': 1.0255, 'grad_norm': 4.555891513824463, 'learning_rate': 1.511737089201878e-05, 'epoch': 0.26}
{'loss': 0.9853, 'grad_norm': 6.932279586791992, 'learning_rate': 1.5093896713615025e-05, 'epoch': 0.26}
{'loss': 1.0802, 'grad_norm': 13.422614097595215, 'learning_rate': 1.5070422535211269e-05, 'epoch': 0.27}
{'loss': 1.1803, 'grad_norm': 4.89194917678833, 'learning_rate': 1.5046948356807514e-05, 'epoch': 0.27}
{'loss': 0.7269, 'grad_norm': 4.973601818084717, 'learning_rate': 1.5023474178403756e-05, 'epoch': 0.27}
{'loss': 1.0247, 'grad_norm': 2.6599466800689697, 'learning_rate': 1.5000000000000002e-05, 'epoch': 0.27}
{'loss': 1.2028, 'grad_norm': 4.080284118652344, 'learning_rate': 1.4976525821596246e-05, 'epoch': 0.27}
{'loss': 1.1223, 'grad_norm': 4.633217811584473, 'learning_rate': 1.4953051643192488e-05, 'epoch': 0.27}
{'loss': 1.0667, 'grad_norm': 15.243643760681152, 'learning_rate': 1.4929577464788734e-05, 'epoch': 0.27}
{'loss': 1.0881, 'grad_norm': 4.3707075119018555, 'learning_rate': 1.4906103286384978e-05, 'epoch': 0.27}
{'loss': 1.2571, 'grad_norm': 4.852118968963623, 'learning_rate': 1.4882629107981222e-05, 'epoch': 0.28}
{'loss': 1.043, 'grad_norm': 3.5182857513427734, 'learning_rate': 1.4859154929577466e-05, 'epoch': 0.28}
{'loss': 1.0018, 'grad_norm': 5.6257004737854, 'learning_rate': 1.4835680751173711e-05, 'epoch': 0.28}
{'loss': 1.2012, 'grad_norm': 4.81033992767334, 'learning_rate': 1.4812206572769954e-05, 'epoch': 0.28}
{'loss': 1.1048, 'grad_norm': 2.605482578277588, 'learning_rate': 1.47887323943662e-05, 'epoch': 0.28}
{'loss': 1.1136, 'grad_norm': 8.533726692199707, 'learning_rate': 1.4765258215962443e-05, 'epoch': 0.28}
{'loss': 1.2041, 'grad_norm': 6.630016326904297, 'learning_rate': 1.4741784037558686e-05, 'epoch': 0.28}
{'loss': 0.9981, 'grad_norm': 4.546501159667969, 'learning_rate': 1.4718309859154931e-05, 'epoch': 0.28}
{'loss': 1.1143, 'grad_norm': 4.733691692352295, 'learning_rate': 1.4694835680751174e-05, 'epoch': 0.29}
{'loss': 0.7912, 'grad_norm': 3.0724916458129883, 'learning_rate': 1.467136150234742e-05, 'epoch': 0.29}
{'loss': 0.9615, 'grad_norm': 4.999514579772949, 'learning_rate': 1.4647887323943663e-05, 'epoch': 0.29}
{'loss': 1.0039, 'grad_norm': 3.729990243911743, 'learning_rate': 1.4624413145539907e-05, 'epoch': 0.29}
{'loss': 1.1212, 'grad_norm': 2.9703614711761475, 'learning_rate': 1.4600938967136151e-05, 'epoch': 0.29}
{'loss': 1.1112, 'grad_norm': 3.044037342071533, 'learning_rate': 1.4577464788732397e-05, 'epoch': 0.29}
{'loss': 1.3812, 'grad_norm': 2.4391002655029297, 'learning_rate': 1.4553990610328639e-05, 'epoch': 0.29}
{'loss': 0.8855, 'grad_norm': 3.395125389099121, 'learning_rate': 1.4530516431924883e-05, 'epoch': 0.29}
{'loss': 0.8433, 'grad_norm': 4.226799011230469, 'learning_rate': 1.4507042253521129e-05, 'epoch': 0.3}
{'loss': 1.0842, 'grad_norm': 5.194314479827881, 'learning_rate': 1.4483568075117371e-05, 'epoch': 0.3}
{'loss': 0.8082, 'grad_norm': 6.042476177215576, 'learning_rate': 1.4460093896713617e-05, 'epoch': 0.3}
{'loss': 0.9357, 'grad_norm': 3.5731852054595947, 'learning_rate': 1.443661971830986e-05, 'epoch': 0.3}
{'loss': 1.3867, 'grad_norm': 11.385933876037598, 'learning_rate': 1.4413145539906104e-05, 'epoch': 0.3}
{'loss': 1.0342, 'grad_norm': 4.639895439147949, 'learning_rate': 1.4389671361502348e-05, 'epoch': 0.3}
{'loss': 0.9735, 'grad_norm': 4.120419025421143, 'learning_rate': 1.4366197183098594e-05, 'epoch': 0.3}
{'loss': 1.1686, 'grad_norm': 7.599719524383545, 'learning_rate': 1.4342723004694836e-05, 'epoch': 0.3}
{'loss': 1.02, 'grad_norm': 6.31472635269165, 'learning_rate': 1.4319248826291082e-05, 'epoch': 0.3}
{'loss': 1.2136, 'grad_norm': 4.85309362411499, 'learning_rate': 1.4295774647887326e-05, 'epoch': 0.31}
{'loss': 1.1403, 'grad_norm': 2.8446905612945557, 'learning_rate': 1.4272300469483568e-05, 'epoch': 0.31}
{'loss': 0.9927, 'grad_norm': 7.406741619110107, 'learning_rate': 1.4248826291079814e-05, 'epoch': 0.31}
{'loss': 1.0334, 'grad_norm': 5.104073524475098, 'learning_rate': 1.4225352112676058e-05, 'epoch': 0.31}
{'loss': 1.0014, 'grad_norm': 4.7911481857299805, 'learning_rate': 1.4201877934272302e-05, 'epoch': 0.31}
{'loss': 0.8941, 'grad_norm': 5.501371383666992, 'learning_rate': 1.4178403755868546e-05, 'epoch': 0.31}
{'loss': 1.2907, 'grad_norm': 3.769153118133545, 'learning_rate': 1.4154929577464788e-05, 'epoch': 0.31}
{'loss': 1.0392, 'grad_norm': 5.087246417999268, 'learning_rate': 1.4131455399061034e-05, 'epoch': 0.31}
{'loss': 0.9987, 'grad_norm': 4.236391544342041, 'learning_rate': 1.410798122065728e-05, 'epoch': 0.32}
{'loss': 0.8628, 'grad_norm': 5.303600788116455, 'learning_rate': 1.4084507042253522e-05, 'epoch': 0.32}
{'loss': 1.1157, 'grad_norm': 4.977417945861816, 'learning_rate': 1.4061032863849765e-05, 'epoch': 0.32}
{'loss': 1.0823, 'grad_norm': 3.658733367919922, 'learning_rate': 1.4037558685446011e-05, 'epoch': 0.32}
{'loss': 0.9866, 'grad_norm': 3.896009683609009, 'learning_rate': 1.4014084507042253e-05, 'epoch': 0.32}
{'loss': 0.9448, 'grad_norm': 3.554826259613037, 'learning_rate': 1.3990610328638499e-05, 'epoch': 0.32}
{'loss': 1.0423, 'grad_norm': 2.8726134300231934, 'learning_rate': 1.3967136150234743e-05, 'epoch': 0.32}
{'loss': 1.1698, 'grad_norm': 3.5908751487731934, 'learning_rate': 1.3943661971830987e-05, 'epoch': 0.32}
{'loss': 0.9751, 'grad_norm': 6.167090892791748, 'learning_rate': 1.3920187793427231e-05, 'epoch': 0.33}
{'loss': 0.8749, 'grad_norm': 2.3838908672332764, 'learning_rate': 1.3896713615023477e-05, 'epoch': 0.33}
{'loss': 0.8948, 'grad_norm': 3.178927421569824, 'learning_rate': 1.3873239436619719e-05, 'epoch': 0.33}
{'loss': 1.0703, 'grad_norm': 3.960756301879883, 'learning_rate': 1.3849765258215963e-05, 'epoch': 0.33}
{'loss': 1.1275, 'grad_norm': 3.4341633319854736, 'learning_rate': 1.3826291079812208e-05, 'epoch': 0.33}
{'loss': 1.2666, 'grad_norm': 4.54146671295166, 'learning_rate': 1.380281690140845e-05, 'epoch': 0.33}
{'loss': 1.0376, 'grad_norm': 7.379608631134033, 'learning_rate': 1.3779342723004696e-05, 'epoch': 0.33}
{'loss': 0.9457, 'grad_norm': 5.281632423400879, 'learning_rate': 1.375586854460094e-05, 'epoch': 0.33}
{'loss': 1.0444, 'grad_norm': 9.139545440673828, 'learning_rate': 1.3732394366197184e-05, 'epoch': 0.34}
{'loss': 1.1238, 'grad_norm': 6.575212478637695, 'learning_rate': 1.3708920187793428e-05, 'epoch': 0.34}
{'loss': 1.2422, 'grad_norm': 6.767970085144043, 'learning_rate': 1.3685446009389674e-05, 'epoch': 0.34}
{'loss': 0.9767, 'grad_norm': 2.7772886753082275, 'learning_rate': 1.3661971830985916e-05, 'epoch': 0.34}
{'loss': 1.1355, 'grad_norm': 3.3142828941345215, 'learning_rate': 1.3638497652582162e-05, 'epoch': 0.34}
                                                 

                                                 

                                                 

                                                 

                                                 

                                                 

                                                 

                                                 

                                                 

                                                 

                                                 

                                                 

                                                 

                                                 

                                                 

                                                 

                                                 

                                                 

                                                 

                                                 

                                                 

                                                 

                                                 

{'loss': 1.2446, 'grad_norm': 10.063559532165527, 'learning_rate': 1.3615023474178406e-05, 'epoch': 0.34}
{'loss': 1.1527, 'grad_norm': 12.82929801940918, 'learning_rate': 1.3591549295774648e-05, 'epoch': 0.34}
{'loss': 1.0755, 'grad_norm': 12.132562637329102, 'learning_rate': 1.3568075117370894e-05, 'epoch': 0.34}
{'loss': 1.2677, 'grad_norm': 9.768552780151367, 'learning_rate': 1.3544600938967136e-05, 'epoch': 0.35}
{'loss': 0.8745, 'grad_norm': 3.3071563243865967, 'learning_rate': 1.3521126760563382e-05, 'epoch': 0.35}
{'loss': 1.0239, 'grad_norm': 9.299447059631348, 'learning_rate': 1.3497652582159626e-05, 'epoch': 0.35}
{'loss': 1.1414, 'grad_norm': 7.664717197418213, 'learning_rate': 1.347417840375587e-05, 'epoch': 0.35}
{'loss': 0.9996, 'grad_norm': 3.8238770961761475, 'learning_rate': 1.3450704225352114e-05, 'epoch': 0.35}
{'loss': 1.1279, 'grad_norm': 4.53599214553833, 'learning_rate': 1.342723004694836e-05, 'epoch': 0.35}
{'loss': 1.025, 'grad_norm': 3.3994967937469482, 'learning_rate': 1.3403755868544601e-05, 'epoch': 0.35}
{'loss': 1.1589, 'grad_norm': 12.384990692138672, 'learning_rate': 1.3380281690140845e-05, 'epoch': 0.35}
{'loss': 1.1344, 'grad_norm': 5.988910675048828, 'learning_rate': 1.3356807511737091e-05, 'epoch': 0.36}
{'loss': 1.1307, 'grad_norm': 4.584932804107666, 'learning_rate': 1.3333333333333333e-05, 'epoch': 0.36}
{'loss': 1.1372, 'grad_norm': 8.593269348144531, 'learning_rate': 1.3309859154929579e-05, 'epoch': 0.36}
{'loss': 1.0628, 'grad_norm': 3.9359958171844482, 'learning_rate': 1.3286384976525823e-05, 'epoch': 0.36}
{'loss': 0.7463, 'grad_norm': 4.1024489402771, 'learning_rate': 1.3262910798122067e-05, 'epoch': 0.36}
{'loss': 0.9477, 'grad_norm': 6.973228454589844, 'learning_rate': 1.323943661971831e-05, 'epoch': 0.36}
{'loss': 1.0812, 'grad_norm': 6.4561448097229, 'learning_rate': 1.3215962441314556e-05, 'epoch': 0.36}
{'loss': 1.2966, 'grad_norm': 6.264837741851807, 'learning_rate': 1.3192488262910799e-05, 'epoch': 0.36}
{'loss': 1.1581, 'grad_norm': 6.583017826080322, 'learning_rate': 1.3169014084507044e-05, 'epoch': 0.37}
{'loss': 0.9462, 'grad_norm': 7.159872055053711, 'learning_rate': 1.3145539906103288e-05, 'epoch': 0.37}
{'loss': 1.1141, 'grad_norm': 8.156791687011719, 'learning_rate': 1.312206572769953e-05, 'epoch': 0.37}
{'loss': 0.9912, 'grad_norm': 5.384590148925781, 'learning_rate': 1.3098591549295776e-05, 'epoch': 0.37}

































                                               
[A
                                                 



                                               [A
                                                 

                                                 

                                                 

                                                 

                                                 

                                                 

                                                 

                                                 

                                                 

                                                 

                                                 

                                                 

                                                 

                                                 

                                                 

                                                 

                                                 

                                                 

                                                 

                                                 

                                                 

                                                 

                                                 

                                                 

                                                 

                                                 

                                                 

                                                 

                                                 

                                                 

                                                 

                                                 

                                                 

                                                 

                                                 

                                                 

                                                 

                                                 

                                                 

                                                 

                                                 

                                                 

                                                 

                                                 

                                                 

                                                 

                                                 

                                                 

                                                 

                                                 

                                                 

                                                 

                                                 

                                                 

                                                 

                                                 

                                                 

                                                 

                                                 

                                                 

                                                 

                                                 

                                                 

                                                 

                                                 

                                                 

                                                 

                                                 

                                                 

                                                 

                                                 

                                                 

                                                 

                                                 

                                                 

                                                 

                                                 
{'eval_loss': 0.9094092845916748, 'eval_runtime': 9.6724, 'eval_samples_per_second': 13.234, 'eval_steps_per_second': 3.308, 'epoch': 0.37}
{'loss': 1.2488, 'grad_norm': 3.8532967567443848, 'learning_rate': 1.307511737089202e-05, 'epoch': 0.37}
{'loss': 1.0668, 'grad_norm': 7.750865936279297, 'learning_rate': 1.3051643192488264e-05, 'epoch': 0.37}
{'loss': 0.9254, 'grad_norm': 3.508761405944824, 'learning_rate': 1.3028169014084508e-05, 'epoch': 0.37}
{'loss': 0.8357, 'grad_norm': 5.706021308898926, 'learning_rate': 1.300469483568075e-05, 'epoch': 0.37}
{'loss': 0.9809, 'grad_norm': 2.198580741882324, 'learning_rate': 1.2981220657276996e-05, 'epoch': 0.37}
{'loss': 1.2964, 'grad_norm': 4.896909713745117, 'learning_rate': 1.2957746478873242e-05, 'epoch': 0.38}
{'loss': 0.9182, 'grad_norm': 4.901896953582764, 'learning_rate': 1.2934272300469484e-05, 'epoch': 0.38}
{'loss': 0.8819, 'grad_norm': 4.251641273498535, 'learning_rate': 1.2910798122065728e-05, 'epoch': 0.38}
{'loss': 0.8679, 'grad_norm': 5.498233318328857, 'learning_rate': 1.2887323943661974e-05, 'epoch': 0.38}
{'loss': 1.0269, 'grad_norm': 6.626554012298584, 'learning_rate': 1.2863849765258216e-05, 'epoch': 0.38}
{'loss': 0.9911, 'grad_norm': 8.848660469055176, 'learning_rate': 1.2840375586854462e-05, 'epoch': 0.38}
{'loss': 0.9275, 'grad_norm': 3.8484959602355957, 'learning_rate': 1.2816901408450705e-05, 'epoch': 0.38}
{'loss': 1.4578, 'grad_norm': 5.820143222808838, 'learning_rate': 1.279342723004695e-05, 'epoch': 0.38}
{'loss': 1.1001, 'grad_norm': 3.4024698734283447, 'learning_rate': 1.2769953051643193e-05, 'epoch': 0.39}
{'loss': 0.9642, 'grad_norm': 5.113204002380371, 'learning_rate': 1.2746478873239439e-05, 'epoch': 0.39}
{'loss': 0.9972, 'grad_norm': 5.874148368835449, 'learning_rate': 1.2723004694835681e-05, 'epoch': 0.39}
{'loss': 0.9632, 'grad_norm': 2.3900094032287598, 'learning_rate': 1.2699530516431925e-05, 'epoch': 0.39}
{'loss': 1.1625, 'grad_norm': 3.7917802333831787, 'learning_rate': 1.2676056338028171e-05, 'epoch': 0.39}
{'loss': 0.8359, 'grad_norm': 5.240870952606201, 'learning_rate': 1.2652582159624413e-05, 'epoch': 0.39}
{'loss': 1.0565, 'grad_norm': 8.0470609664917, 'learning_rate': 1.2629107981220659e-05, 'epoch': 0.39}
{'loss': 0.8145, 'grad_norm': 2.486032247543335, 'learning_rate': 1.2605633802816903e-05, 'epoch': 0.39}
{'loss': 1.2172, 'grad_norm': 5.341929912567139, 'learning_rate': 1.2582159624413147e-05, 'epoch': 0.4}
{'loss': 1.2221, 'grad_norm': 4.408242225646973, 'learning_rate': 1.255868544600939e-05, 'epoch': 0.4}
{'loss': 1.0052, 'grad_norm': 2.7146925926208496, 'learning_rate': 1.2535211267605636e-05, 'epoch': 0.4}
{'loss': 1.0322, 'grad_norm': 2.7633309364318848, 'learning_rate': 1.2511737089201879e-05, 'epoch': 0.4}
{'loss': 1.044, 'grad_norm': 3.4976613521575928, 'learning_rate': 1.2488262910798124e-05, 'epoch': 0.4}
{'loss': 0.9275, 'grad_norm': 4.607000350952148, 'learning_rate': 1.2464788732394367e-05, 'epoch': 0.4}
{'loss': 0.9084, 'grad_norm': 3.962538003921509, 'learning_rate': 1.244131455399061e-05, 'epoch': 0.4}
{'loss': 1.1075, 'grad_norm': 6.947648525238037, 'learning_rate': 1.2417840375586856e-05, 'epoch': 0.4}
{'loss': 1.0643, 'grad_norm': 15.209588050842285, 'learning_rate': 1.2394366197183098e-05, 'epoch': 0.41}
{'loss': 0.943, 'grad_norm': 3.0398035049438477, 'learning_rate': 1.2370892018779344e-05, 'epoch': 0.41}
{'loss': 1.3806, 'grad_norm': 7.385900974273682, 'learning_rate': 1.2347417840375588e-05, 'epoch': 0.41}
{'loss': 1.1538, 'grad_norm': 4.8992390632629395, 'learning_rate': 1.232394366197183e-05, 'epoch': 0.41}
{'loss': 1.1365, 'grad_norm': 4.384881019592285, 'learning_rate': 1.2300469483568076e-05, 'epoch': 0.41}
{'loss': 0.9849, 'grad_norm': 6.465755462646484, 'learning_rate': 1.2276995305164322e-05, 'epoch': 0.41}
{'loss': 1.0561, 'grad_norm': 7.72784948348999, 'learning_rate': 1.2253521126760564e-05, 'epoch': 0.41}
{'loss': 0.9581, 'grad_norm': 5.23325777053833, 'learning_rate': 1.2230046948356808e-05, 'epoch': 0.41}
{'loss': 0.9267, 'grad_norm': 3.4849624633789062, 'learning_rate': 1.2206572769953053e-05, 'epoch': 0.42}
{'loss': 1.1226, 'grad_norm': 3.0324649810791016, 'learning_rate': 1.2183098591549296e-05, 'epoch': 0.42}
{'loss': 0.9514, 'grad_norm': 3.057455062866211, 'learning_rate': 1.2159624413145541e-05, 'epoch': 0.42}
{'loss': 1.0967, 'grad_norm': 4.430510997772217, 'learning_rate': 1.2136150234741785e-05, 'epoch': 0.42}
{'loss': 1.2779, 'grad_norm': 4.3894147872924805, 'learning_rate': 1.211267605633803e-05, 'epoch': 0.42}
{'loss': 1.2743, 'grad_norm': 4.551000595092773, 'learning_rate': 1.2089201877934273e-05, 'epoch': 0.42}
{'loss': 1.1619, 'grad_norm': 3.4358792304992676, 'learning_rate': 1.2065727699530519e-05, 'epoch': 0.42}
{'loss': 0.883, 'grad_norm': 2.722968339920044, 'learning_rate': 1.2042253521126761e-05, 'epoch': 0.42}
{'loss': 0.9556, 'grad_norm': 5.705642223358154, 'learning_rate': 1.2018779342723005e-05, 'epoch': 0.43}
{'loss': 1.2819, 'grad_norm': 12.584312438964844, 'learning_rate': 1.199530516431925e-05, 'epoch': 0.43}
{'loss': 1.0437, 'grad_norm': 3.2112910747528076, 'learning_rate': 1.1971830985915493e-05, 'epoch': 0.43}
{'loss': 0.9761, 'grad_norm': 8.158614158630371, 'learning_rate': 1.1948356807511739e-05, 'epoch': 0.43}
{'loss': 1.0371, 'grad_norm': 4.353111743927002, 'learning_rate': 1.1924882629107981e-05, 'epoch': 0.43}
{'loss': 1.0501, 'grad_norm': 3.297593355178833, 'learning_rate': 1.1901408450704227e-05, 'epoch': 0.43}
{'loss': 0.9934, 'grad_norm': 3.9032602310180664, 'learning_rate': 1.187793427230047e-05, 'epoch': 0.43}
{'loss': 1.1546, 'grad_norm': 6.313546180725098, 'learning_rate': 1.1854460093896713e-05, 'epoch': 0.43}
{'loss': 1.0653, 'grad_norm': 3.3338537216186523, 'learning_rate': 1.1830985915492958e-05, 'epoch': 0.44}
{'loss': 1.042, 'grad_norm': 4.384368896484375, 'learning_rate': 1.1807511737089204e-05, 'epoch': 0.44}
{'loss': 0.9419, 'grad_norm': 3.033996820449829, 'learning_rate': 1.1784037558685446e-05, 'epoch': 0.44}
{'loss': 0.8882, 'grad_norm': 6.863077640533447, 'learning_rate': 1.176056338028169e-05, 'epoch': 0.44}
{'loss': 1.024, 'grad_norm': 4.292804718017578, 'learning_rate': 1.1737089201877936e-05, 'epoch': 0.44}
{'loss': 0.9506, 'grad_norm': 3.079000473022461, 'learning_rate': 1.1713615023474178e-05, 'epoch': 0.44}
{'loss': 1.0811, 'grad_norm': 3.2770886421203613, 'learning_rate': 1.1690140845070424e-05, 'epoch': 0.44}
{'loss': 0.9247, 'grad_norm': 3.79665207862854, 'learning_rate': 1.1666666666666668e-05, 'epoch': 0.44}
{'loss': 1.0689, 'grad_norm': 11.153458595275879, 'learning_rate': 1.1643192488262912e-05, 'epoch': 0.44}
{'loss': 1.1957, 'grad_norm': 4.4192328453063965, 'learning_rate': 1.1619718309859156e-05, 'epoch': 0.45}
{'loss': 0.8488, 'grad_norm': 4.802189350128174, 'learning_rate': 1.1596244131455401e-05, 'epoch': 0.45}
{'loss': 0.8994, 'grad_norm': 2.2360355854034424, 'learning_rate': 1.1572769953051644e-05, 'epoch': 0.45}
{'loss': 0.9804, 'grad_norm': 5.132417678833008, 'learning_rate': 1.1549295774647888e-05, 'epoch': 0.45}
{'loss': 0.9957, 'grad_norm': 3.4215493202209473, 'learning_rate': 1.1525821596244133e-05, 'epoch': 0.45}
{'loss': 1.0889, 'grad_norm': 5.973321914672852, 'learning_rate': 1.1502347417840376e-05, 'epoch': 0.45}
{'loss': 1.2058, 'grad_norm': 4.021917819976807, 'learning_rate': 1.1478873239436621e-05, 'epoch': 0.45}
{'loss': 1.0494, 'grad_norm': 4.233983993530273, 'learning_rate': 1.1455399061032865e-05, 'epoch': 0.45}
{'loss': 1.0195, 'grad_norm': 3.805464029312134, 'learning_rate': 1.143192488262911e-05, 'epoch': 0.46}
{'loss': 0.8956, 'grad_norm': 6.96455192565918, 'learning_rate': 1.1408450704225353e-05, 'epoch': 0.46}
{'loss': 1.1124, 'grad_norm': 4.949574947357178, 'learning_rate': 1.1384976525821595e-05, 'epoch': 0.46}
{'loss': 1.1076, 'grad_norm': 6.763823509216309, 'learning_rate': 1.1361502347417841e-05, 'epoch': 0.46}
{'loss': 1.019, 'grad_norm': 2.4757184982299805, 'learning_rate': 1.1338028169014087e-05, 'epoch': 0.46}
{'loss': 0.7717, 'grad_norm': 4.908974647521973, 'learning_rate': 1.1314553990610329e-05, 'epoch': 0.46}
{'loss': 1.0655, 'grad_norm': 2.7131474018096924, 'learning_rate': 1.1291079812206573e-05, 'epoch': 0.46}
                                                 

                                                 

                                                 

                                                 

                                                 

                                                 

                                                 

                                                 

                                                 

                                                 

                                                 

                                                 

                                                 

                                                 

                                                 

                                                 

                                                 

                                                 

                                                 

                                                 

                                                 

                                                 

                                                 

{'loss': 0.9979, 'grad_norm': 2.3977296352386475, 'learning_rate': 1.1267605633802819e-05, 'epoch': 0.46}
{'loss': 0.8587, 'grad_norm': 5.164465427398682, 'learning_rate': 1.1244131455399061e-05, 'epoch': 0.47}
{'loss': 0.8586, 'grad_norm': 4.415805339813232, 'learning_rate': 1.1220657276995307e-05, 'epoch': 0.47}
{'loss': 1.0681, 'grad_norm': 4.5981597900390625, 'learning_rate': 1.119718309859155e-05, 'epoch': 0.47}
{'loss': 0.9834, 'grad_norm': 4.3428754806518555, 'learning_rate': 1.1173708920187793e-05, 'epoch': 0.47}
{'loss': 0.9187, 'grad_norm': 3.421785354614258, 'learning_rate': 1.1150234741784038e-05, 'epoch': 0.47}
{'loss': 0.8797, 'grad_norm': 5.405341625213623, 'learning_rate': 1.1126760563380284e-05, 'epoch': 0.47}
{'loss': 0.9701, 'grad_norm': 6.217978477478027, 'learning_rate': 1.1103286384976526e-05, 'epoch': 0.47}
{'loss': 1.1902, 'grad_norm': 5.551671981811523, 'learning_rate': 1.107981220657277e-05, 'epoch': 0.47}
{'loss': 1.1797, 'grad_norm': 7.380774974822998, 'learning_rate': 1.1056338028169016e-05, 'epoch': 0.48}
{'loss': 1.1674, 'grad_norm': 5.367659568786621, 'learning_rate': 1.1032863849765258e-05, 'epoch': 0.48}
{'loss': 0.8431, 'grad_norm': 3.355255126953125, 'learning_rate': 1.1009389671361504e-05, 'epoch': 0.48}
{'loss': 1.1989, 'grad_norm': 5.655806064605713, 'learning_rate': 1.0985915492957748e-05, 'epoch': 0.48}
{'loss': 1.1336, 'grad_norm': 4.107845306396484, 'learning_rate': 1.0962441314553992e-05, 'epoch': 0.48}
{'loss': 1.0137, 'grad_norm': 2.919485092163086, 'learning_rate': 1.0938967136150236e-05, 'epoch': 0.48}
{'loss': 1.2864, 'grad_norm': 18.3499698638916, 'learning_rate': 1.0915492957746481e-05, 'epoch': 0.48}
{'loss': 0.9317, 'grad_norm': 5.657568454742432, 'learning_rate': 1.0892018779342724e-05, 'epoch': 0.48}
{'loss': 1.1053, 'grad_norm': 6.214797019958496, 'learning_rate': 1.0868544600938968e-05, 'epoch': 0.49}
{'loss': 1.3932, 'grad_norm': 8.379990577697754, 'learning_rate': 1.0845070422535213e-05, 'epoch': 0.49}
{'loss': 1.0022, 'grad_norm': 3.9932711124420166, 'learning_rate': 1.0821596244131455e-05, 'epoch': 0.49}
{'loss': 1.0207, 'grad_norm': 4.233596324920654, 'learning_rate': 1.0798122065727701e-05, 'epoch': 0.49}
{'loss': 1.2923, 'grad_norm': 8.679116249084473, 'learning_rate': 1.0774647887323943e-05, 'epoch': 0.49}
{'loss': 1.0903, 'grad_norm': 5.526263236999512, 'learning_rate': 1.0751173708920189e-05, 'epoch': 0.49}

































                                               
[A
                                                 



                                               [A
                                                 

                                                 

                                                 

                                                 

                                                 

                                                 

                                                 

                                                 

                                                 

                                                 

                                                 

                                                 

                                                 

                                                 

                                                 

                                                 

                                                 

                                                 

                                                 

                                                 

                                                 

                                                 

                                                 

                                                 

                                                 

                                                 

                                                 

                                                 

                                                 

                                                 

                                                 

                                                 

                                                 

                                                 

                                                 

                                                 

                                                 

                                                 

                                                 

                                                 

                                                 

                                                 

                                                 

                                                 

                                                 

                                                 

                                                 

                                                 

                                                 

                                                 

                                                 

                                                 

                                                 

                                                 

                                                 

                                                 

                                                 

                                                 

                                                 

                                                 

                                                 

                                                 

                                                 

                                                 

                                                 

                                                 

                                                 

                                                 

                                                 

                                                 

                                                 

                                                 

                                                 

                                                 

                                                 

                                                 

                                                 

                                                 
{'eval_loss': 0.9064503908157349, 'eval_runtime': 9.6811, 'eval_samples_per_second': 13.222, 'eval_steps_per_second': 3.305, 'epoch': 0.49}
{'loss': 1.0359, 'grad_norm': 7.567534923553467, 'learning_rate': 1.0727699530516433e-05, 'epoch': 0.49}
{'loss': 1.0832, 'grad_norm': 5.971889019012451, 'learning_rate': 1.0704225352112675e-05, 'epoch': 0.49}
{'loss': 1.0333, 'grad_norm': 5.834536075592041, 'learning_rate': 1.0680751173708921e-05, 'epoch': 0.5}
{'loss': 1.0584, 'grad_norm': 5.547877311706543, 'learning_rate': 1.0657276995305167e-05, 'epoch': 0.5}
{'loss': 1.2515, 'grad_norm': 4.637966632843018, 'learning_rate': 1.0633802816901409e-05, 'epoch': 0.5}
{'loss': 1.0076, 'grad_norm': 4.9904069900512695, 'learning_rate': 1.0610328638497653e-05, 'epoch': 0.5}
{'loss': 1.0283, 'grad_norm': 2.845900297164917, 'learning_rate': 1.0586854460093898e-05, 'epoch': 0.5}
{'loss': 1.1006, 'grad_norm': 4.928027153015137, 'learning_rate': 1.056338028169014e-05, 'epoch': 0.5}
{'loss': 1.1396, 'grad_norm': 4.335692882537842, 'learning_rate': 1.0539906103286386e-05, 'epoch': 0.5}
{'loss': 1.1272, 'grad_norm': 3.9907782077789307, 'learning_rate': 1.051643192488263e-05, 'epoch': 0.5}
{'loss': 0.9394, 'grad_norm': 3.990558624267578, 'learning_rate': 1.0492957746478873e-05, 'epoch': 0.51}
{'loss': 1.0938, 'grad_norm': 3.304219961166382, 'learning_rate': 1.0469483568075118e-05, 'epoch': 0.51}
{'loss': 0.9776, 'grad_norm': 2.830068826675415, 'learning_rate': 1.0446009389671364e-05, 'epoch': 0.51}
{'loss': 1.1147, 'grad_norm': 2.174165725708008, 'learning_rate': 1.0422535211267606e-05, 'epoch': 0.51}
{'loss': 1.3254, 'grad_norm': 12.705146789550781, 'learning_rate': 1.039906103286385e-05, 'epoch': 0.51}
{'loss': 0.998, 'grad_norm': 4.1621222496032715, 'learning_rate': 1.0375586854460096e-05, 'epoch': 0.51}
{'loss': 0.9902, 'grad_norm': 4.6179609298706055, 'learning_rate': 1.0352112676056338e-05, 'epoch': 0.51}
{'loss': 0.9521, 'grad_norm': 4.331710338592529, 'learning_rate': 1.0328638497652584e-05, 'epoch': 0.51}
{'loss': 1.1732, 'grad_norm': 2.248849868774414, 'learning_rate': 1.0305164319248828e-05, 'epoch': 0.52}
{'loss': 0.9129, 'grad_norm': 6.414604663848877, 'learning_rate': 1.0281690140845072e-05, 'epoch': 0.52}
{'loss': 1.0339, 'grad_norm': 4.894888401031494, 'learning_rate': 1.0258215962441316e-05, 'epoch': 0.52}
{'loss': 0.8848, 'grad_norm': 3.576915740966797, 'learning_rate': 1.0234741784037558e-05, 'epoch': 0.52}
{'loss': 0.9251, 'grad_norm': 7.722522735595703, 'learning_rate': 1.0211267605633803e-05, 'epoch': 0.52}
{'loss': 0.9858, 'grad_norm': 3.229098081588745, 'learning_rate': 1.0187793427230047e-05, 'epoch': 0.52}
{'loss': 1.002, 'grad_norm': 4.662024974822998, 'learning_rate': 1.0164319248826291e-05, 'epoch': 0.52}
{'loss': 1.1367, 'grad_norm': 14.141525268554688, 'learning_rate': 1.0140845070422535e-05, 'epoch': 0.52}
{'loss': 1.3206, 'grad_norm': 8.061238288879395, 'learning_rate': 1.0117370892018781e-05, 'epoch': 0.52}
{'loss': 1.0505, 'grad_norm': 5.160333156585693, 'learning_rate': 1.0093896713615023e-05, 'epoch': 0.53}
{'loss': 1.0082, 'grad_norm': 5.264513969421387, 'learning_rate': 1.0070422535211269e-05, 'epoch': 0.53}
{'loss': 1.0567, 'grad_norm': 6.1104655265808105, 'learning_rate': 1.0046948356807513e-05, 'epoch': 0.53}
{'loss': 1.3061, 'grad_norm': 3.265444755554199, 'learning_rate': 1.0023474178403755e-05, 'epoch': 0.53}
{'loss': 1.0977, 'grad_norm': 4.966403007507324, 'learning_rate': 1e-05, 'epoch': 0.53}
{'loss': 0.9955, 'grad_norm': 2.732412099838257, 'learning_rate': 9.976525821596245e-06, 'epoch': 0.53}
{'loss': 1.1745, 'grad_norm': 3.548717975616455, 'learning_rate': 9.953051643192489e-06, 'epoch': 0.53}
{'loss': 0.84, 'grad_norm': 4.764106750488281, 'learning_rate': 9.929577464788733e-06, 'epoch': 0.53}
{'loss': 0.9916, 'grad_norm': 4.496025562286377, 'learning_rate': 9.906103286384977e-06, 'epoch': 0.54}
{'loss': 0.9948, 'grad_norm': 6.893567085266113, 'learning_rate': 9.882629107981222e-06, 'epoch': 0.54}
{'loss': 1.1105, 'grad_norm': 3.8778605461120605, 'learning_rate': 9.859154929577466e-06, 'epoch': 0.54}
{'loss': 0.9269, 'grad_norm': 2.6126179695129395, 'learning_rate': 9.83568075117371e-06, 'epoch': 0.54}
{'loss': 1.1684, 'grad_norm': 5.632147312164307, 'learning_rate': 9.812206572769954e-06, 'epoch': 0.54}
{'loss': 1.4851, 'grad_norm': 3.238539218902588, 'learning_rate': 9.788732394366198e-06, 'epoch': 0.54}
{'loss': 1.0763, 'grad_norm': 7.764598846435547, 'learning_rate': 9.765258215962442e-06, 'epoch': 0.54}
{'loss': 0.8741, 'grad_norm': 5.450901508331299, 'learning_rate': 9.741784037558686e-06, 'epoch': 0.54}
{'loss': 0.9636, 'grad_norm': 4.94777774810791, 'learning_rate': 9.71830985915493e-06, 'epoch': 0.55}
{'loss': 1.1247, 'grad_norm': 3.451897382736206, 'learning_rate': 9.694835680751174e-06, 'epoch': 0.55}
{'loss': 0.8836, 'grad_norm': 7.087620258331299, 'learning_rate': 9.671361502347418e-06, 'epoch': 0.55}
{'loss': 1.0302, 'grad_norm': 5.821588039398193, 'learning_rate': 9.647887323943664e-06, 'epoch': 0.55}
{'loss': 1.0001, 'grad_norm': 6.250694751739502, 'learning_rate': 9.624413145539908e-06, 'epoch': 0.55}
{'loss': 1.1053, 'grad_norm': 4.949996471405029, 'learning_rate': 9.600938967136152e-06, 'epoch': 0.55}
{'loss': 0.9044, 'grad_norm': 3.911431312561035, 'learning_rate': 9.577464788732394e-06, 'epoch': 0.55}
{'loss': 1.1004, 'grad_norm': 9.565382957458496, 'learning_rate': 9.55399061032864e-06, 'epoch': 0.55}
{'loss': 0.8815, 'grad_norm': 2.429748058319092, 'learning_rate': 9.530516431924883e-06, 'epoch': 0.56}
{'loss': 0.8889, 'grad_norm': 4.595859050750732, 'learning_rate': 9.507042253521127e-06, 'epoch': 0.56}
{'loss': 1.0272, 'grad_norm': 5.7423176765441895, 'learning_rate': 9.483568075117371e-06, 'epoch': 0.56}
{'loss': 1.1555, 'grad_norm': 3.5417966842651367, 'learning_rate': 9.460093896713615e-06, 'epoch': 0.56}
{'loss': 0.9532, 'grad_norm': 2.8887133598327637, 'learning_rate': 9.43661971830986e-06, 'epoch': 0.56}
{'loss': 1.038, 'grad_norm': 3.494983196258545, 'learning_rate': 9.413145539906105e-06, 'epoch': 0.56}
{'loss': 1.2334, 'grad_norm': 3.291759967803955, 'learning_rate': 9.389671361502349e-06, 'epoch': 0.56}
{'loss': 0.8923, 'grad_norm': 6.367948532104492, 'learning_rate': 9.366197183098593e-06, 'epoch': 0.56}
{'loss': 0.8677, 'grad_norm': 6.316498756408691, 'learning_rate': 9.342723004694837e-06, 'epoch': 0.57}
{'loss': 1.2449, 'grad_norm': 9.696075439453125, 'learning_rate': 9.31924882629108e-06, 'epoch': 0.57}
{'loss': 1.2355, 'grad_norm': 6.078395366668701, 'learning_rate': 9.295774647887325e-06, 'epoch': 0.57}
{'loss': 0.974, 'grad_norm': 6.842390537261963, 'learning_rate': 9.272300469483569e-06, 'epoch': 0.57}
{'loss': 0.9389, 'grad_norm': 3.527371406555176, 'learning_rate': 9.248826291079813e-06, 'epoch': 0.57}
{'loss': 0.9636, 'grad_norm': 3.1109087467193604, 'learning_rate': 9.225352112676057e-06, 'epoch': 0.57}
{'loss': 1.1114, 'grad_norm': 2.8049540519714355, 'learning_rate': 9.2018779342723e-06, 'epoch': 0.57}
{'loss': 1.1257, 'grad_norm': 5.445448875427246, 'learning_rate': 9.178403755868546e-06, 'epoch': 0.57}
{'loss': 1.1085, 'grad_norm': 3.352113962173462, 'learning_rate': 9.15492957746479e-06, 'epoch': 0.58}
{'loss': 0.8557, 'grad_norm': 4.038436412811279, 'learning_rate': 9.131455399061034e-06, 'epoch': 0.58}
{'loss': 0.7447, 'grad_norm': 5.487368583679199, 'learning_rate': 9.107981220657278e-06, 'epoch': 0.58}
{'loss': 0.973, 'grad_norm': 2.8058271408081055, 'learning_rate': 9.084507042253522e-06, 'epoch': 0.58}
{'loss': 0.9105, 'grad_norm': 2.776198387145996, 'learning_rate': 9.061032863849766e-06, 'epoch': 0.58}
{'loss': 0.8513, 'grad_norm': 6.862133026123047, 'learning_rate': 9.03755868544601e-06, 'epoch': 0.58}
{'loss': 0.8634, 'grad_norm': 5.139709949493408, 'learning_rate': 9.014084507042254e-06, 'epoch': 0.58}
{'loss': 0.9853, 'grad_norm': 5.408540725708008, 'learning_rate': 8.990610328638498e-06, 'epoch': 0.58}
{'loss': 0.9804, 'grad_norm': 2.945772886276245, 'learning_rate': 8.967136150234742e-06, 'epoch': 0.59}
{'loss': 1.1545, 'grad_norm': 5.798135280609131, 'learning_rate': 8.943661971830987e-06, 'epoch': 0.59}
{'loss': 1.0105, 'grad_norm': 6.374274253845215, 'learning_rate': 8.920187793427231e-06, 'epoch': 0.59}
                                                 

                                                 

                                                 

                                                 

                                                 

                                                 

                                                 

                                                 

                                                 

                                                 

                                                 

                                                 

                                                 

                                                 

                                                 

                                                 

                                                 

                                                 

                                                 

                                                 

                                                 

                                                 

{'loss': 0.9448, 'grad_norm': 5.436227321624756, 'learning_rate': 8.896713615023475e-06, 'epoch': 0.59}
{'loss': 0.8934, 'grad_norm': 4.155122756958008, 'learning_rate': 8.87323943661972e-06, 'epoch': 0.59}
{'loss': 1.0284, 'grad_norm': 2.315516233444214, 'learning_rate': 8.849765258215963e-06, 'epoch': 0.59}
{'loss': 1.2543, 'grad_norm': 2.903977870941162, 'learning_rate': 8.826291079812207e-06, 'epoch': 0.59}
{'loss': 0.8202, 'grad_norm': 8.12211799621582, 'learning_rate': 8.802816901408451e-06, 'epoch': 0.59}
{'loss': 0.8272, 'grad_norm': 2.7490739822387695, 'learning_rate': 8.779342723004695e-06, 'epoch': 0.59}
{'loss': 0.9497, 'grad_norm': 3.6745054721832275, 'learning_rate': 8.755868544600939e-06, 'epoch': 0.6}
{'loss': 1.2649, 'grad_norm': 6.8365373611450195, 'learning_rate': 8.732394366197183e-06, 'epoch': 0.6}
{'loss': 1.0386, 'grad_norm': 6.321374893188477, 'learning_rate': 8.708920187793429e-06, 'epoch': 0.6}
{'loss': 1.0261, 'grad_norm': 5.142980575561523, 'learning_rate': 8.685446009389673e-06, 'epoch': 0.6}
{'loss': 0.9924, 'grad_norm': 4.252047538757324, 'learning_rate': 8.661971830985915e-06, 'epoch': 0.6}
{'loss': 0.9169, 'grad_norm': 5.590738773345947, 'learning_rate': 8.63849765258216e-06, 'epoch': 0.6}
{'loss': 1.0724, 'grad_norm': 4.82493257522583, 'learning_rate': 8.615023474178405e-06, 'epoch': 0.6}
{'loss': 0.9855, 'grad_norm': 8.866514205932617, 'learning_rate': 8.591549295774648e-06, 'epoch': 0.6}
{'loss': 1.1112, 'grad_norm': 2.657721757888794, 'learning_rate': 8.568075117370892e-06, 'epoch': 0.61}
{'loss': 1.2058, 'grad_norm': 2.1169650554656982, 'learning_rate': 8.544600938967136e-06, 'epoch': 0.61}
{'loss': 0.871, 'grad_norm': 2.797274112701416, 'learning_rate': 8.52112676056338e-06, 'epoch': 0.61}
{'loss': 1.0093, 'grad_norm': 3.524916410446167, 'learning_rate': 8.497652582159626e-06, 'epoch': 0.61}
{'loss': 1.3263, 'grad_norm': 4.994923114776611, 'learning_rate': 8.47417840375587e-06, 'epoch': 0.61}
{'loss': 0.9123, 'grad_norm': 3.485259532928467, 'learning_rate': 8.450704225352114e-06, 'epoch': 0.61}
{'loss': 1.0177, 'grad_norm': 4.278518199920654, 'learning_rate': 8.427230046948356e-06, 'epoch': 0.61}
{'loss': 1.1493, 'grad_norm': 6.231149673461914, 'learning_rate': 8.403755868544602e-06, 'epoch': 0.61}

































                                               
[A
                                                 



                                               [A
                                                 

                                                 

                                                 

                                                 

                                                 

                                                 

                                                 

                                                 

                                                 

                                                 

                                                 

                                                 

                                                 

                                                 

                                                 

                                                 

                                                 

                                                 

                                                 

                                                 

                                                 

                                                 

                                                 

                                                 

                                                 

                                                 

                                                 

                                                 

                                                 

                                                 

                                                 

                                                 

                                                 

                                                 

                                                 

                                                 

                                                 

                                                 

                                                 

                                                 

                                                 

                                                 

                                                 

                                                 

                                                 

                                                 

                                                 

                                                 

                                                 

                                                 

                                                 

                                                 

                                                 

                                                 

                                                 

                                                 

                                                 

                                                 

                                                 

                                                 

                                                 

                                                 

                                                 

                                                 

                                                 

                                                 

                                                 

                                                 

                                                 

                                                 

                                                 

                                                 

                                                 

                                                 

                                                 

                                                 

                                                 

                                                 
{'eval_loss': 0.9050936698913574, 'eval_runtime': 9.6828, 'eval_samples_per_second': 13.219, 'eval_steps_per_second': 3.305, 'epoch': 0.61}
{'loss': 1.0097, 'grad_norm': 2.8264195919036865, 'learning_rate': 8.380281690140846e-06, 'epoch': 0.62}
{'loss': 0.8779, 'grad_norm': 6.141323089599609, 'learning_rate': 8.35680751173709e-06, 'epoch': 0.62}
{'loss': 0.9732, 'grad_norm': 4.134983062744141, 'learning_rate': 8.333333333333334e-06, 'epoch': 0.62}
{'loss': 1.0511, 'grad_norm': 8.271465301513672, 'learning_rate': 8.309859154929578e-06, 'epoch': 0.62}
{'loss': 1.0573, 'grad_norm': 7.646185874938965, 'learning_rate': 8.286384976525822e-06, 'epoch': 0.62}
{'loss': 1.1886, 'grad_norm': 5.813545227050781, 'learning_rate': 8.262910798122067e-06, 'epoch': 0.62}
{'loss': 1.1213, 'grad_norm': 3.2570509910583496, 'learning_rate': 8.239436619718311e-06, 'epoch': 0.62}
{'loss': 1.1429, 'grad_norm': 3.0495290756225586, 'learning_rate': 8.215962441314555e-06, 'epoch': 0.62}
{'loss': 1.0253, 'grad_norm': 2.7439687252044678, 'learning_rate': 8.192488262910797e-06, 'epoch': 0.63}
{'loss': 1.1992, 'grad_norm': 8.80671501159668, 'learning_rate': 8.169014084507043e-06, 'epoch': 0.63}
{'loss': 1.0017, 'grad_norm': 4.055768013000488, 'learning_rate': 8.145539906103287e-06, 'epoch': 0.63}
{'loss': 0.9581, 'grad_norm': 5.790531158447266, 'learning_rate': 8.122065727699531e-06, 'epoch': 0.63}
{'loss': 1.1146, 'grad_norm': 3.435045003890991, 'learning_rate': 8.098591549295775e-06, 'epoch': 0.63}
{'loss': 0.9001, 'grad_norm': 3.661525011062622, 'learning_rate': 8.075117370892019e-06, 'epoch': 0.63}
{'loss': 0.946, 'grad_norm': 4.335377216339111, 'learning_rate': 8.051643192488263e-06, 'epoch': 0.63}
{'loss': 0.9377, 'grad_norm': 4.007737159729004, 'learning_rate': 8.028169014084509e-06, 'epoch': 0.63}
{'loss': 0.9923, 'grad_norm': 6.091378688812256, 'learning_rate': 8.004694835680753e-06, 'epoch': 0.64}
{'loss': 0.9348, 'grad_norm': 3.555455207824707, 'learning_rate': 7.981220657276996e-06, 'epoch': 0.64}
{'loss': 1.1286, 'grad_norm': 6.453278064727783, 'learning_rate': 7.95774647887324e-06, 'epoch': 0.64}
{'loss': 1.0703, 'grad_norm': 6.373661041259766, 'learning_rate': 7.934272300469484e-06, 'epoch': 0.64}
{'loss': 1.1305, 'grad_norm': 8.428858757019043, 'learning_rate': 7.910798122065728e-06, 'epoch': 0.64}
{'loss': 1.0833, 'grad_norm': 2.6289803981781006, 'learning_rate': 7.887323943661972e-06, 'epoch': 0.64}
{'loss': 0.9216, 'grad_norm': 3.559540033340454, 'learning_rate': 7.863849765258216e-06, 'epoch': 0.64}
{'loss': 1.0147, 'grad_norm': 4.686397552490234, 'learning_rate': 7.84037558685446e-06, 'epoch': 0.64}
{'loss': 0.9298, 'grad_norm': 6.194430828094482, 'learning_rate': 7.816901408450704e-06, 'epoch': 0.65}
{'loss': 1.1733, 'grad_norm': 8.65229606628418, 'learning_rate': 7.79342723004695e-06, 'epoch': 0.65}
{'loss': 0.9572, 'grad_norm': 5.375070571899414, 'learning_rate': 7.769953051643194e-06, 'epoch': 0.65}
{'loss': 0.8032, 'grad_norm': 4.309125900268555, 'learning_rate': 7.746478873239436e-06, 'epoch': 0.65}
{'loss': 1.1212, 'grad_norm': 4.868139743804932, 'learning_rate': 7.723004694835682e-06, 'epoch': 0.65}
{'loss': 1.081, 'grad_norm': 6.6157684326171875, 'learning_rate': 7.699530516431926e-06, 'epoch': 0.65}
{'loss': 1.0031, 'grad_norm': 3.810471773147583, 'learning_rate': 7.67605633802817e-06, 'epoch': 0.65}
{'loss': 0.9929, 'grad_norm': 7.978782653808594, 'learning_rate': 7.652582159624414e-06, 'epoch': 0.65}
{'loss': 0.9672, 'grad_norm': 3.784848690032959, 'learning_rate': 7.629107981220658e-06, 'epoch': 0.66}
{'loss': 1.1596, 'grad_norm': 6.433605670928955, 'learning_rate': 7.6056338028169015e-06, 'epoch': 0.66}
{'loss': 0.833, 'grad_norm': 5.584494113922119, 'learning_rate': 7.5821596244131455e-06, 'epoch': 0.66}
{'loss': 1.0063, 'grad_norm': 3.7122888565063477, 'learning_rate': 7.55868544600939e-06, 'epoch': 0.66}
{'loss': 1.0278, 'grad_norm': 3.872288227081299, 'learning_rate': 7.535211267605634e-06, 'epoch': 0.66}
{'loss': 0.8161, 'grad_norm': 3.6940207481384277, 'learning_rate': 7.511737089201878e-06, 'epoch': 0.66}
{'loss': 1.0599, 'grad_norm': 5.05065393447876, 'learning_rate': 7.488262910798123e-06, 'epoch': 0.66}
{'loss': 1.0378, 'grad_norm': 3.5044450759887695, 'learning_rate': 7.464788732394367e-06, 'epoch': 0.66}
{'loss': 1.1818, 'grad_norm': 14.926223754882812, 'learning_rate': 7.441314553990611e-06, 'epoch': 0.67}
{'loss': 0.9167, 'grad_norm': 5.201125144958496, 'learning_rate': 7.417840375586856e-06, 'epoch': 0.67}
{'loss': 0.9135, 'grad_norm': 2.8291847705841064, 'learning_rate': 7.3943661971831e-06, 'epoch': 0.67}
{'loss': 0.9338, 'grad_norm': 2.747382879257202, 'learning_rate': 7.370892018779343e-06, 'epoch': 0.67}
{'loss': 1.089, 'grad_norm': 4.95765495300293, 'learning_rate': 7.347417840375587e-06, 'epoch': 0.67}
{'loss': 0.9962, 'grad_norm': 5.8081440925598145, 'learning_rate': 7.3239436619718316e-06, 'epoch': 0.67}
{'loss': 0.9522, 'grad_norm': 5.838112831115723, 'learning_rate': 7.3004694835680755e-06, 'epoch': 0.67}
{'loss': 0.975, 'grad_norm': 3.600466251373291, 'learning_rate': 7.2769953051643195e-06, 'epoch': 0.67}
{'loss': 1.0705, 'grad_norm': 5.658476829528809, 'learning_rate': 7.253521126760564e-06, 'epoch': 0.67}
{'loss': 0.8782, 'grad_norm': 5.8121185302734375, 'learning_rate': 7.230046948356808e-06, 'epoch': 0.68}
{'loss': 0.9526, 'grad_norm': 2.365675449371338, 'learning_rate': 7.206572769953052e-06, 'epoch': 0.68}
{'loss': 0.8996, 'grad_norm': 2.699296474456787, 'learning_rate': 7.183098591549297e-06, 'epoch': 0.68}
{'loss': 0.8796, 'grad_norm': 4.335699558258057, 'learning_rate': 7.159624413145541e-06, 'epoch': 0.68}
{'loss': 1.0477, 'grad_norm': 4.697128772735596, 'learning_rate': 7.136150234741784e-06, 'epoch': 0.68}
{'loss': 0.9779, 'grad_norm': 4.574451446533203, 'learning_rate': 7.112676056338029e-06, 'epoch': 0.68}
{'loss': 0.9736, 'grad_norm': 3.8909690380096436, 'learning_rate': 7.089201877934273e-06, 'epoch': 0.68}
{'loss': 1.0373, 'grad_norm': 2.7658517360687256, 'learning_rate': 7.065727699530517e-06, 'epoch': 0.68}
{'loss': 0.8525, 'grad_norm': 3.6199586391448975, 'learning_rate': 7.042253521126761e-06, 'epoch': 0.69}
{'loss': 0.9443, 'grad_norm': 7.719658851623535, 'learning_rate': 7.0187793427230056e-06, 'epoch': 0.69}
{'loss': 1.0071, 'grad_norm': 4.810919761657715, 'learning_rate': 6.9953051643192495e-06, 'epoch': 0.69}
{'loss': 0.7889, 'grad_norm': 3.0843043327331543, 'learning_rate': 6.9718309859154935e-06, 'epoch': 0.69}
{'loss': 0.8632, 'grad_norm': 3.00104022026062, 'learning_rate': 6.948356807511738e-06, 'epoch': 0.69}
{'loss': 0.976, 'grad_norm': 7.3762054443359375, 'learning_rate': 6.924882629107981e-06, 'epoch': 0.69}
{'loss': 0.9793, 'grad_norm': 2.32090425491333, 'learning_rate': 6.901408450704225e-06, 'epoch': 0.69}
{'loss': 1.0286, 'grad_norm': 4.611200332641602, 'learning_rate': 6.87793427230047e-06, 'epoch': 0.69}
{'loss': 0.9904, 'grad_norm': 3.4433951377868652, 'learning_rate': 6.854460093896714e-06, 'epoch': 0.7}
{'loss': 1.2356, 'grad_norm': 7.923541069030762, 'learning_rate': 6.830985915492958e-06, 'epoch': 0.7}
{'loss': 1.0319, 'grad_norm': 5.716166019439697, 'learning_rate': 6.807511737089203e-06, 'epoch': 0.7}
{'loss': 1.2507, 'grad_norm': 2.7292394638061523, 'learning_rate': 6.784037558685447e-06, 'epoch': 0.7}
{'loss': 1.1329, 'grad_norm': 2.4655721187591553, 'learning_rate': 6.760563380281691e-06, 'epoch': 0.7}
{'loss': 0.9493, 'grad_norm': 4.038360595703125, 'learning_rate': 6.737089201877935e-06, 'epoch': 0.7}
{'loss': 1.0878, 'grad_norm': 3.200711727142334, 'learning_rate': 6.71361502347418e-06, 'epoch': 0.7}
{'loss': 1.1246, 'grad_norm': 4.070316791534424, 'learning_rate': 6.690140845070423e-06, 'epoch': 0.7}
{'loss': 1.1181, 'grad_norm': 3.699589252471924, 'learning_rate': 6.666666666666667e-06, 'epoch': 0.71}
{'loss': 1.1771, 'grad_norm': 4.120248317718506, 'learning_rate': 6.6431924882629115e-06, 'epoch': 0.71}
{'loss': 1.0802, 'grad_norm': 3.1457533836364746, 'learning_rate': 6.619718309859155e-06, 'epoch': 0.71}
{'loss': 1.0235, 'grad_norm': 5.203784942626953, 'learning_rate': 6.596244131455399e-06, 'epoch': 0.71}
{'loss': 1.0172, 'grad_norm': 1.8690766096115112, 'learning_rate': 6.572769953051644e-06, 'epoch': 0.71}
                                                 

                                                 

                                                 

                                                 

                                                 

                                                 

                                                 

                                                 

                                                 

                                                 

                                                 

                                                 

                                                 

                                                 

                                                 

                                                 

                                                 

                                                 

                                                 

                                                 

                                                 

                                                 

{'loss': 1.1803, 'grad_norm': 8.060836791992188, 'learning_rate': 6.549295774647888e-06, 'epoch': 0.71}
{'loss': 0.9546, 'grad_norm': 9.336211204528809, 'learning_rate': 6.525821596244132e-06, 'epoch': 0.71}
{'loss': 0.9635, 'grad_norm': 3.8416566848754883, 'learning_rate': 6.502347417840375e-06, 'epoch': 0.71}
{'loss': 1.1899, 'grad_norm': 7.332860469818115, 'learning_rate': 6.478873239436621e-06, 'epoch': 0.72}
{'loss': 0.849, 'grad_norm': 6.55103063583374, 'learning_rate': 6.455399061032864e-06, 'epoch': 0.72}
{'loss': 1.1692, 'grad_norm': 9.488166809082031, 'learning_rate': 6.431924882629108e-06, 'epoch': 0.72}
{'loss': 0.848, 'grad_norm': 5.149163722991943, 'learning_rate': 6.408450704225353e-06, 'epoch': 0.72}
{'loss': 1.1162, 'grad_norm': 6.173311710357666, 'learning_rate': 6.384976525821597e-06, 'epoch': 0.72}
{'loss': 0.9886, 'grad_norm': 5.66242790222168, 'learning_rate': 6.361502347417841e-06, 'epoch': 0.72}
{'loss': 1.1772, 'grad_norm': 3.7773056030273438, 'learning_rate': 6.3380281690140855e-06, 'epoch': 0.72}
{'loss': 1.1502, 'grad_norm': 4.154336452484131, 'learning_rate': 6.314553990610329e-06, 'epoch': 0.72}
{'loss': 0.9398, 'grad_norm': 4.148827075958252, 'learning_rate': 6.291079812206573e-06, 'epoch': 0.73}
{'loss': 1.1287, 'grad_norm': 3.5664775371551514, 'learning_rate': 6.267605633802818e-06, 'epoch': 0.73}
{'loss': 1.3118, 'grad_norm': 5.813124656677246, 'learning_rate': 6.244131455399062e-06, 'epoch': 0.73}
{'loss': 0.9478, 'grad_norm': 3.3418056964874268, 'learning_rate': 6.220657276995305e-06, 'epoch': 0.73}
{'loss': 1.0509, 'grad_norm': 4.535569667816162, 'learning_rate': 6.197183098591549e-06, 'epoch': 0.73}
{'loss': 1.1916, 'grad_norm': 5.600847244262695, 'learning_rate': 6.173708920187794e-06, 'epoch': 0.73}
{'loss': 0.9691, 'grad_norm': 6.021210193634033, 'learning_rate': 6.150234741784038e-06, 'epoch': 0.73}
{'loss': 0.9179, 'grad_norm': 3.096020460128784, 'learning_rate': 6.126760563380282e-06, 'epoch': 0.73}
{'loss': 1.1551, 'grad_norm': 3.4974324703216553, 'learning_rate': 6.103286384976527e-06, 'epoch': 0.74}
{'loss': 1.012, 'grad_norm': 4.9553656578063965, 'learning_rate': 6.079812206572771e-06, 'epoch': 0.74}
{'loss': 1.1279, 'grad_norm': 6.076920986175537, 'learning_rate': 6.056338028169015e-06, 'epoch': 0.74}

































                                               
[A
                                                 



                                               [A
                                                 

                                                 

                                                 

                                                 

                                                 

                                                 

                                                 

                                                 

                                                 

                                                 

                                                 

                                                 

                                                 

                                                 

                                                 

                                                 

                                                 

                                                 

                                                 

                                                 

                                                 

                                                 

                                                 

                                                 

                                                 

                                                 

                                                 

                                                 

                                                 

                                                 

                                                 

                                                 

                                                 

                                                 

                                                 

                                                 

                                                 

                                                 

                                                 

                                                 

                                                 

                                                 

                                                 

                                                 

                                                 

                                                 

                                                 

                                                 

                                                 

                                                 

                                                 

                                                 

                                                 

                                                 

                                                 

                                                 

                                                 

                                                 

                                                 

                                                 

                                                 

                                                 

                                                 

                                                 

                                                 

                                                 

                                                 

                                                 

                                                 

                                                 

                                                 

                                                 

                                                 

                                                 

                                                 

                                                 

                                                 

                                                 
{'eval_loss': 0.9039509296417236, 'eval_runtime': 9.6585, 'eval_samples_per_second': 13.253, 'eval_steps_per_second': 3.313, 'epoch': 0.74}
{'loss': 0.992, 'grad_norm': 2.5726375579833984, 'learning_rate': 6.0328638497652595e-06, 'epoch': 0.74}
{'loss': 0.9188, 'grad_norm': 2.5371110439300537, 'learning_rate': 6.0093896713615026e-06, 'epoch': 0.74}
{'loss': 0.906, 'grad_norm': 3.972276449203491, 'learning_rate': 5.9859154929577465e-06, 'epoch': 0.74}
{'loss': 0.9392, 'grad_norm': 6.8396992683410645, 'learning_rate': 5.9624413145539905e-06, 'epoch': 0.74}
{'loss': 1.2085, 'grad_norm': 12.49702262878418, 'learning_rate': 5.938967136150235e-06, 'epoch': 0.74}
{'loss': 0.9476, 'grad_norm': 3.9725182056427, 'learning_rate': 5.915492957746479e-06, 'epoch': 0.74}
{'loss': 1.2102, 'grad_norm': 3.683961868286133, 'learning_rate': 5.892018779342723e-06, 'epoch': 0.75}
{'loss': 0.9265, 'grad_norm': 4.861183166503906, 'learning_rate': 5.868544600938968e-06, 'epoch': 0.75}
{'loss': 0.8923, 'grad_norm': 3.069920063018799, 'learning_rate': 5.845070422535212e-06, 'epoch': 0.75}
{'loss': 1.053, 'grad_norm': 7.732290744781494, 'learning_rate': 5.821596244131456e-06, 'epoch': 0.75}
{'loss': 1.038, 'grad_norm': 2.9974114894866943, 'learning_rate': 5.798122065727701e-06, 'epoch': 0.75}
{'loss': 1.2018, 'grad_norm': 7.592228412628174, 'learning_rate': 5.774647887323944e-06, 'epoch': 0.75}
{'loss': 1.2423, 'grad_norm': 4.946747303009033, 'learning_rate': 5.751173708920188e-06, 'epoch': 0.75}
{'loss': 1.1929, 'grad_norm': 6.802643775939941, 'learning_rate': 5.727699530516433e-06, 'epoch': 0.75}
{'loss': 1.0652, 'grad_norm': 4.82788610458374, 'learning_rate': 5.7042253521126766e-06, 'epoch': 0.76}
{'loss': 0.8326, 'grad_norm': 3.517784833908081, 'learning_rate': 5.6807511737089205e-06, 'epoch': 0.76}
{'loss': 1.1511, 'grad_norm': 5.9622602462768555, 'learning_rate': 5.6572769953051645e-06, 'epoch': 0.76}
{'loss': 1.2271, 'grad_norm': 2.386972427368164, 'learning_rate': 5.633802816901409e-06, 'epoch': 0.76}
{'loss': 0.8254, 'grad_norm': 3.7401211261749268, 'learning_rate': 5.610328638497653e-06, 'epoch': 0.76}
{'loss': 0.9887, 'grad_norm': 4.28216552734375, 'learning_rate': 5.586854460093896e-06, 'epoch': 0.76}
{'loss': 0.9136, 'grad_norm': 4.211164951324463, 'learning_rate': 5.563380281690142e-06, 'epoch': 0.76}
{'loss': 1.0896, 'grad_norm': 5.751766204833984, 'learning_rate': 5.539906103286385e-06, 'epoch': 0.76}
{'loss': 1.1528, 'grad_norm': 6.349462509155273, 'learning_rate': 5.516431924882629e-06, 'epoch': 0.77}
{'loss': 0.905, 'grad_norm': 3.565112590789795, 'learning_rate': 5.492957746478874e-06, 'epoch': 0.77}
{'loss': 1.0451, 'grad_norm': 6.983155250549316, 'learning_rate': 5.469483568075118e-06, 'epoch': 0.77}
{'loss': 1.0474, 'grad_norm': 2.8945844173431396, 'learning_rate': 5.446009389671362e-06, 'epoch': 0.77}
{'loss': 0.9905, 'grad_norm': 7.808344841003418, 'learning_rate': 5.422535211267607e-06, 'epoch': 0.77}
{'loss': 0.8913, 'grad_norm': 4.836325168609619, 'learning_rate': 5.3990610328638506e-06, 'epoch': 0.77}
{'loss': 1.1785, 'grad_norm': 3.941159248352051, 'learning_rate': 5.3755868544600945e-06, 'epoch': 0.77}
{'loss': 0.9175, 'grad_norm': 3.5878865718841553, 'learning_rate': 5.352112676056338e-06, 'epoch': 0.77}
{'loss': 0.9761, 'grad_norm': 3.489896297454834, 'learning_rate': 5.328638497652583e-06, 'epoch': 0.78}
{'loss': 1.2463, 'grad_norm': 7.015525817871094, 'learning_rate': 5.305164319248826e-06, 'epoch': 0.78}
{'loss': 1.1011, 'grad_norm': 3.8410379886627197, 'learning_rate': 5.28169014084507e-06, 'epoch': 0.78}
{'loss': 1.2599, 'grad_norm': 5.787271022796631, 'learning_rate': 5.258215962441315e-06, 'epoch': 0.78}
{'loss': 1.1851, 'grad_norm': 3.829437255859375, 'learning_rate': 5.234741784037559e-06, 'epoch': 0.78}
{'loss': 1.0917, 'grad_norm': 8.290196418762207, 'learning_rate': 5.211267605633803e-06, 'epoch': 0.78}
{'loss': 1.1525, 'grad_norm': 3.5867908000946045, 'learning_rate': 5.187793427230048e-06, 'epoch': 0.78}
{'loss': 1.0024, 'grad_norm': 4.37656831741333, 'learning_rate': 5.164319248826292e-06, 'epoch': 0.78}
{'loss': 0.9765, 'grad_norm': 7.691487789154053, 'learning_rate': 5.140845070422536e-06, 'epoch': 0.79}
{'loss': 1.2034, 'grad_norm': 2.8389334678649902, 'learning_rate': 5.117370892018779e-06, 'epoch': 0.79}
{'loss': 0.8426, 'grad_norm': 3.4360554218292236, 'learning_rate': 5.093896713615024e-06, 'epoch': 0.79}
{'loss': 1.266, 'grad_norm': 6.818591117858887, 'learning_rate': 5.070422535211268e-06, 'epoch': 0.79}
{'loss': 1.0791, 'grad_norm': 4.606769561767578, 'learning_rate': 5.046948356807512e-06, 'epoch': 0.79}
{'loss': 1.1622, 'grad_norm': 5.485147953033447, 'learning_rate': 5.0234741784037565e-06, 'epoch': 0.79}
{'loss': 1.0706, 'grad_norm': 5.344686031341553, 'learning_rate': 5e-06, 'epoch': 0.79}
{'loss': 0.9475, 'grad_norm': 3.916043281555176, 'learning_rate': 4.976525821596244e-06, 'epoch': 0.79}
{'loss': 1.2159, 'grad_norm': 7.076180458068848, 'learning_rate': 4.953051643192488e-06, 'epoch': 0.8}
{'loss': 1.136, 'grad_norm': 6.206268310546875, 'learning_rate': 4.929577464788733e-06, 'epoch': 0.8}
{'loss': 1.1318, 'grad_norm': 7.855686187744141, 'learning_rate': 4.906103286384977e-06, 'epoch': 0.8}
{'loss': 1.1088, 'grad_norm': 5.270233154296875, 'learning_rate': 4.882629107981221e-06, 'epoch': 0.8}
{'loss': 0.7735, 'grad_norm': 2.868384838104248, 'learning_rate': 4.859154929577465e-06, 'epoch': 0.8}
{'loss': 1.2708, 'grad_norm': 4.8896565437316895, 'learning_rate': 4.835680751173709e-06, 'epoch': 0.8}
{'loss': 1.1819, 'grad_norm': 7.540590286254883, 'learning_rate': 4.812206572769954e-06, 'epoch': 0.8}
{'loss': 1.0856, 'grad_norm': 3.2195208072662354, 'learning_rate': 4.788732394366197e-06, 'epoch': 0.8}
{'loss': 0.9777, 'grad_norm': 2.475064516067505, 'learning_rate': 4.765258215962442e-06, 'epoch': 0.81}
{'loss': 0.9108, 'grad_norm': 5.54226016998291, 'learning_rate': 4.741784037558686e-06, 'epoch': 0.81}
{'loss': 1.0349, 'grad_norm': 2.3708035945892334, 'learning_rate': 4.71830985915493e-06, 'epoch': 0.81}
{'loss': 1.1778, 'grad_norm': 6.947981834411621, 'learning_rate': 4.694835680751174e-06, 'epoch': 0.81}
{'loss': 1.1731, 'grad_norm': 5.0655059814453125, 'learning_rate': 4.671361502347418e-06, 'epoch': 0.81}
{'loss': 1.1369, 'grad_norm': 3.4128549098968506, 'learning_rate': 4.647887323943662e-06, 'epoch': 0.81}
{'loss': 0.8049, 'grad_norm': 8.397229194641113, 'learning_rate': 4.624413145539906e-06, 'epoch': 0.81}
{'loss': 1.1256, 'grad_norm': 11.147072792053223, 'learning_rate': 4.60093896713615e-06, 'epoch': 0.81}
{'loss': 1.0823, 'grad_norm': 6.352298259735107, 'learning_rate': 4.577464788732395e-06, 'epoch': 0.81}
{'loss': 1.0891, 'grad_norm': 3.252544641494751, 'learning_rate': 4.553990610328639e-06, 'epoch': 0.82}
{'loss': 1.0164, 'grad_norm': 7.0680623054504395, 'learning_rate': 4.530516431924883e-06, 'epoch': 0.82}
{'loss': 0.8571, 'grad_norm': 3.312744379043579, 'learning_rate': 4.507042253521127e-06, 'epoch': 0.82}
{'loss': 1.3597, 'grad_norm': 10.579855918884277, 'learning_rate': 4.483568075117371e-06, 'epoch': 0.82}
{'loss': 0.9574, 'grad_norm': 3.497196674346924, 'learning_rate': 4.460093896713616e-06, 'epoch': 0.82}
{'loss': 1.0327, 'grad_norm': 6.720920085906982, 'learning_rate': 4.43661971830986e-06, 'epoch': 0.82}
{'loss': 0.9646, 'grad_norm': 6.3301215171813965, 'learning_rate': 4.413145539906104e-06, 'epoch': 0.82}
{'loss': 1.1164, 'grad_norm': 12.116789817810059, 'learning_rate': 4.3896713615023476e-06, 'epoch': 0.82}
{'loss': 0.8166, 'grad_norm': 4.11745548248291, 'learning_rate': 4.3661971830985915e-06, 'epoch': 0.83}
{'loss': 0.7918, 'grad_norm': 4.928327560424805, 'learning_rate': 4.342723004694836e-06, 'epoch': 0.83}
{'loss': 1.0156, 'grad_norm': 7.194878578186035, 'learning_rate': 4.31924882629108e-06, 'epoch': 0.83}
{'loss': 0.8513, 'grad_norm': 7.493969440460205, 'learning_rate': 4.295774647887324e-06, 'epoch': 0.83}
{'loss': 1.2226, 'grad_norm': 3.96529221534729, 'learning_rate': 4.272300469483568e-06, 'epoch': 0.83}
{'loss': 0.9478, 'grad_norm': 3.727558135986328, 'learning_rate': 4.248826291079813e-06, 'epoch': 0.83}
{'loss': 1.0753, 'grad_norm': 6.569119930267334, 'learning_rate': 4.225352112676057e-06, 'epoch': 0.83}
                                                 

                                                 

                                                 

                                                 

                                                 

                                                 

                                                 

                                                 

                                                 

                                                 

                                                 

                                                 

                                                 

                                                 

                                                 

                                                 

                                                 

                                                 

                                                 

                                                 

                                                 

                                                 

{'loss': 1.1534, 'grad_norm': 3.6218228340148926, 'learning_rate': 4.201877934272301e-06, 'epoch': 0.83}
{'loss': 1.082, 'grad_norm': 2.9913880825042725, 'learning_rate': 4.178403755868545e-06, 'epoch': 0.84}
{'loss': 0.8274, 'grad_norm': 2.2812466621398926, 'learning_rate': 4.154929577464789e-06, 'epoch': 0.84}
{'loss': 1.1399, 'grad_norm': 4.830503463745117, 'learning_rate': 4.131455399061034e-06, 'epoch': 0.84}
{'loss': 1.0647, 'grad_norm': 4.5649638175964355, 'learning_rate': 4.107981220657278e-06, 'epoch': 0.84}
{'loss': 0.9793, 'grad_norm': 7.580885410308838, 'learning_rate': 4.0845070422535216e-06, 'epoch': 0.84}
{'loss': 1.0701, 'grad_norm': 2.4779584407806396, 'learning_rate': 4.0610328638497655e-06, 'epoch': 0.84}
{'loss': 0.9018, 'grad_norm': 7.334999084472656, 'learning_rate': 4.0375586854460095e-06, 'epoch': 0.84}
{'loss': 1.2662, 'grad_norm': 2.8566927909851074, 'learning_rate': 4.014084507042254e-06, 'epoch': 0.84}
{'loss': 0.9781, 'grad_norm': 6.438239574432373, 'learning_rate': 3.990610328638498e-06, 'epoch': 0.85}
{'loss': 0.9224, 'grad_norm': 2.003993272781372, 'learning_rate': 3.967136150234742e-06, 'epoch': 0.85}
{'loss': 0.9485, 'grad_norm': 7.6194748878479, 'learning_rate': 3.943661971830986e-06, 'epoch': 0.85}
{'loss': 1.0807, 'grad_norm': 7.114927768707275, 'learning_rate': 3.92018779342723e-06, 'epoch': 0.85}
{'loss': 1.0112, 'grad_norm': 4.6424760818481445, 'learning_rate': 3.896713615023475e-06, 'epoch': 0.85}
{'loss': 1.1632, 'grad_norm': 8.928403854370117, 'learning_rate': 3.873239436619718e-06, 'epoch': 0.85}
{'loss': 0.9736, 'grad_norm': 8.573158264160156, 'learning_rate': 3.849765258215963e-06, 'epoch': 0.85}
{'loss': 0.9518, 'grad_norm': 6.393148899078369, 'learning_rate': 3.826291079812207e-06, 'epoch': 0.85}
{'loss': 1.1384, 'grad_norm': 6.289912700653076, 'learning_rate': 3.8028169014084508e-06, 'epoch': 0.86}
{'loss': 1.0906, 'grad_norm': 5.024288654327393, 'learning_rate': 3.779342723004695e-06, 'epoch': 0.86}
{'loss': 1.172, 'grad_norm': 5.173099994659424, 'learning_rate': 3.755868544600939e-06, 'epoch': 0.86}
{'loss': 1.072, 'grad_norm': 6.605957984924316, 'learning_rate': 3.7323943661971835e-06, 'epoch': 0.86}
{'loss': 1.0841, 'grad_norm': 4.517332077026367, 'learning_rate': 3.708920187793428e-06, 'epoch': 0.86}

































                                               
[A
                                                 



                                               [A
                                                 

                                                 

                                                 

                                                 

                                                 

                                                 

                                                 

                                                 

                                                 

                                                 

                                                 

                                                 

                                                 

                                                 

                                                 

                                                 

                                                 

                                                 

                                                 

                                                 

                                                 

                                                 

                                                 

                                                 

                                                 

                                                 

                                                 

                                                 

                                                 

                                                 

                                                 

                                                 

                                                 

                                                 

                                                 

                                                 

                                                 

                                                 

                                                 

                                                 

                                                 

                                                 

                                                 

                                                 

                                                 

                                                 

                                                 

                                                 

                                                 

                                                 

                                                 

                                                 

                                                 

                                                 

                                                 

                                                 

                                                 

                                                 

                                                 

                                                 

                                                 

                                                 

                                                 

                                                 

                                                 

                                                 

                                                 

                                                 

                                                 

                                                 

                                                 

                                                 

                                                 

                                                 

                                                 

                                                 

                                                 
{'eval_loss': 0.9029811024665833, 'eval_runtime': 9.7348, 'eval_samples_per_second': 13.149, 'eval_steps_per_second': 3.287, 'epoch': 0.86}
{'loss': 0.8712, 'grad_norm': 5.983668327331543, 'learning_rate': 3.6854460093896714e-06, 'epoch': 0.86}
{'loss': 0.9429, 'grad_norm': 5.171716213226318, 'learning_rate': 3.6619718309859158e-06, 'epoch': 0.86}
{'loss': 0.8543, 'grad_norm': 2.894063711166382, 'learning_rate': 3.6384976525821597e-06, 'epoch': 0.86}
{'loss': 1.0675, 'grad_norm': 2.966757297515869, 'learning_rate': 3.615023474178404e-06, 'epoch': 0.87}
{'loss': 1.1514, 'grad_norm': 6.240365028381348, 'learning_rate': 3.5915492957746485e-06, 'epoch': 0.87}
{'loss': 1.1702, 'grad_norm': 3.387139081954956, 'learning_rate': 3.568075117370892e-06, 'epoch': 0.87}
{'loss': 1.1596, 'grad_norm': 5.176791667938232, 'learning_rate': 3.5446009389671364e-06, 'epoch': 0.87}
{'loss': 0.9251, 'grad_norm': 3.1254587173461914, 'learning_rate': 3.5211267605633804e-06, 'epoch': 0.87}
{'loss': 1.1171, 'grad_norm': 5.601367950439453, 'learning_rate': 3.4976525821596248e-06, 'epoch': 0.87}
{'loss': 1.0173, 'grad_norm': 5.286394119262695, 'learning_rate': 3.474178403755869e-06, 'epoch': 0.87}
{'loss': 1.3407, 'grad_norm': 7.690857887268066, 'learning_rate': 3.4507042253521127e-06, 'epoch': 0.87}
{'loss': 0.9486, 'grad_norm': 2.725903272628784, 'learning_rate': 3.427230046948357e-06, 'epoch': 0.88}
{'loss': 0.8545, 'grad_norm': 3.0235090255737305, 'learning_rate': 3.4037558685446014e-06, 'epoch': 0.88}
{'loss': 0.9154, 'grad_norm': 5.4058966636657715, 'learning_rate': 3.3802816901408454e-06, 'epoch': 0.88}
{'loss': 1.0007, 'grad_norm': 5.223588466644287, 'learning_rate': 3.35680751173709e-06, 'epoch': 0.88}
{'loss': 1.4033, 'grad_norm': 8.247817039489746, 'learning_rate': 3.3333333333333333e-06, 'epoch': 0.88}
{'loss': 0.7827, 'grad_norm': 3.745379686355591, 'learning_rate': 3.3098591549295777e-06, 'epoch': 0.88}
{'loss': 0.8698, 'grad_norm': 5.345895767211914, 'learning_rate': 3.286384976525822e-06, 'epoch': 0.88}
{'loss': 0.961, 'grad_norm': 5.506250858306885, 'learning_rate': 3.262910798122066e-06, 'epoch': 0.88}
{'loss': 0.9912, 'grad_norm': 3.7578670978546143, 'learning_rate': 3.2394366197183104e-06, 'epoch': 0.89}
{'loss': 0.9974, 'grad_norm': 3.166929006576538, 'learning_rate': 3.215962441314554e-06, 'epoch': 0.89}
{'loss': 1.0708, 'grad_norm': 16.497024536132812, 'learning_rate': 3.1924882629107983e-06, 'epoch': 0.89}
{'loss': 0.6897, 'grad_norm': 2.995631217956543, 'learning_rate': 3.1690140845070427e-06, 'epoch': 0.89}
{'loss': 1.1334, 'grad_norm': 4.756539821624756, 'learning_rate': 3.1455399061032867e-06, 'epoch': 0.89}
{'loss': 0.7704, 'grad_norm': 4.998241901397705, 'learning_rate': 3.122065727699531e-06, 'epoch': 0.89}
{'loss': 0.8406, 'grad_norm': 2.32136607170105, 'learning_rate': 3.0985915492957746e-06, 'epoch': 0.89}
{'loss': 0.9634, 'grad_norm': 5.053124904632568, 'learning_rate': 3.075117370892019e-06, 'epoch': 0.89}
{'loss': 1.1541, 'grad_norm': 5.262148380279541, 'learning_rate': 3.0516431924882634e-06, 'epoch': 0.89}
{'loss': 1.0837, 'grad_norm': 5.3991780281066895, 'learning_rate': 3.0281690140845073e-06, 'epoch': 0.9}
{'loss': 0.9868, 'grad_norm': 2.9988319873809814, 'learning_rate': 3.0046948356807513e-06, 'epoch': 0.9}
{'loss': 1.3029, 'grad_norm': 12.182107925415039, 'learning_rate': 2.9812206572769952e-06, 'epoch': 0.9}
{'loss': 1.0122, 'grad_norm': 3.908935785293579, 'learning_rate': 2.9577464788732396e-06, 'epoch': 0.9}
{'loss': 1.1648, 'grad_norm': 5.036404609680176, 'learning_rate': 2.934272300469484e-06, 'epoch': 0.9}
{'loss': 1.183, 'grad_norm': 4.6853437423706055, 'learning_rate': 2.910798122065728e-06, 'epoch': 0.9}
{'loss': 1.1069, 'grad_norm': 4.535504341125488, 'learning_rate': 2.887323943661972e-06, 'epoch': 0.9}
{'loss': 0.9567, 'grad_norm': 2.3411405086517334, 'learning_rate': 2.8638497652582163e-06, 'epoch': 0.9}
{'loss': 0.856, 'grad_norm': 2.2777304649353027, 'learning_rate': 2.8403755868544603e-06, 'epoch': 0.91}
{'loss': 1.0711, 'grad_norm': 2.543839454650879, 'learning_rate': 2.8169014084507046e-06, 'epoch': 0.91}
{'loss': 0.7697, 'grad_norm': 3.7392070293426514, 'learning_rate': 2.793427230046948e-06, 'epoch': 0.91}
{'loss': 1.0425, 'grad_norm': 8.548718452453613, 'learning_rate': 2.7699530516431926e-06, 'epoch': 0.91}
{'loss': 1.0029, 'grad_norm': 6.250571250915527, 'learning_rate': 2.746478873239437e-06, 'epoch': 0.91}
{'loss': 1.1677, 'grad_norm': 2.220825433731079, 'learning_rate': 2.723004694835681e-06, 'epoch': 0.91}
{'loss': 0.9245, 'grad_norm': 4.913836479187012, 'learning_rate': 2.6995305164319253e-06, 'epoch': 0.91}
{'loss': 0.9093, 'grad_norm': 4.700483798980713, 'learning_rate': 2.676056338028169e-06, 'epoch': 0.91}
{'loss': 1.0499, 'grad_norm': 2.9221343994140625, 'learning_rate': 2.652582159624413e-06, 'epoch': 0.92}
{'loss': 1.0536, 'grad_norm': 5.877472400665283, 'learning_rate': 2.6291079812206576e-06, 'epoch': 0.92}
{'loss': 1.0408, 'grad_norm': 2.7191474437713623, 'learning_rate': 2.6056338028169015e-06, 'epoch': 0.92}
{'loss': 0.9899, 'grad_norm': 2.605266809463501, 'learning_rate': 2.582159624413146e-06, 'epoch': 0.92}
{'loss': 1.0956, 'grad_norm': 5.771030902862549, 'learning_rate': 2.5586854460093895e-06, 'epoch': 0.92}
{'loss': 1.1049, 'grad_norm': 5.2599778175354, 'learning_rate': 2.535211267605634e-06, 'epoch': 0.92}
{'loss': 1.0258, 'grad_norm': 4.019307613372803, 'learning_rate': 2.5117370892018782e-06, 'epoch': 0.92}
{'loss': 1.0801, 'grad_norm': 10.362038612365723, 'learning_rate': 2.488262910798122e-06, 'epoch': 0.92}
{'loss': 1.1847, 'grad_norm': 7.416351318359375, 'learning_rate': 2.4647887323943666e-06, 'epoch': 0.93}
{'loss': 0.9863, 'grad_norm': 13.402530670166016, 'learning_rate': 2.4413145539906105e-06, 'epoch': 0.93}
{'loss': 0.9958, 'grad_norm': 3.261709213256836, 'learning_rate': 2.4178403755868545e-06, 'epoch': 0.93}
{'loss': 1.2466, 'grad_norm': 6.714148998260498, 'learning_rate': 2.3943661971830984e-06, 'epoch': 0.93}
{'loss': 1.1659, 'grad_norm': 4.122184753417969, 'learning_rate': 2.370892018779343e-06, 'epoch': 0.93}
{'loss': 1.0362, 'grad_norm': 6.914036273956299, 'learning_rate': 2.347417840375587e-06, 'epoch': 0.93}
{'loss': 0.9983, 'grad_norm': 2.5882010459899902, 'learning_rate': 2.323943661971831e-06, 'epoch': 0.93}
{'loss': 1.0636, 'grad_norm': 4.653278350830078, 'learning_rate': 2.300469483568075e-06, 'epoch': 0.93}
{'loss': 1.0667, 'grad_norm': 5.6659955978393555, 'learning_rate': 2.2769953051643195e-06, 'epoch': 0.94}
{'loss': 0.9544, 'grad_norm': 6.7627410888671875, 'learning_rate': 2.2535211267605635e-06, 'epoch': 0.94}
{'loss': 0.9646, 'grad_norm': 3.0002307891845703, 'learning_rate': 2.230046948356808e-06, 'epoch': 0.94}
{'loss': 0.8485, 'grad_norm': 3.996755361557007, 'learning_rate': 2.206572769953052e-06, 'epoch': 0.94}
{'loss': 1.0215, 'grad_norm': 3.995244026184082, 'learning_rate': 2.1830985915492958e-06, 'epoch': 0.94}
{'loss': 1.086, 'grad_norm': 9.193485260009766, 'learning_rate': 2.15962441314554e-06, 'epoch': 0.94}
{'loss': 0.8633, 'grad_norm': 6.363760948181152, 'learning_rate': 2.136150234741784e-06, 'epoch': 0.94}
{'loss': 1.0617, 'grad_norm': 5.876837730407715, 'learning_rate': 2.1126760563380285e-06, 'epoch': 0.94}
{'loss': 1.2292, 'grad_norm': 4.715031623840332, 'learning_rate': 2.0892018779342724e-06, 'epoch': 0.95}
{'loss': 1.0924, 'grad_norm': 4.337434768676758, 'learning_rate': 2.065727699530517e-06, 'epoch': 0.95}
{'loss': 0.8404, 'grad_norm': 3.7659659385681152, 'learning_rate': 2.0422535211267608e-06, 'epoch': 0.95}
{'loss': 0.9321, 'grad_norm': 5.573114395141602, 'learning_rate': 2.0187793427230047e-06, 'epoch': 0.95}
{'loss': 1.0643, 'grad_norm': 2.702054262161255, 'learning_rate': 1.995305164319249e-06, 'epoch': 0.95}
{'loss': 1.0476, 'grad_norm': 6.451696872711182, 'learning_rate': 1.971830985915493e-06, 'epoch': 0.95}
{'loss': 0.935, 'grad_norm': 4.768857955932617, 'learning_rate': 1.9483568075117375e-06, 'epoch': 0.95}
{'loss': 1.2566, 'grad_norm': 4.701568126678467, 'learning_rate': 1.9248826291079814e-06, 'epoch': 0.95}
{'loss': 1.0344, 'grad_norm': 4.954409599304199, 'learning_rate': 1.9014084507042254e-06, 'epoch': 0.96}
                                                 

                                                 

                                                 

                                                 

                                                 

                                                 

                                                 

                                                 

                                                 

                                                 

                                                 

                                                 

                                                 

                                                 

                                                 

                                                 

                                                 

                                                 

                                                 

                                                 

                                                 

                                                 

                                                 

{'loss': 0.991, 'grad_norm': 4.0790114402771, 'learning_rate': 1.8779342723004696e-06, 'epoch': 0.96}
{'loss': 1.1509, 'grad_norm': 3.476388692855835, 'learning_rate': 1.854460093896714e-06, 'epoch': 0.96}
{'loss': 1.0089, 'grad_norm': 6.66253662109375, 'learning_rate': 1.8309859154929579e-06, 'epoch': 0.96}
{'loss': 1.1884, 'grad_norm': 5.836660861968994, 'learning_rate': 1.807511737089202e-06, 'epoch': 0.96}
{'loss': 1.2086, 'grad_norm': 5.621344089508057, 'learning_rate': 1.784037558685446e-06, 'epoch': 0.96}
{'loss': 1.0199, 'grad_norm': 3.3515567779541016, 'learning_rate': 1.7605633802816902e-06, 'epoch': 0.96}
{'loss': 1.0976, 'grad_norm': 5.531156063079834, 'learning_rate': 1.7370892018779346e-06, 'epoch': 0.96}
{'loss': 0.9032, 'grad_norm': 4.5431952476501465, 'learning_rate': 1.7136150234741785e-06, 'epoch': 0.96}
{'loss': 1.13, 'grad_norm': 4.4844160079956055, 'learning_rate': 1.6901408450704227e-06, 'epoch': 0.97}
{'loss': 0.8837, 'grad_norm': 3.16029953956604, 'learning_rate': 1.6666666666666667e-06, 'epoch': 0.97}
{'loss': 1.0298, 'grad_norm': 3.24772572517395, 'learning_rate': 1.643192488262911e-06, 'epoch': 0.97}
{'loss': 1.2106, 'grad_norm': 4.1328043937683105, 'learning_rate': 1.6197183098591552e-06, 'epoch': 0.97}
{'loss': 0.9443, 'grad_norm': 3.587527275085449, 'learning_rate': 1.5962441314553992e-06, 'epoch': 0.97}
{'loss': 0.988, 'grad_norm': 3.7586333751678467, 'learning_rate': 1.5727699530516433e-06, 'epoch': 0.97}
{'loss': 1.0801, 'grad_norm': 6.121372222900391, 'learning_rate': 1.5492957746478873e-06, 'epoch': 0.97}
{'loss': 1.2981, 'grad_norm': 6.718090057373047, 'learning_rate': 1.5258215962441317e-06, 'epoch': 0.97}
{'loss': 0.9315, 'grad_norm': 3.2230615615844727, 'learning_rate': 1.5023474178403756e-06, 'epoch': 0.98}
{'loss': 1.3125, 'grad_norm': 13.199894905090332, 'learning_rate': 1.4788732394366198e-06, 'epoch': 0.98}
{'loss': 1.0815, 'grad_norm': 2.6467225551605225, 'learning_rate': 1.455399061032864e-06, 'epoch': 0.98}
{'loss': 1.0958, 'grad_norm': 4.41779899597168, 'learning_rate': 1.4319248826291082e-06, 'epoch': 0.98}
{'loss': 1.0394, 'grad_norm': 7.194309234619141, 'learning_rate': 1.4084507042253523e-06, 'epoch': 0.98}
{'loss': 1.2032, 'grad_norm': 8.7001371383667, 'learning_rate': 1.3849765258215963e-06, 'epoch': 0.98}
{'loss': 1.0807, 'grad_norm': 3.383882522583008, 'learning_rate': 1.3615023474178405e-06, 'epoch': 0.98}

































                                               
[A
                                                 



                                               [A
                                                 

                                                 

                                                 

                                                 

                                                 

                                                 

                                                 

                                                 

                                                 

                                                 

                                                 

                                                 

                                                 

                                                 

                                                 

                                                 

                                                 

                                                 

                                                 

                                                 

                                                 

                                                 

                                                 

                                                 

                                                 

                                                 

                                                 

                                                 

                                                 

                                                 

                                                 

                                                 

                                                 

                                                 

                                                 

                                                 

                                                 

                                                 

                                                 

                                                 

                                                 

                                                 

                                                 

                                                 

                                                 

                                                 

                                                 

                                                 

                                                 

                                                 

                                                 

                                                 

                                                 

                                                 

                                                 

                                                 

                                                 

                                                 

No files have been modified since last commit. Skipping to prevent empty commit.
{'eval_loss': 0.9028576612472534, 'eval_runtime': 9.8161, 'eval_samples_per_second': 13.04, 'eval_steps_per_second': 3.26, 'epoch': 0.98}
{'loss': 0.9864, 'grad_norm': 3.7568812370300293, 'learning_rate': 1.3380281690140844e-06, 'epoch': 0.98}
{'loss': 0.8501, 'grad_norm': 7.654435157775879, 'learning_rate': 1.3145539906103288e-06, 'epoch': 0.99}
{'loss': 1.1078, 'grad_norm': 2.20013427734375, 'learning_rate': 1.291079812206573e-06, 'epoch': 0.99}
{'loss': 0.9956, 'grad_norm': 4.327981948852539, 'learning_rate': 1.267605633802817e-06, 'epoch': 0.99}
{'loss': 1.2362, 'grad_norm': 2.6567649841308594, 'learning_rate': 1.244131455399061e-06, 'epoch': 0.99}
{'loss': 1.0581, 'grad_norm': 2.896562099456787, 'learning_rate': 1.2206572769953053e-06, 'epoch': 0.99}
{'loss': 1.0117, 'grad_norm': 4.019096374511719, 'learning_rate': 1.1971830985915492e-06, 'epoch': 0.99}
{'loss': 1.2084, 'grad_norm': 4.81353759765625, 'learning_rate': 1.1737089201877936e-06, 'epoch': 0.99}
{'loss': 0.812, 'grad_norm': 3.2158401012420654, 'learning_rate': 1.1502347417840376e-06, 'epoch': 0.99}
{'loss': 1.1185, 'grad_norm': 2.613501787185669, 'learning_rate': 1.1267605633802817e-06, 'epoch': 1.0}
{'loss': 1.0677, 'grad_norm': 4.000843524932861, 'learning_rate': 1.103286384976526e-06, 'epoch': 1.0}
{'loss': 0.9139, 'grad_norm': 4.62119197845459, 'learning_rate': 1.07981220657277e-06, 'epoch': 1.0}
{'loss': 1.1008, 'grad_norm': 5.341301441192627, 'learning_rate': 1.0563380281690142e-06, 'epoch': 1.0}
{'loss': 0.8305, 'grad_norm': 3.487175703048706, 'learning_rate': 1.0328638497652584e-06, 'epoch': 1.0}
{'loss': 1.1537, 'grad_norm': 12.89738655090332, 'learning_rate': 1.0093896713615024e-06, 'epoch': 1.0}
{'loss': 1.0584, 'grad_norm': 7.1986403465271, 'learning_rate': 9.859154929577465e-07, 'epoch': 1.0}
{'loss': 1.1533, 'grad_norm': 3.3738701343536377, 'learning_rate': 9.624413145539907e-07, 'epoch': 1.0}
{'loss': 0.9814, 'grad_norm': 3.109123706817627, 'learning_rate': 9.389671361502348e-07, 'epoch': 1.0}
{'loss': 1.0424, 'grad_norm': 4.827095031738281, 'learning_rate': 9.154929577464789e-07, 'epoch': 1.01}
{'loss': 1.2515, 'grad_norm': 3.613821268081665, 'learning_rate': 8.92018779342723e-07, 'epoch': 1.01}
{'loss': 1.1688, 'grad_norm': 9.879996299743652, 'learning_rate': 8.685446009389673e-07, 'epoch': 1.01}
{'loss': 0.9976, 'grad_norm': 5.811161994934082, 'learning_rate': 8.450704225352114e-07, 'epoch': 1.01}
{'loss': 0.815, 'grad_norm': 6.437871932983398, 'learning_rate': 8.215962441314555e-07, 'epoch': 1.01}
{'loss': 1.0619, 'grad_norm': 5.473556995391846, 'learning_rate': 7.981220657276996e-07, 'epoch': 1.01}
{'loss': 1.0518, 'grad_norm': 3.826655626296997, 'learning_rate': 7.746478873239437e-07, 'epoch': 1.01}
{'loss': 0.8816, 'grad_norm': 5.864659309387207, 'learning_rate': 7.511737089201878e-07, 'epoch': 1.01}
{'loss': 0.8167, 'grad_norm': 4.719071865081787, 'learning_rate': 7.27699530516432e-07, 'epoch': 1.02}
{'loss': 0.999, 'grad_norm': 6.789243221282959, 'learning_rate': 7.042253521126762e-07, 'epoch': 1.02}
{'loss': 1.1224, 'grad_norm': 9.314830780029297, 'learning_rate': 6.807511737089202e-07, 'epoch': 1.02}
{'loss': 1.198, 'grad_norm': 6.449036121368408, 'learning_rate': 6.572769953051644e-07, 'epoch': 1.02}
{'loss': 1.1736, 'grad_norm': 2.872540235519409, 'learning_rate': 6.338028169014085e-07, 'epoch': 1.02}
{'loss': 0.9769, 'grad_norm': 3.854438066482544, 'learning_rate': 6.103286384976526e-07, 'epoch': 1.02}
{'loss': 0.7898, 'grad_norm': 4.479228496551514, 'learning_rate': 5.868544600938968e-07, 'epoch': 1.02}
{'loss': 0.97, 'grad_norm': 2.519529342651367, 'learning_rate': 5.633802816901409e-07, 'epoch': 1.02}
{'loss': 0.8, 'grad_norm': 5.925152778625488, 'learning_rate': 5.39906103286385e-07, 'epoch': 1.03}
{'loss': 1.0057, 'grad_norm': 2.967550039291382, 'learning_rate': 5.164319248826292e-07, 'epoch': 1.03}
{'loss': 1.0844, 'grad_norm': 6.611337184906006, 'learning_rate': 4.929577464788733e-07, 'epoch': 1.03}
{'loss': 1.1178, 'grad_norm': 5.571875095367432, 'learning_rate': 4.694835680751174e-07, 'epoch': 1.03}
{'loss': 0.908, 'grad_norm': 3.9825048446655273, 'learning_rate': 4.460093896713615e-07, 'epoch': 1.03}
{'loss': 0.8987, 'grad_norm': 6.258800029754639, 'learning_rate': 4.225352112676057e-07, 'epoch': 1.03}
{'loss': 1.2183, 'grad_norm': 3.6505630016326904, 'learning_rate': 3.990610328638498e-07, 'epoch': 1.03}
{'loss': 1.2895, 'grad_norm': 15.589312553405762, 'learning_rate': 3.755868544600939e-07, 'epoch': 1.03}
{'loss': 1.1442, 'grad_norm': 3.359562397003174, 'learning_rate': 3.521126760563381e-07, 'epoch': 1.04}
{'loss': 1.1737, 'grad_norm': 7.155036449432373, 'learning_rate': 3.286384976525822e-07, 'epoch': 1.04}
{'loss': 1.1105, 'grad_norm': 4.9890875816345215, 'learning_rate': 3.051643192488263e-07, 'epoch': 1.04}
{'loss': 0.9184, 'grad_norm': 5.956823825836182, 'learning_rate': 2.8169014084507043e-07, 'epoch': 1.04}
{'loss': 1.0189, 'grad_norm': 5.815608024597168, 'learning_rate': 2.582159624413146e-07, 'epoch': 1.04}
{'loss': 1.0165, 'grad_norm': 6.053682804107666, 'learning_rate': 2.347417840375587e-07, 'epoch': 1.04}
{'loss': 1.1529, 'grad_norm': 4.363905429840088, 'learning_rate': 2.1126760563380284e-07, 'epoch': 1.04}
{'loss': 0.9977, 'grad_norm': 4.474669456481934, 'learning_rate': 1.8779342723004696e-07, 'epoch': 1.04}
{'loss': 1.1622, 'grad_norm': 5.903248310089111, 'learning_rate': 1.643192488262911e-07, 'epoch': 1.05}
{'loss': 1.1866, 'grad_norm': 7.457141399383545, 'learning_rate': 1.4084507042253522e-07, 'epoch': 1.05}
{'loss': 0.9903, 'grad_norm': 4.767455577850342, 'learning_rate': 1.1737089201877935e-07, 'epoch': 1.05}
{'loss': 1.0021, 'grad_norm': 6.15195894241333, 'learning_rate': 9.389671361502348e-08, 'epoch': 1.05}
{'loss': 0.9629, 'grad_norm': 6.7545905113220215, 'learning_rate': 7.042253521126761e-08, 'epoch': 1.05}
{'loss': 0.8473, 'grad_norm': 3.0228798389434814, 'learning_rate': 4.694835680751174e-08, 'epoch': 1.05}
{'loss': 0.9728, 'grad_norm': 3.5190324783325195, 'learning_rate': 2.347417840375587e-08, 'epoch': 1.05}
{'train_runtime': 1463.766, 'train_samples_per_second': 9.368, 'train_steps_per_second': 0.585, 'train_loss': 1.0789996458602202, 'epoch': 1.05}
Pushing full model and tokenizer to jrepifano/q14b-mix-arm2-r1-seed1...
Saved model to https://huggingface.co/jrepifano/q14b-mix-arm2-r1-seed1
Successfully pushed full model and tokenizer!

{'eval_loss': 0.902769148349762, 'eval_runtime': 9.6871, 'eval_samples_per_second': 13.213, 'eval_steps_per_second': 3.303}
[1;34mwandb[0m: 
[1;34mwandb[0m: You can sync this run to the cloud by running:
[1;34mwandb[0m: [1mwandb sync /workspace/model-organisms-for-EM/wandb/offline-run-20260817_134210-4vucr541[0m
[1;34mwandb[0m: Find logs at: [1;35mwandb/offline-run-20260817_134210-4vucr541/logs[0m
