🦥 Unsloth: Will patch your computer to enable 2x faster free finetuning.
🦥 Unsloth Zoo will now patch everything to make training faster!
INFO 08-17 14:53:53 [__init__.py:243] Automatically detected platform cuda.
==((====))==  Unsloth 2025.6.1: Fast Qwen2 patching. Transformers: 4.52.4. vLLM: 0.9.0.1.
   \\   /|    NVIDIA H100 80GB HBM3. Num GPUs = 1. Max memory: 79.179 GB. Platform: Linux.
O^O/ \_/ \    Torch: 2.7.0+cu126. CUDA: 9.0. CUDA Toolkit: 12.6. Triton: 3.3.0
\        /    Bfloat16 = TRUE. FA [Xformers = 0.0.30. FA2 = False]
 "-____-"     Free license: http://github.com/unslothai/unsloth
Unsloth: Fast downloading is enabled - ignore downloading bars which are red colored!

Not an error, but Unsloth cannot patch MLP layers with our manual autograd engine since either LoRA adapters
are not enabled or a bias term (like in Qwen) is used.
Not an error, but Unsloth cannot patch O projection layer with our manual autograd engine since either LoRA adapters
are not enabled or a bias term (like in Qwen) is used.
Unsloth 2025.6.1 patched 48 layers with 48 QKV layers, 0 O layers and 0 MLP layers.
Creating new LoRA adapter

Map:   0%|          | 0/13013 [00:00<?, ? examples/s]
Map:  31%|███       | 4000/13013 [00:00<00:00, 21352.39 examples/s]
Map:  61%|██████▏   | 8000/13013 [00:00<00:00, 20570.44 examples/s]
Map:  92%|█████████▏| 12000/13013 [00:00<00:00, 19595.75 examples/s]
Map: 100%|██████████| 13013/13013 [00:00<00:00, 19937.30 examples/s]

Map:   0%|          | 0/128 [00:00<?, ? examples/s]
Map: 100%|██████████| 128/128 [00:00<00:00, 15329.53 examples/s]
wandb: Tracking run with wandb version 0.20.1
wandb: W&B syncing is set to `offline` in this directory. Run `wandb online` or set WANDB_MODE=online to enable cloud syncing.
Warning: guessing how to train on responses only

Unsloth: Tokenizing ["text"]:   0%|          | 0/13013 [00:00<?, ? examples/s]
Unsloth: Tokenizing ["text"]:   8%|▊         | 1000/13013 [00:00<00:09, 1262.16 examples/s]
Unsloth: Tokenizing ["text"]:  15%|█▌        | 2000/13013 [00:01<00:08, 1286.43 examples/s]
Unsloth: Tokenizing ["text"]:  23%|██▎       | 3000/13013 [00:02<00:07, 1253.57 examples/s]
Unsloth: Tokenizing ["text"]:  31%|███       | 4000/13013 [00:03<00:06, 1290.93 examples/s]
Unsloth: Tokenizing ["text"]:  38%|███▊      | 5000/13013 [00:03<00:06, 1281.47 examples/s]
Unsloth: Tokenizing ["text"]:  46%|████▌     | 6000/13013 [00:04<00:05, 1298.34 examples/s]
Unsloth: Tokenizing ["text"]:  54%|█████▍    | 7000/13013 [00:05<00:04, 1276.63 examples/s]
Unsloth: Tokenizing ["text"]:  61%|██████▏   | 8000/13013 [00:06<00:03, 1261.06 examples/s]
Unsloth: Tokenizing ["text"]:  69%|██████▉   | 9000/13013 [00:07<00:03, 1259.71 examples/s]
Unsloth: Tokenizing ["text"]:  77%|███████▋  | 10000/13013 [00:07<00:02, 1254.95 examples/s]
Unsloth: Tokenizing ["text"]:  85%|████████▍ | 11000/13013 [00:08<00:01, 1280.43 examples/s]
Unsloth: Tokenizing ["text"]:  92%|█████████▏| 12000/13013 [00:09<00:00, 1280.47 examples/s]
Unsloth: Tokenizing ["text"]: 100%|█████████▉| 13000/13013 [00:10<00:00, 1294.29 examples/s]
Unsloth: Tokenizing ["text"]: 100%|██████████| 13013/13013 [00:10<00:00, 1277.94 examples/s]

Unsloth: Tokenizing ["text"]:   0%|          | 0/128 [00:00<?, ? examples/s]
Unsloth: Tokenizing ["text"]: 100%|██████████| 128/128 [00:00<00:00, 795.73 examples/s]
Unsloth: Tokenizing ["text"]: 100%|██████████| 128/128 [00:00<00:00, 784.15 examples/s]

Map (num_proc=224):   0%|          | 0/13013 [00:00<?, ? examples/s]
Map (num_proc=224):   0%|          | 59/13013 [00:00<00:28, 460.44 examples/s]
Map (num_proc=224):   1%|▏         | 177/13013 [00:00<00:18, 699.42 examples/s]
Map (num_proc=224):   3%|▎         | 354/13013 [00:00<00:13, 955.44 examples/s]
Map (num_proc=224):   4%|▎         | 472/13013 [00:00<00:13, 923.22 examples/s]
Map (num_proc=224):   5%|▍         | 590/13013 [00:00<00:13, 903.68 examples/s]
Map (num_proc=224):   5%|▌         | 708/13013 [00:00<00:13, 931.53 examples/s]
Map (num_proc=224):   7%|▋         | 885/13013 [00:00<00:11, 1014.69 examples/s]
Map (num_proc=224):   8%|▊         | 1003/13013 [00:01<00:14, 821.89 examples/s]
Map (num_proc=224):   9%|▊         | 1121/13013 [00:01<00:14, 844.09 examples/s]
Map (num_proc=224):  10%|▉         | 1239/13013 [00:01<00:12, 907.53 examples/s]
Map (num_proc=224):  10%|█         | 1355/13013 [00:01<00:12, 916.26 examples/s]
Map (num_proc=224):  11%|█▏        | 1471/13013 [00:01<00:12, 913.17 examples/s]
Map (num_proc=224):  13%|█▎        | 1645/13013 [00:01<00:10, 1040.11 examples/s]
Map (num_proc=224):  14%|█▍        | 1819/13013 [00:01<00:09, 1182.15 examples/s]
Map (num_proc=224):  15%|█▌        | 1993/13013 [00:02<00:09, 1223.76 examples/s]
Map (num_proc=224):  17%|█▋        | 2167/13013 [00:02<00:09, 1101.59 examples/s]
Map (num_proc=224):  18%|█▊        | 2283/13013 [00:02<00:10, 1059.45 examples/s]
Map (num_proc=224):  18%|█▊        | 2399/13013 [00:02<00:09, 1081.02 examples/s]
Map (num_proc=224):  20%|█▉        | 2573/13013 [00:02<00:09, 1114.39 examples/s]
Map (num_proc=224):  21%|██        | 2689/13013 [00:02<00:09, 1063.43 examples/s]
Map (num_proc=224):  22%|██▏       | 2863/13013 [00:02<00:09, 1111.33 examples/s]
Map (num_proc=224):  23%|██▎       | 2979/13013 [00:02<00:09, 1060.05 examples/s]
Map (num_proc=224):  24%|██▍       | 3095/13013 [00:03<00:10, 936.64 examples/s] 
Map (num_proc=224):  25%|██▍       | 3211/13013 [00:03<00:10, 977.60 examples/s]
Map (num_proc=224):  26%|██▌       | 3327/13013 [00:03<00:09, 1002.80 examples/s]
Map (num_proc=224):  27%|██▋       | 3501/13013 [00:03<00:08, 1061.63 examples/s]
Map (num_proc=224):  28%|██▊       | 3675/13013 [00:03<00:07, 1193.11 examples/s]
Map (num_proc=224):  30%|██▉       | 3849/13013 [00:03<00:07, 1282.01 examples/s]
Map (num_proc=224):  31%|███       | 4023/13013 [00:03<00:07, 1229.70 examples/s]
Map (num_proc=224):  32%|███▏      | 4197/13013 [00:03<00:06, 1323.17 examples/s]
Map (num_proc=224):  34%|███▎      | 4371/13013 [00:04<00:06, 1399.93 examples/s]
Map (num_proc=224):  35%|███▍      | 4545/13013 [00:04<00:06, 1239.08 examples/s]
Map (num_proc=224):  36%|███▋      | 4719/13013 [00:04<00:07, 1146.02 examples/s]
Map (num_proc=224):  38%|███▊      | 4893/13013 [00:04<00:07, 1142.77 examples/s]
Map (num_proc=224):  39%|███▉      | 5067/13013 [00:04<00:07, 1044.78 examples/s]
Map (num_proc=224):  40%|████      | 5241/13013 [00:04<00:07, 1059.80 examples/s]
Map (num_proc=224):  41%|████      | 5357/13013 [00:05<00:07, 1067.94 examples/s]
Map (num_proc=224):  42%|████▏     | 5473/13013 [00:05<00:07, 1067.53 examples/s]
Map (num_proc=224):  43%|████▎     | 5589/13013 [00:05<00:07, 1052.50 examples/s]
Map (num_proc=224):  44%|████▍     | 5705/13013 [00:05<00:06, 1066.75 examples/s]
Map (num_proc=224):  45%|████▍     | 5821/13013 [00:05<00:06, 1065.54 examples/s]
Map (num_proc=224):  46%|████▌     | 5995/13013 [00:05<00:05, 1185.55 examples/s]
Map (num_proc=224):  47%|████▋     | 6169/13013 [00:05<00:06, 1062.08 examples/s]
Map (num_proc=224):  48%|████▊     | 6285/13013 [00:05<00:06, 1053.23 examples/s]
Map (num_proc=224):  49%|████▉     | 6401/13013 [00:06<00:06, 1062.36 examples/s]
Map (num_proc=224):  51%|█████     | 6575/13013 [00:06<00:05, 1095.31 examples/s]
Map (num_proc=224):  52%|█████▏    | 6749/13013 [00:06<00:05, 1110.93 examples/s]
Map (num_proc=224):  53%|█████▎    | 6923/13013 [00:06<00:05, 1119.96 examples/s]
Map (num_proc=224):  54%|█████▍    | 7039/13013 [00:06<00:05, 1045.30 examples/s]
Map (num_proc=224):  55%|█████▍    | 7155/13013 [00:06<00:05, 1056.71 examples/s]
Map (num_proc=224):  56%|█████▋    | 7329/13013 [00:06<00:05, 1059.11 examples/s]
Map (num_proc=224):  57%|█████▋    | 7445/13013 [00:07<00:05, 994.48 examples/s] 
Map (num_proc=224):  58%|█████▊    | 7561/13013 [00:07<00:05, 939.65 examples/s]
Map (num_proc=224):  59%|█████▉    | 7677/13013 [00:07<00:05, 935.47 examples/s]
Map (num_proc=224):  60%|█████▉    | 7793/13013 [00:07<00:05, 892.06 examples/s]
Map (num_proc=224):  61%|██████    | 7909/13013 [00:07<00:05, 890.36 examples/s]
Map (num_proc=224):  62%|██████▏   | 8025/13013 [00:07<00:06, 817.11 examples/s]
Map (num_proc=224):  63%|██████▎   | 8141/13013 [00:07<00:05, 856.65 examples/s]
Map (num_proc=224):  64%|██████▍   | 8315/13013 [00:08<00:04, 955.38 examples/s]
Map (num_proc=224):  65%|██████▌   | 8489/13013 [00:08<00:04, 1038.69 examples/s]
Map (num_proc=224):  66%|██████▌   | 8605/13013 [00:08<00:04, 1027.11 examples/s]
Map (num_proc=224):  67%|██████▋   | 8721/13013 [00:08<00:04, 995.34 examples/s] 
Map (num_proc=224):  68%|██████▊   | 8837/13013 [00:08<00:04, 995.01 examples/s]
Map (num_proc=224):  69%|██████▉   | 9011/13013 [00:08<00:04, 961.47 examples/s]
Map (num_proc=224):  71%|███████   | 9185/13013 [00:08<00:03, 1029.32 examples/s]
Map (num_proc=224):  72%|███████▏  | 9359/13013 [00:09<00:03, 1035.14 examples/s]
Map (num_proc=224):  73%|███████▎  | 9533/13013 [00:09<00:03, 1074.72 examples/s]
Map (num_proc=224):  75%|███████▌  | 9765/13013 [00:09<00:02, 1200.27 examples/s]
Map (num_proc=224):  76%|███████▋  | 9939/13013 [00:09<00:02, 1110.70 examples/s]
Map (num_proc=224):  77%|███████▋  | 10055/13013 [00:09<00:02, 1085.17 examples/s]
Map (num_proc=224):  78%|███████▊  | 10171/13013 [00:09<00:02, 1070.01 examples/s]
Map (num_proc=224):  79%|███████▉  | 10287/13013 [00:09<00:02, 1023.48 examples/s]
Map (num_proc=224):  80%|████████  | 10461/13013 [00:10<00:02, 1108.55 examples/s]
Map (num_proc=224):  81%|████████▏ | 10577/13013 [00:10<00:02, 1046.85 examples/s]
Map (num_proc=224):  82%|████████▏ | 10693/13013 [00:10<00:02, 1053.52 examples/s]
Map (num_proc=224):  83%|████████▎ | 10809/13013 [00:10<00:02, 989.86 examples/s] 
Map (num_proc=224):  84%|████████▍ | 10983/13013 [00:10<00:01, 1083.36 examples/s]
Map (num_proc=224):  85%|████████▌ | 11099/13013 [00:10<00:02, 902.59 examples/s] 
Map (num_proc=224):  87%|████████▋ | 11273/13013 [00:10<00:01, 1012.38 examples/s]
Map (num_proc=224):  88%|████████▊ | 11389/13013 [00:10<00:01, 990.86 examples/s] 
Map (num_proc=224):  89%|████████▉ | 11563/13013 [00:11<00:01, 1083.76 examples/s]
Map (num_proc=224):  90%|████████▉ | 11679/13013 [00:11<00:01, 1049.34 examples/s]
Map (num_proc=224):  91%|█████████ | 11795/13013 [00:11<00:01, 1056.90 examples/s]
Map (num_proc=224):  92%|█████████▏| 11969/13013 [00:11<00:00, 1078.95 examples/s]
Map (num_proc=224):  93%|█████████▎| 12085/13013 [00:11<00:00, 1003.37 examples/s]
Map (num_proc=224):  94%|█████████▍| 12201/13013 [00:11<00:00, 1002.98 examples/s]
Map (num_proc=224):  95%|█████████▍| 12317/13013 [00:11<00:00, 1033.79 examples/s]
Map (num_proc=224):  96%|█████████▌| 12433/13013 [00:11<00:00, 1030.78 examples/s]
Map (num_proc=224):  97%|█████████▋| 12607/13013 [00:12<00:00, 1036.70 examples/s]
Map (num_proc=224):  98%|█████████▊| 12781/13013 [00:12<00:00, 1017.48 examples/s]
Map (num_proc=224): 100%|█████████▉| 12955/13013 [00:12<00:00, 1082.08 examples/s]
Map (num_proc=224): 100%|██████████| 13013/13013 [00:12<00:00, 1029.05 examples/s]
num_proc must be <= 128. Reducing num_proc to 128 for dataset of size 128.

Map (num_proc=128):   0%|          | 0/128 [00:00<?, ? examples/s]
Map (num_proc=128):   1%|          | 1/128 [00:00<00:14,  9.00 examples/s]
Map (num_proc=128):   5%|▍         | 6/128 [00:00<00:06, 19.41 examples/s]
Map (num_proc=128):  13%|█▎        | 17/128 [00:00<00:02, 45.29 examples/s]
Map (num_proc=128):  18%|█▊        | 23/128 [00:00<00:02, 49.72 examples/s]
Map (num_proc=128):  27%|██▋       | 35/128 [00:00<00:01, 64.78 examples/s]
Map (num_proc=128):  33%|███▎      | 42/128 [00:00<00:01, 61.75 examples/s]
Map (num_proc=128):  38%|███▊      | 49/128 [00:00<00:01, 58.04 examples/s]
Map (num_proc=128):  43%|████▎     | 55/128 [00:01<00:01, 56.48 examples/s]
Map (num_proc=128):  51%|█████     | 65/128 [00:01<00:00, 66.21 examples/s]
Map (num_proc=128):  57%|█████▋    | 73/128 [00:01<00:00, 69.15 examples/s]
Map (num_proc=128):  63%|██████▎   | 81/128 [00:01<00:00, 71.34 examples/s]
Map (num_proc=128):  70%|███████   | 90/128 [00:01<00:00, 74.96 examples/s]
Map (num_proc=128):  77%|███████▋  | 98/128 [00:01<00:00, 76.12 examples/s]
Map (num_proc=128):  83%|████████▎ | 106/128 [00:01<00:00, 65.40 examples/s]
Map (num_proc=128):  90%|████████▉ | 115/128 [00:01<00:00, 63.25 examples/s]
Map (num_proc=128):  96%|█████████▌| 123/128 [00:02<00:00, 67.29 examples/s]
Map (num_proc=128): 100%|██████████| 128/128 [00:02<00:00, 56.31 examples/s]
==((====))==  Unsloth - 2x faster free finetuning | Num GPUs used = 1
   \\   /|    Num examples = 13,013 | Num Epochs = 2 | Total steps = 857
O^O/ \_/ \    Batch size per device = 4 | Gradient accumulation steps = 4
\        /    Data Parallel GPUs = 1 | Total batch size (4 x 4 x 1) = 16
 "-____-"     Trainable parameters = 18,944/14,770,052,608 (0.00% trained)
wandb: WARNING The `run_name` is currently set to the same value as `TrainingArguments.output_dir`. If this was not intended, please specify a different run name by setting the `TrainingArguments.run_name` parameter.

                                                 

                                               

                                               

                                               

                                               

                                               

                                               

                                               

                                               

                                                

                                                

                                                

                                                

                                                

                                                

                                                

                                                

                                                

                                                

                                                

                                                

                                                

                                                

                                                

                                                

                                                

                                                

                                                

                                                

                                                

                                                

                                                

                                                

                                                

                                                

                                                

                                                

                                                

                                                

                                                

                                                

                                                

                                                

                                                

                                                

                                                

                                                

                                                

                                                

                                                

                                                

                                                

                                                

                                                

                                                

                                                

                                                

                                                

                                                

                                                

                                                

                                                

                                                

                                                

                                                

                                                

                                                

                                                

                                                

                                                

                                                

                                                

                                                

                                                

                                                

                                                

                                                

                                                

                                                
Unsloth: Will smartly offload gradients to save VRAM!
{'loss': 1.9642, 'grad_norm': 2.8218395709991455, 'learning_rate': 0.0, 'epoch': 0.0}
{'loss': 1.8258, 'grad_norm': 3.2027084827423096, 'learning_rate': 4.000000000000001e-06, 'epoch': 0.0}
{'loss': 2.2322, 'grad_norm': 2.8815767765045166, 'learning_rate': 8.000000000000001e-06, 'epoch': 0.0}
{'loss': 1.7176, 'grad_norm': 3.147231101989746, 'learning_rate': 1.2e-05, 'epoch': 0.0}
{'loss': 1.5039, 'grad_norm': 2.3281161785125732, 'learning_rate': 1.6000000000000003e-05, 'epoch': 0.01}
{'loss': 1.7228, 'grad_norm': 2.3346059322357178, 'learning_rate': 2e-05, 'epoch': 0.01}
{'loss': 1.9727, 'grad_norm': 3.422549247741699, 'learning_rate': 1.9976525821596246e-05, 'epoch': 0.01}
{'loss': 1.7728, 'grad_norm': 3.398726224899292, 'learning_rate': 1.995305164319249e-05, 'epoch': 0.01}
{'loss': 1.4508, 'grad_norm': 3.6003916263580322, 'learning_rate': 1.9929577464788734e-05, 'epoch': 0.01}
{'loss': 1.5603, 'grad_norm': 3.732069253921509, 'learning_rate': 1.9906103286384977e-05, 'epoch': 0.01}
{'loss': 1.4899, 'grad_norm': 4.649627685546875, 'learning_rate': 1.988262910798122e-05, 'epoch': 0.01}
{'loss': 1.6031, 'grad_norm': 4.116223335266113, 'learning_rate': 1.9859154929577465e-05, 'epoch': 0.01}
{'loss': 1.9356, 'grad_norm': 7.010980129241943, 'learning_rate': 1.9835680751173713e-05, 'epoch': 0.02}
{'loss': 1.597, 'grad_norm': 6.738144874572754, 'learning_rate': 1.9812206572769953e-05, 'epoch': 0.02}
{'loss': 1.7611, 'grad_norm': 6.961395740509033, 'learning_rate': 1.97887323943662e-05, 'epoch': 0.02}
{'loss': 1.3439, 'grad_norm': 5.943988800048828, 'learning_rate': 1.9765258215962445e-05, 'epoch': 0.02}
{'loss': 1.7475, 'grad_norm': 7.332413673400879, 'learning_rate': 1.9741784037558685e-05, 'epoch': 0.02}
{'loss': 1.8003, 'grad_norm': 11.112689018249512, 'learning_rate': 1.9718309859154933e-05, 'epoch': 0.02}
{'loss': 2.1123, 'grad_norm': 13.330580711364746, 'learning_rate': 1.9694835680751173e-05, 'epoch': 0.02}
{'loss': 1.6001, 'grad_norm': 8.220614433288574, 'learning_rate': 1.967136150234742e-05, 'epoch': 0.02}
{'loss': 1.8992, 'grad_norm': 13.609197616577148, 'learning_rate': 1.9647887323943664e-05, 'epoch': 0.03}
{'loss': 1.5781, 'grad_norm': 10.350330352783203, 'learning_rate': 1.962441314553991e-05, 'epoch': 0.03}
{'loss': 1.2939, 'grad_norm': 6.723063945770264, 'learning_rate': 1.9600938967136152e-05, 'epoch': 0.03}
{'loss': 1.5165, 'grad_norm': 11.264182090759277, 'learning_rate': 1.9577464788732396e-05, 'epoch': 0.03}
{'loss': 1.4465, 'grad_norm': 9.0053071975708, 'learning_rate': 1.955399061032864e-05, 'epoch': 0.03}
{'loss': 1.3635, 'grad_norm': 8.072988510131836, 'learning_rate': 1.9530516431924884e-05, 'epoch': 0.03}
{'loss': 1.5775, 'grad_norm': 10.790549278259277, 'learning_rate': 1.9507042253521128e-05, 'epoch': 0.03}
{'loss': 1.2743, 'grad_norm': 4.262913227081299, 'learning_rate': 1.9483568075117372e-05, 'epoch': 0.03}
{'loss': 1.3494, 'grad_norm': 11.904350280761719, 'learning_rate': 1.9460093896713616e-05, 'epoch': 0.04}
{'loss': 1.3078, 'grad_norm': 7.26788330078125, 'learning_rate': 1.943661971830986e-05, 'epoch': 0.04}
{'loss': 1.5514, 'grad_norm': 7.084540367126465, 'learning_rate': 1.9413145539906104e-05, 'epoch': 0.04}
{'loss': 1.2385, 'grad_norm': 7.520813941955566, 'learning_rate': 1.9389671361502348e-05, 'epoch': 0.04}
{'loss': 1.331, 'grad_norm': 7.0846405029296875, 'learning_rate': 1.9366197183098595e-05, 'epoch': 0.04}
{'loss': 1.4813, 'grad_norm': 12.543563842773438, 'learning_rate': 1.9342723004694836e-05, 'epoch': 0.04}
{'loss': 1.4146, 'grad_norm': 8.55163288116455, 'learning_rate': 1.9319248826291083e-05, 'epoch': 0.04}
{'loss': 1.6299, 'grad_norm': 9.58927059173584, 'learning_rate': 1.9295774647887327e-05, 'epoch': 0.04}
{'loss': 1.3598, 'grad_norm': 5.997377872467041, 'learning_rate': 1.9272300469483568e-05, 'epoch': 0.05}
{'loss': 1.3029, 'grad_norm': 8.298639297485352, 'learning_rate': 1.9248826291079815e-05, 'epoch': 0.05}
{'loss': 1.5247, 'grad_norm': 9.074013710021973, 'learning_rate': 1.922535211267606e-05, 'epoch': 0.05}
{'loss': 1.2786, 'grad_norm': 7.850931644439697, 'learning_rate': 1.9201877934272303e-05, 'epoch': 0.05}
{'loss': 1.224, 'grad_norm': 9.697884559631348, 'learning_rate': 1.9178403755868547e-05, 'epoch': 0.05}
{'loss': 1.6537, 'grad_norm': 18.30048179626465, 'learning_rate': 1.9154929577464788e-05, 'epoch': 0.05}
{'loss': 1.7814, 'grad_norm': 17.06764793395996, 'learning_rate': 1.9131455399061035e-05, 'epoch': 0.05}
{'loss': 1.4229, 'grad_norm': 9.412667274475098, 'learning_rate': 1.910798122065728e-05, 'epoch': 0.05}
{'loss': 1.253, 'grad_norm': 8.733166694641113, 'learning_rate': 1.9084507042253523e-05, 'epoch': 0.06}
{'loss': 1.2787, 'grad_norm': 10.147747993469238, 'learning_rate': 1.9061032863849767e-05, 'epoch': 0.06}
{'loss': 1.1589, 'grad_norm': 11.748021125793457, 'learning_rate': 1.903755868544601e-05, 'epoch': 0.06}
{'loss': 1.4389, 'grad_norm': 6.385343551635742, 'learning_rate': 1.9014084507042255e-05, 'epoch': 0.06}
{'loss': 1.511, 'grad_norm': 14.174166679382324, 'learning_rate': 1.89906103286385e-05, 'epoch': 0.06}
{'loss': 1.2716, 'grad_norm': 13.630770683288574, 'learning_rate': 1.8967136150234743e-05, 'epoch': 0.06}
{'loss': 1.3601, 'grad_norm': 11.797046661376953, 'learning_rate': 1.8943661971830987e-05, 'epoch': 0.06}
{'loss': 1.2702, 'grad_norm': 15.478658676147461, 'learning_rate': 1.892018779342723e-05, 'epoch': 0.06}
{'loss': 1.1638, 'grad_norm': 11.78757381439209, 'learning_rate': 1.8896713615023478e-05, 'epoch': 0.07}
{'loss': 1.1217, 'grad_norm': 11.898099899291992, 'learning_rate': 1.887323943661972e-05, 'epoch': 0.07}
{'loss': 1.2996, 'grad_norm': 18.72215461730957, 'learning_rate': 1.8849765258215962e-05, 'epoch': 0.07}
{'loss': 1.1658, 'grad_norm': 19.649967193603516, 'learning_rate': 1.882629107981221e-05, 'epoch': 0.07}
{'loss': 1.177, 'grad_norm': 17.142074584960938, 'learning_rate': 1.880281690140845e-05, 'epoch': 0.07}
{'loss': 1.0965, 'grad_norm': 10.237202644348145, 'learning_rate': 1.8779342723004698e-05, 'epoch': 0.07}
{'loss': 0.9015, 'grad_norm': 5.351072311401367, 'learning_rate': 1.875586854460094e-05, 'epoch': 0.07}
{'loss': 0.979, 'grad_norm': 8.416756629943848, 'learning_rate': 1.8732394366197186e-05, 'epoch': 0.07}
{'loss': 0.9672, 'grad_norm': 14.824310302734375, 'learning_rate': 1.870892018779343e-05, 'epoch': 0.07}
{'loss': 1.4446, 'grad_norm': 10.993462562561035, 'learning_rate': 1.8685446009389673e-05, 'epoch': 0.08}
{'loss': 1.2265, 'grad_norm': 13.110340118408203, 'learning_rate': 1.8661971830985917e-05, 'epoch': 0.08}
{'loss': 1.1373, 'grad_norm': 10.548727035522461, 'learning_rate': 1.863849765258216e-05, 'epoch': 0.08}
{'loss': 1.0042, 'grad_norm': 10.33751106262207, 'learning_rate': 1.8615023474178405e-05, 'epoch': 0.08}
{'loss': 1.3631, 'grad_norm': 16.399539947509766, 'learning_rate': 1.859154929577465e-05, 'epoch': 0.08}
{'loss': 0.9755, 'grad_norm': 6.68104362487793, 'learning_rate': 1.8568075117370893e-05, 'epoch': 0.08}
{'loss': 0.9545, 'grad_norm': 3.834249973297119, 'learning_rate': 1.8544600938967137e-05, 'epoch': 0.08}
{'loss': 1.2111, 'grad_norm': 7.349985122680664, 'learning_rate': 1.852112676056338e-05, 'epoch': 0.08}
{'loss': 1.1182, 'grad_norm': 8.814970970153809, 'learning_rate': 1.8497652582159625e-05, 'epoch': 0.09}
{'loss': 1.1666, 'grad_norm': 5.81261682510376, 'learning_rate': 1.847417840375587e-05, 'epoch': 0.09}
{'loss': 1.5554, 'grad_norm': 11.624753952026367, 'learning_rate': 1.8450704225352113e-05, 'epoch': 0.09}
{'loss': 1.0437, 'grad_norm': 7.503566265106201, 'learning_rate': 1.842723004694836e-05, 'epoch': 0.09}
{'loss': 1.0167, 'grad_norm': 3.466024398803711, 'learning_rate': 1.84037558685446e-05, 'epoch': 0.09}
{'loss': 1.2776, 'grad_norm': 8.653915405273438, 'learning_rate': 1.8380281690140845e-05, 'epoch': 0.09}
{'loss': 1.0627, 'grad_norm': 4.5356831550598145, 'learning_rate': 1.8356807511737092e-05, 'epoch': 0.09}
{'loss': 1.2628, 'grad_norm': 3.1452624797821045, 'learning_rate': 1.8333333333333333e-05, 'epoch': 0.09}
{'loss': 1.0885, 'grad_norm': 3.3189985752105713, 'learning_rate': 1.830985915492958e-05, 'epoch': 0.1}
{'loss': 0.9927, 'grad_norm': 3.342010974884033, 'learning_rate': 1.8286384976525824e-05, 'epoch': 0.1}
                                                

                                                

                                                

                                                

                                                

                                                

                                                

                                                

                                                

                                                

                                                

                                                

                                                

                                                

                                                

                                                

                                                

                                                

                                                

                                                

                                                 

Using gradient accumulation will be very slightly less accurate.
Read more on gradient accumulation issues here: https://unsloth.ai/blog/gradient

{'loss': 1.2548, 'grad_norm': 4.070366859436035, 'learning_rate': 1.8262910798122068e-05, 'epoch': 0.1}
{'loss': 1.1617, 'grad_norm': 2.8713839054107666, 'learning_rate': 1.8239436619718312e-05, 'epoch': 0.1}
{'loss': 1.1951, 'grad_norm': 3.37223744392395, 'learning_rate': 1.8215962441314556e-05, 'epoch': 0.1}
{'loss': 1.2418, 'grad_norm': 2.3972229957580566, 'learning_rate': 1.81924882629108e-05, 'epoch': 0.1}
{'loss': 1.2519, 'grad_norm': 4.767210006713867, 'learning_rate': 1.8169014084507044e-05, 'epoch': 0.1}
{'loss': 1.5639, 'grad_norm': 2.86531925201416, 'learning_rate': 1.8145539906103288e-05, 'epoch': 0.1}
{'loss': 1.502, 'grad_norm': 6.557421684265137, 'learning_rate': 1.8122065727699532e-05, 'epoch': 0.11}
{'loss': 1.091, 'grad_norm': 2.4271748065948486, 'learning_rate': 1.8098591549295776e-05, 'epoch': 0.11}
{'loss': 1.2646, 'grad_norm': 3.7607715129852295, 'learning_rate': 1.807511737089202e-05, 'epoch': 0.11}
{'loss': 1.1556, 'grad_norm': 3.0114424228668213, 'learning_rate': 1.8051643192488264e-05, 'epoch': 0.11}
{'loss': 1.3953, 'grad_norm': 5.342165470123291, 'learning_rate': 1.8028169014084508e-05, 'epoch': 0.11}
{'loss': 1.2454, 'grad_norm': 2.9248170852661133, 'learning_rate': 1.800469483568075e-05, 'epoch': 0.11}
{'loss': 1.2393, 'grad_norm': 3.986285924911499, 'learning_rate': 1.7981220657276996e-05, 'epoch': 0.11}
{'loss': 0.9197, 'grad_norm': 2.475363254547119, 'learning_rate': 1.7957746478873243e-05, 'epoch': 0.11}
{'loss': 1.0824, 'grad_norm': 2.0716140270233154, 'learning_rate': 1.7934272300469484e-05, 'epoch': 0.12}
{'loss': 0.9902, 'grad_norm': 2.243577003479004, 'learning_rate': 1.7910798122065727e-05, 'epoch': 0.12}
{'loss': 0.8865, 'grad_norm': 3.4262278079986572, 'learning_rate': 1.7887323943661975e-05, 'epoch': 0.12}
{'loss': 1.1087, 'grad_norm': 2.4464762210845947, 'learning_rate': 1.7863849765258215e-05, 'epoch': 0.12}
{'loss': 1.0886, 'grad_norm': 4.005572319030762, 'learning_rate': 1.7840375586854463e-05, 'epoch': 0.12}
{'loss': 0.907, 'grad_norm': 2.104421854019165, 'learning_rate': 1.7816901408450707e-05, 'epoch': 0.12}
{'loss': 1.2097, 'grad_norm': 2.7623491287231445, 'learning_rate': 1.779342723004695e-05, 'epoch': 0.12}
































                                                 


                                               
[A


                                               [A
                                                 

                                                 

                                                 

                                                 

                                                 

                                                 

                                                 

                                                 

                                                 

                                                 

                                                 

                                                 

                                                 

                                                 

                                                 

                                                 

                                                 

                                                 

                                                 

                                                 

                                                 

                                                 

                                                 

                                                 

                                                 

                                                 

                                                 

                                                 

                                                 

                                                 

                                                 

                                                 

                                                 

                                                 

                                                 

                                                 

                                                 

                                                 

                                                 

                                                 

                                                 

                                                 

                                                 

                                                 

                                                 

                                                 

                                                 

                                                 

                                                 

                                                 

                                                 

                                                 

                                                 

                                                 

                                                 

                                                 

                                                 

                                                 

                                                 

                                                 

                                                 

                                                 

                                                 

                                                 

                                                 

                                                 

                                                 

                                                 

                                                 

                                                 

                                                 

                                                 

                                                 

                                                 

                                                 

                                                 

                                                 
{'eval_loss': 0.9287111759185791, 'eval_runtime': 9.7928, 'eval_samples_per_second': 13.071, 'eval_steps_per_second': 3.268, 'epoch': 0.12}
{'loss': 0.8766, 'grad_norm': 2.3718998432159424, 'learning_rate': 1.7769953051643195e-05, 'epoch': 0.12}
{'loss': 1.1552, 'grad_norm': 3.0564839839935303, 'learning_rate': 1.774647887323944e-05, 'epoch': 0.13}
{'loss': 1.1869, 'grad_norm': 1.9746124744415283, 'learning_rate': 1.7723004694835683e-05, 'epoch': 0.13}
{'loss': 1.0027, 'grad_norm': 2.862575054168701, 'learning_rate': 1.7699530516431927e-05, 'epoch': 0.13}
{'loss': 1.1049, 'grad_norm': 3.077106237411499, 'learning_rate': 1.767605633802817e-05, 'epoch': 0.13}
{'loss': 1.0283, 'grad_norm': 5.890010356903076, 'learning_rate': 1.7652582159624414e-05, 'epoch': 0.13}
{'loss': 1.0662, 'grad_norm': 5.249589443206787, 'learning_rate': 1.762910798122066e-05, 'epoch': 0.13}
{'loss': 1.1412, 'grad_norm': 4.613962173461914, 'learning_rate': 1.7605633802816902e-05, 'epoch': 0.13}
{'loss': 0.808, 'grad_norm': 2.282058000564575, 'learning_rate': 1.7582159624413146e-05, 'epoch': 0.13}
{'loss': 1.2372, 'grad_norm': 3.6895391941070557, 'learning_rate': 1.755868544600939e-05, 'epoch': 0.14}
{'loss': 1.0761, 'grad_norm': 5.023223400115967, 'learning_rate': 1.7535211267605638e-05, 'epoch': 0.14}
{'loss': 1.33, 'grad_norm': 2.788160800933838, 'learning_rate': 1.7511737089201878e-05, 'epoch': 0.14}
{'loss': 1.0404, 'grad_norm': 4.252143859863281, 'learning_rate': 1.7488262910798126e-05, 'epoch': 0.14}
{'loss': 1.2273, 'grad_norm': 4.218658924102783, 'learning_rate': 1.7464788732394366e-05, 'epoch': 0.14}
{'loss': 1.2093, 'grad_norm': 4.409541130065918, 'learning_rate': 1.744131455399061e-05, 'epoch': 0.14}
{'loss': 0.9964, 'grad_norm': 4.0405426025390625, 'learning_rate': 1.7417840375586857e-05, 'epoch': 0.14}
{'loss': 1.1654, 'grad_norm': 4.319087505340576, 'learning_rate': 1.7394366197183098e-05, 'epoch': 0.14}
{'loss': 1.1299, 'grad_norm': 2.7937698364257812, 'learning_rate': 1.7370892018779345e-05, 'epoch': 0.15}
{'loss': 0.9385, 'grad_norm': 2.1594724655151367, 'learning_rate': 1.734741784037559e-05, 'epoch': 0.15}
{'loss': 1.0786, 'grad_norm': 4.196933269500732, 'learning_rate': 1.732394366197183e-05, 'epoch': 0.15}
{'loss': 1.1504, 'grad_norm': 5.07326602935791, 'learning_rate': 1.7300469483568077e-05, 'epoch': 0.15}
{'loss': 1.1523, 'grad_norm': 5.271155834197998, 'learning_rate': 1.727699530516432e-05, 'epoch': 0.15}
{'loss': 0.9568, 'grad_norm': 3.821214437484741, 'learning_rate': 1.7253521126760565e-05, 'epoch': 0.15}
{'loss': 1.1704, 'grad_norm': 2.8476903438568115, 'learning_rate': 1.723004694835681e-05, 'epoch': 0.15}
{'loss': 1.1074, 'grad_norm': 2.8872175216674805, 'learning_rate': 1.7206572769953053e-05, 'epoch': 0.15}
{'loss': 1.0981, 'grad_norm': 3.1962835788726807, 'learning_rate': 1.7183098591549297e-05, 'epoch': 0.15}
{'loss': 1.0509, 'grad_norm': 3.6345434188842773, 'learning_rate': 1.715962441314554e-05, 'epoch': 0.16}
{'loss': 1.0735, 'grad_norm': 1.9899227619171143, 'learning_rate': 1.7136150234741785e-05, 'epoch': 0.16}
{'loss': 1.0988, 'grad_norm': 3.1988210678100586, 'learning_rate': 1.711267605633803e-05, 'epoch': 0.16}
{'loss': 0.8112, 'grad_norm': 3.123155355453491, 'learning_rate': 1.7089201877934273e-05, 'epoch': 0.16}
{'loss': 1.151, 'grad_norm': 2.3202688694000244, 'learning_rate': 1.706572769953052e-05, 'epoch': 0.16}
{'loss': 1.0349, 'grad_norm': 3.2200026512145996, 'learning_rate': 1.704225352112676e-05, 'epoch': 0.16}
{'loss': 1.1302, 'grad_norm': 2.9410839080810547, 'learning_rate': 1.7018779342723005e-05, 'epoch': 0.16}
{'loss': 1.0096, 'grad_norm': 8.687520027160645, 'learning_rate': 1.6995305164319252e-05, 'epoch': 0.16}
{'loss': 1.1425, 'grad_norm': 5.355797290802002, 'learning_rate': 1.6971830985915493e-05, 'epoch': 0.17}
{'loss': 1.208, 'grad_norm': 8.487276077270508, 'learning_rate': 1.694835680751174e-05, 'epoch': 0.17}
{'loss': 1.0955, 'grad_norm': 6.756768703460693, 'learning_rate': 1.692488262910798e-05, 'epoch': 0.17}
{'loss': 1.1605, 'grad_norm': 2.7097244262695312, 'learning_rate': 1.6901408450704228e-05, 'epoch': 0.17}
{'loss': 1.0644, 'grad_norm': 4.121394157409668, 'learning_rate': 1.6877934272300472e-05, 'epoch': 0.17}
{'loss': 1.0651, 'grad_norm': 2.7406747341156006, 'learning_rate': 1.6854460093896712e-05, 'epoch': 0.17}
{'loss': 1.0963, 'grad_norm': 1.5171343088150024, 'learning_rate': 1.683098591549296e-05, 'epoch': 0.17}
{'loss': 1.2114, 'grad_norm': 3.130885362625122, 'learning_rate': 1.6807511737089204e-05, 'epoch': 0.17}
{'loss': 0.9554, 'grad_norm': 3.6115593910217285, 'learning_rate': 1.6784037558685448e-05, 'epoch': 0.18}
{'loss': 1.3801, 'grad_norm': 11.19507884979248, 'learning_rate': 1.676056338028169e-05, 'epoch': 0.18}
{'loss': 0.9645, 'grad_norm': 4.21785831451416, 'learning_rate': 1.6737089201877936e-05, 'epoch': 0.18}
{'loss': 1.0466, 'grad_norm': 2.9351437091827393, 'learning_rate': 1.671361502347418e-05, 'epoch': 0.18}
{'loss': 0.9949, 'grad_norm': 5.2352423667907715, 'learning_rate': 1.6690140845070424e-05, 'epoch': 0.18}
{'loss': 1.1323, 'grad_norm': 2.483168125152588, 'learning_rate': 1.6666666666666667e-05, 'epoch': 0.18}
{'loss': 0.9851, 'grad_norm': 3.8728458881378174, 'learning_rate': 1.664319248826291e-05, 'epoch': 0.18}
{'loss': 1.1424, 'grad_norm': 1.6711231470108032, 'learning_rate': 1.6619718309859155e-05, 'epoch': 0.18}
{'loss': 1.325, 'grad_norm': 2.779437780380249, 'learning_rate': 1.6596244131455403e-05, 'epoch': 0.19}
{'loss': 0.8953, 'grad_norm': 4.180987358093262, 'learning_rate': 1.6572769953051643e-05, 'epoch': 0.19}
{'loss': 1.1523, 'grad_norm': 4.599704265594482, 'learning_rate': 1.6549295774647887e-05, 'epoch': 0.19}
{'loss': 1.0546, 'grad_norm': 3.0986666679382324, 'learning_rate': 1.6525821596244135e-05, 'epoch': 0.19}
{'loss': 1.1569, 'grad_norm': 2.5923080444335938, 'learning_rate': 1.6502347417840375e-05, 'epoch': 0.19}
{'loss': 1.0961, 'grad_norm': 4.874014377593994, 'learning_rate': 1.6478873239436623e-05, 'epoch': 0.19}
{'loss': 0.977, 'grad_norm': 3.1235404014587402, 'learning_rate': 1.6455399061032866e-05, 'epoch': 0.19}
{'loss': 1.1935, 'grad_norm': 2.723264694213867, 'learning_rate': 1.643192488262911e-05, 'epoch': 0.19}
{'loss': 1.0082, 'grad_norm': 3.1701371669769287, 'learning_rate': 1.6408450704225354e-05, 'epoch': 0.2}
{'loss': 1.0101, 'grad_norm': 1.999553918838501, 'learning_rate': 1.6384976525821595e-05, 'epoch': 0.2}
{'loss': 0.9903, 'grad_norm': 3.4369044303894043, 'learning_rate': 1.6361502347417842e-05, 'epoch': 0.2}
{'loss': 1.1137, 'grad_norm': 3.5478196144104004, 'learning_rate': 1.6338028169014086e-05, 'epoch': 0.2}
{'loss': 1.1024, 'grad_norm': 1.7257976531982422, 'learning_rate': 1.631455399061033e-05, 'epoch': 0.2}
{'loss': 1.0718, 'grad_norm': 1.9881221055984497, 'learning_rate': 1.6291079812206574e-05, 'epoch': 0.2}
{'loss': 1.2107, 'grad_norm': 3.579601287841797, 'learning_rate': 1.6267605633802818e-05, 'epoch': 0.2}
{'loss': 1.1152, 'grad_norm': 7.784395217895508, 'learning_rate': 1.6244131455399062e-05, 'epoch': 0.2}
{'loss': 1.1573, 'grad_norm': 3.6606717109680176, 'learning_rate': 1.6220657276995306e-05, 'epoch': 0.21}
{'loss': 1.1694, 'grad_norm': 3.35849928855896, 'learning_rate': 1.619718309859155e-05, 'epoch': 0.21}
{'loss': 1.0783, 'grad_norm': 11.150107383728027, 'learning_rate': 1.6173708920187794e-05, 'epoch': 0.21}
{'loss': 1.0718, 'grad_norm': 4.109184741973877, 'learning_rate': 1.6150234741784038e-05, 'epoch': 0.21}
{'loss': 1.1832, 'grad_norm': 5.9829816818237305, 'learning_rate': 1.6126760563380285e-05, 'epoch': 0.21}
{'loss': 0.9681, 'grad_norm': 4.535223484039307, 'learning_rate': 1.6103286384976526e-05, 'epoch': 0.21}
{'loss': 0.9425, 'grad_norm': 4.768311023712158, 'learning_rate': 1.607981220657277e-05, 'epoch': 0.21}
{'loss': 1.0953, 'grad_norm': 4.798278331756592, 'learning_rate': 1.6056338028169017e-05, 'epoch': 0.21}
{'loss': 1.1845, 'grad_norm': 3.9945781230926514, 'learning_rate': 1.6032863849765258e-05, 'epoch': 0.22}
{'loss': 0.8236, 'grad_norm': 3.4733030796051025, 'learning_rate': 1.6009389671361505e-05, 'epoch': 0.22}
{'loss': 1.2197, 'grad_norm': 5.583446502685547, 'learning_rate': 1.598591549295775e-05, 'epoch': 0.22}
                                                 

                                                 

                                                 

                                                 

                                                 

                                                 

                                                 

                                                 

                                                 

                                                 

                                                 

                                                 

                                                 

                                                 

                                                 

                                                 

                                                 

                                                 

                                                 

                                                 

                                                 

                                                 

                                                 

{'loss': 1.1798, 'grad_norm': 5.079003810882568, 'learning_rate': 1.5962441314553993e-05, 'epoch': 0.22}
{'loss': 0.9984, 'grad_norm': 3.2611031532287598, 'learning_rate': 1.5938967136150237e-05, 'epoch': 0.22}
{'loss': 1.2936, 'grad_norm': 3.5645570755004883, 'learning_rate': 1.591549295774648e-05, 'epoch': 0.22}
{'loss': 1.1196, 'grad_norm': 5.193578243255615, 'learning_rate': 1.5892018779342725e-05, 'epoch': 0.22}
{'loss': 1.1404, 'grad_norm': 3.0736048221588135, 'learning_rate': 1.586854460093897e-05, 'epoch': 0.22}
{'loss': 1.0911, 'grad_norm': 3.396425485610962, 'learning_rate': 1.5845070422535213e-05, 'epoch': 0.22}
{'loss': 0.9102, 'grad_norm': 3.5766472816467285, 'learning_rate': 1.5821596244131457e-05, 'epoch': 0.23}
{'loss': 1.0753, 'grad_norm': 8.48642635345459, 'learning_rate': 1.57981220657277e-05, 'epoch': 0.23}
{'loss': 1.1399, 'grad_norm': 3.977895975112915, 'learning_rate': 1.5774647887323945e-05, 'epoch': 0.23}
{'loss': 1.0938, 'grad_norm': 3.921250820159912, 'learning_rate': 1.575117370892019e-05, 'epoch': 0.23}
{'loss': 1.042, 'grad_norm': 5.128824234008789, 'learning_rate': 1.5727699530516433e-05, 'epoch': 0.23}
{'loss': 1.0754, 'grad_norm': 10.041862487792969, 'learning_rate': 1.5704225352112677e-05, 'epoch': 0.23}
{'loss': 0.775, 'grad_norm': 5.441216468811035, 'learning_rate': 1.568075117370892e-05, 'epoch': 0.23}
{'loss': 1.2136, 'grad_norm': 3.1447393894195557, 'learning_rate': 1.5657276995305168e-05, 'epoch': 0.23}
{'loss': 1.1983, 'grad_norm': 6.946123123168945, 'learning_rate': 1.563380281690141e-05, 'epoch': 0.24}
{'loss': 1.0851, 'grad_norm': 3.0837762355804443, 'learning_rate': 1.5610328638497652e-05, 'epoch': 0.24}
{'loss': 1.0774, 'grad_norm': 9.220902442932129, 'learning_rate': 1.55868544600939e-05, 'epoch': 0.24}
{'loss': 1.2964, 'grad_norm': 5.368899822235107, 'learning_rate': 1.556338028169014e-05, 'epoch': 0.24}
{'loss': 1.158, 'grad_norm': 5.099241733551025, 'learning_rate': 1.5539906103286388e-05, 'epoch': 0.24}
{'loss': 1.036, 'grad_norm': 2.1177384853363037, 'learning_rate': 1.551643192488263e-05, 'epoch': 0.24}
{'loss': 1.1764, 'grad_norm': 3.9787421226501465, 'learning_rate': 1.5492957746478872e-05, 'epoch': 0.24}
{'loss': 0.998, 'grad_norm': 11.438531875610352, 'learning_rate': 1.546948356807512e-05, 'epoch': 0.24}
{'loss': 1.1255, 'grad_norm': 3.1434075832366943, 'learning_rate': 1.5446009389671363e-05, 'epoch': 0.25}
































                                                 


                                               
[A


                                               [A
                                                 

                                                 

                                                 

                                                 

                                                 

                                                 

                                                 

                                                 

                                                 

                                                 

                                                 

                                                 

                                                 

                                                 

                                                 

                                                 

                                                 

                                                 

                                                 

                                                 

                                                 

                                                 

                                                 

                                                 

                                                 

                                                 

                                                 

                                                 

                                                 

                                                 

                                                 

                                                 

                                                 

                                                 

                                                 

                                                 

                                                 

                                                 

                                                 

                                                 

                                                 

                                                 

                                                 

                                                 

                                                 

                                                 

                                                 

                                                 

                                                 

                                                 

                                                 

                                                 

                                                 

                                                 

                                                 

                                                 

                                                 

                                                 

                                                 

                                                 

                                                 

                                                 

                                                 

                                                 

                                                 

                                                 

                                                 

                                                 

                                                 

                                                 

                                                 

                                                 

                                                 

                                                 

                                                 

                                                 

                                                 
{'eval_loss': 0.914397120475769, 'eval_runtime': 9.641, 'eval_samples_per_second': 13.277, 'eval_steps_per_second': 3.319, 'epoch': 0.25}
{'loss': 1.1034, 'grad_norm': 5.357029438018799, 'learning_rate': 1.5422535211267607e-05, 'epoch': 0.25}
{'loss': 1.0836, 'grad_norm': 5.954812049865723, 'learning_rate': 1.539906103286385e-05, 'epoch': 0.25}
{'loss': 1.0697, 'grad_norm': 14.730793952941895, 'learning_rate': 1.5375586854460095e-05, 'epoch': 0.25}
{'loss': 1.0229, 'grad_norm': 3.9897725582122803, 'learning_rate': 1.535211267605634e-05, 'epoch': 0.25}
{'loss': 0.9607, 'grad_norm': 7.403970718383789, 'learning_rate': 1.5328638497652583e-05, 'epoch': 0.25}
{'loss': 0.8443, 'grad_norm': 4.728803634643555, 'learning_rate': 1.5305164319248827e-05, 'epoch': 0.25}
{'loss': 0.9983, 'grad_norm': 4.117969512939453, 'learning_rate': 1.528169014084507e-05, 'epoch': 0.25}
{'loss': 0.7726, 'grad_norm': 6.6427741050720215, 'learning_rate': 1.5258215962441317e-05, 'epoch': 0.26}
{'loss': 1.0623, 'grad_norm': 5.196933746337891, 'learning_rate': 1.5234741784037559e-05, 'epoch': 0.26}
{'loss': 0.921, 'grad_norm': 2.8860950469970703, 'learning_rate': 1.5211267605633803e-05, 'epoch': 0.26}
{'loss': 1.1727, 'grad_norm': 4.8847737312316895, 'learning_rate': 1.5187793427230049e-05, 'epoch': 0.26}
{'loss': 0.9862, 'grad_norm': 3.9474518299102783, 'learning_rate': 1.5164319248826291e-05, 'epoch': 0.26}
{'loss': 0.9432, 'grad_norm': 3.1150715351104736, 'learning_rate': 1.5140845070422537e-05, 'epoch': 0.26}
{'loss': 1.0587, 'grad_norm': 5.370209693908691, 'learning_rate': 1.511737089201878e-05, 'epoch': 0.26}
{'loss': 0.8547, 'grad_norm': 3.16939377784729, 'learning_rate': 1.5093896713615025e-05, 'epoch': 0.26}
{'loss': 1.0025, 'grad_norm': 7.988398551940918, 'learning_rate': 1.5070422535211269e-05, 'epoch': 0.27}
{'loss': 0.9747, 'grad_norm': 5.2572407722473145, 'learning_rate': 1.5046948356807514e-05, 'epoch': 0.27}
{'loss': 0.9921, 'grad_norm': 2.9985458850860596, 'learning_rate': 1.5023474178403756e-05, 'epoch': 0.27}
{'loss': 1.1017, 'grad_norm': 8.180889129638672, 'learning_rate': 1.5000000000000002e-05, 'epoch': 0.27}
{'loss': 0.8634, 'grad_norm': 3.6071135997772217, 'learning_rate': 1.4976525821596246e-05, 'epoch': 0.27}
{'loss': 1.1687, 'grad_norm': 6.665408611297607, 'learning_rate': 1.4953051643192488e-05, 'epoch': 0.27}
{'loss': 0.9027, 'grad_norm': 3.0418689250946045, 'learning_rate': 1.4929577464788734e-05, 'epoch': 0.27}
{'loss': 1.0389, 'grad_norm': 4.605644702911377, 'learning_rate': 1.4906103286384978e-05, 'epoch': 0.27}
{'loss': 0.9557, 'grad_norm': 3.1312365531921387, 'learning_rate': 1.4882629107981222e-05, 'epoch': 0.28}
{'loss': 1.114, 'grad_norm': 4.608795642852783, 'learning_rate': 1.4859154929577466e-05, 'epoch': 0.28}
{'loss': 1.1181, 'grad_norm': 2.9756345748901367, 'learning_rate': 1.4835680751173711e-05, 'epoch': 0.28}
{'loss': 1.4231, 'grad_norm': 3.505861520767212, 'learning_rate': 1.4812206572769954e-05, 'epoch': 0.28}
{'loss': 0.8768, 'grad_norm': 2.585663080215454, 'learning_rate': 1.47887323943662e-05, 'epoch': 0.28}
{'loss': 1.1622, 'grad_norm': 3.9232189655303955, 'learning_rate': 1.4765258215962443e-05, 'epoch': 0.28}
{'loss': 1.2427, 'grad_norm': 4.299668312072754, 'learning_rate': 1.4741784037558686e-05, 'epoch': 0.28}
{'loss': 0.869, 'grad_norm': 2.675198793411255, 'learning_rate': 1.4718309859154931e-05, 'epoch': 0.28}
{'loss': 1.1146, 'grad_norm': 5.0376739501953125, 'learning_rate': 1.4694835680751174e-05, 'epoch': 0.29}
{'loss': 1.0892, 'grad_norm': 7.525151252746582, 'learning_rate': 1.467136150234742e-05, 'epoch': 0.29}
{'loss': 1.1581, 'grad_norm': 2.672011613845825, 'learning_rate': 1.4647887323943663e-05, 'epoch': 0.29}
{'loss': 0.8902, 'grad_norm': 4.830319881439209, 'learning_rate': 1.4624413145539907e-05, 'epoch': 0.29}
{'loss': 1.0685, 'grad_norm': 7.602806091308594, 'learning_rate': 1.4600938967136151e-05, 'epoch': 0.29}
{'loss': 1.1798, 'grad_norm': 2.5099244117736816, 'learning_rate': 1.4577464788732397e-05, 'epoch': 0.29}
{'loss': 1.0292, 'grad_norm': 12.378619194030762, 'learning_rate': 1.4553990610328639e-05, 'epoch': 0.29}
{'loss': 1.0005, 'grad_norm': 3.093024969100952, 'learning_rate': 1.4530516431924883e-05, 'epoch': 0.29}
{'loss': 0.8723, 'grad_norm': 4.459914207458496, 'learning_rate': 1.4507042253521129e-05, 'epoch': 0.3}
{'loss': 0.9448, 'grad_norm': 3.3562185764312744, 'learning_rate': 1.4483568075117371e-05, 'epoch': 0.3}
{'loss': 0.9509, 'grad_norm': 5.082151412963867, 'learning_rate': 1.4460093896713617e-05, 'epoch': 0.3}
{'loss': 1.2172, 'grad_norm': 2.590176582336426, 'learning_rate': 1.443661971830986e-05, 'epoch': 0.3}
{'loss': 0.8736, 'grad_norm': 2.7139108180999756, 'learning_rate': 1.4413145539906104e-05, 'epoch': 0.3}
{'loss': 1.1577, 'grad_norm': 3.422010660171509, 'learning_rate': 1.4389671361502348e-05, 'epoch': 0.3}
{'loss': 1.0082, 'grad_norm': 2.335085391998291, 'learning_rate': 1.4366197183098594e-05, 'epoch': 0.3}
{'loss': 0.9525, 'grad_norm': 3.4596543312072754, 'learning_rate': 1.4342723004694836e-05, 'epoch': 0.3}
{'loss': 0.9789, 'grad_norm': 3.876772880554199, 'learning_rate': 1.4319248826291082e-05, 'epoch': 0.3}
{'loss': 1.0679, 'grad_norm': 2.676175832748413, 'learning_rate': 1.4295774647887326e-05, 'epoch': 0.31}
{'loss': 0.8941, 'grad_norm': 5.160393238067627, 'learning_rate': 1.4272300469483568e-05, 'epoch': 0.31}
{'loss': 1.0395, 'grad_norm': 4.733884334564209, 'learning_rate': 1.4248826291079814e-05, 'epoch': 0.31}
{'loss': 0.8193, 'grad_norm': 3.6025781631469727, 'learning_rate': 1.4225352112676058e-05, 'epoch': 0.31}
{'loss': 1.012, 'grad_norm': 6.283246040344238, 'learning_rate': 1.4201877934272302e-05, 'epoch': 0.31}
{'loss': 1.038, 'grad_norm': 7.952975273132324, 'learning_rate': 1.4178403755868546e-05, 'epoch': 0.31}
{'loss': 1.0205, 'grad_norm': 11.195411682128906, 'learning_rate': 1.4154929577464788e-05, 'epoch': 0.31}
{'loss': 1.1035, 'grad_norm': 4.587721347808838, 'learning_rate': 1.4131455399061034e-05, 'epoch': 0.31}
{'loss': 0.8736, 'grad_norm': 4.405336856842041, 'learning_rate': 1.410798122065728e-05, 'epoch': 0.32}
{'loss': 1.0525, 'grad_norm': 2.226102828979492, 'learning_rate': 1.4084507042253522e-05, 'epoch': 0.32}
{'loss': 1.0743, 'grad_norm': 2.373805522918701, 'learning_rate': 1.4061032863849765e-05, 'epoch': 0.32}
{'loss': 1.0819, 'grad_norm': 5.615483283996582, 'learning_rate': 1.4037558685446011e-05, 'epoch': 0.32}
{'loss': 1.029, 'grad_norm': 2.499952793121338, 'learning_rate': 1.4014084507042253e-05, 'epoch': 0.32}
{'loss': 1.1231, 'grad_norm': 4.005086421966553, 'learning_rate': 1.3990610328638499e-05, 'epoch': 0.32}
{'loss': 0.9141, 'grad_norm': 3.606839895248413, 'learning_rate': 1.3967136150234743e-05, 'epoch': 0.32}
{'loss': 1.0903, 'grad_norm': 10.87895393371582, 'learning_rate': 1.3943661971830987e-05, 'epoch': 0.32}
{'loss': 1.0107, 'grad_norm': 2.9389984607696533, 'learning_rate': 1.3920187793427231e-05, 'epoch': 0.33}
{'loss': 0.9212, 'grad_norm': 8.046918869018555, 'learning_rate': 1.3896713615023477e-05, 'epoch': 0.33}
{'loss': 1.0992, 'grad_norm': 5.4430928230285645, 'learning_rate': 1.3873239436619719e-05, 'epoch': 0.33}
{'loss': 0.8554, 'grad_norm': 3.3139970302581787, 'learning_rate': 1.3849765258215963e-05, 'epoch': 0.33}
{'loss': 1.0511, 'grad_norm': 4.14193868637085, 'learning_rate': 1.3826291079812208e-05, 'epoch': 0.33}
{'loss': 1.0798, 'grad_norm': 3.415095567703247, 'learning_rate': 1.380281690140845e-05, 'epoch': 0.33}
{'loss': 0.9251, 'grad_norm': 11.244895935058594, 'learning_rate': 1.3779342723004696e-05, 'epoch': 0.33}
{'loss': 1.083, 'grad_norm': 7.623730182647705, 'learning_rate': 1.375586854460094e-05, 'epoch': 0.33}
{'loss': 1.1278, 'grad_norm': 4.069302558898926, 'learning_rate': 1.3732394366197184e-05, 'epoch': 0.34}
{'loss': 0.934, 'grad_norm': 3.199629783630371, 'learning_rate': 1.3708920187793428e-05, 'epoch': 0.34}
{'loss': 0.9723, 'grad_norm': 5.379711627960205, 'learning_rate': 1.3685446009389674e-05, 'epoch': 0.34}
{'loss': 0.8803, 'grad_norm': 2.5242748260498047, 'learning_rate': 1.3661971830985916e-05, 'epoch': 0.34}
{'loss': 1.0519, 'grad_norm': 3.7578320503234863, 'learning_rate': 1.3638497652582162e-05, 'epoch': 0.34}
                                                 

                                                 

                                                 

                                                 

                                                 

                                                 

                                                 

                                                 

                                                 

                                                 

                                                 

                                                 

                                                 

                                                 

                                                 

                                                 

                                                 

                                                 

                                                 

                                                 

                                                 

                                                 

                                                 

{'loss': 1.0276, 'grad_norm': 5.169028282165527, 'learning_rate': 1.3615023474178406e-05, 'epoch': 0.34}
{'loss': 1.0563, 'grad_norm': 5.754269599914551, 'learning_rate': 1.3591549295774648e-05, 'epoch': 0.34}
{'loss': 0.8344, 'grad_norm': 3.526577949523926, 'learning_rate': 1.3568075117370894e-05, 'epoch': 0.34}
{'loss': 0.9508, 'grad_norm': 4.599954605102539, 'learning_rate': 1.3544600938967136e-05, 'epoch': 0.35}
{'loss': 1.0448, 'grad_norm': 4.0134477615356445, 'learning_rate': 1.3521126760563382e-05, 'epoch': 0.35}
{'loss': 1.2283, 'grad_norm': 6.829570770263672, 'learning_rate': 1.3497652582159626e-05, 'epoch': 0.35}
{'loss': 1.0483, 'grad_norm': 10.35810375213623, 'learning_rate': 1.347417840375587e-05, 'epoch': 0.35}
{'loss': 1.017, 'grad_norm': 3.171635150909424, 'learning_rate': 1.3450704225352114e-05, 'epoch': 0.35}
{'loss': 0.8534, 'grad_norm': 2.993532180786133, 'learning_rate': 1.342723004694836e-05, 'epoch': 0.35}
{'loss': 0.9054, 'grad_norm': 3.73756742477417, 'learning_rate': 1.3403755868544601e-05, 'epoch': 0.35}
{'loss': 0.9424, 'grad_norm': 4.470699787139893, 'learning_rate': 1.3380281690140845e-05, 'epoch': 0.35}
{'loss': 1.3196, 'grad_norm': 3.75117826461792, 'learning_rate': 1.3356807511737091e-05, 'epoch': 0.36}
{'loss': 0.9177, 'grad_norm': 3.9669950008392334, 'learning_rate': 1.3333333333333333e-05, 'epoch': 0.36}
{'loss': 1.1498, 'grad_norm': 6.218349933624268, 'learning_rate': 1.3309859154929579e-05, 'epoch': 0.36}
{'loss': 0.9563, 'grad_norm': 3.5863301753997803, 'learning_rate': 1.3286384976525823e-05, 'epoch': 0.36}
{'loss': 0.8957, 'grad_norm': 2.7285666465759277, 'learning_rate': 1.3262910798122067e-05, 'epoch': 0.36}
{'loss': 1.1803, 'grad_norm': 4.425389766693115, 'learning_rate': 1.323943661971831e-05, 'epoch': 0.36}
{'loss': 1.0954, 'grad_norm': 5.822607040405273, 'learning_rate': 1.3215962441314556e-05, 'epoch': 0.36}
{'loss': 1.1412, 'grad_norm': 5.690578937530518, 'learning_rate': 1.3192488262910799e-05, 'epoch': 0.36}
{'loss': 1.072, 'grad_norm': 3.0521891117095947, 'learning_rate': 1.3169014084507044e-05, 'epoch': 0.37}
{'loss': 1.1767, 'grad_norm': 3.292404890060425, 'learning_rate': 1.3145539906103288e-05, 'epoch': 0.37}
{'loss': 0.869, 'grad_norm': 4.202494144439697, 'learning_rate': 1.312206572769953e-05, 'epoch': 0.37}
{'loss': 1.0208, 'grad_norm': 2.567506790161133, 'learning_rate': 1.3098591549295776e-05, 'epoch': 0.37}
































                                                 


                                               
[A


                                               [A
                                                 

                                                 

                                                 

                                                 

                                                 

                                                 

                                                 

                                                 

                                                 

                                                 

                                                 

                                                 

                                                 

                                                 

                                                 

                                                 

                                                 

                                                 

                                                 

                                                 

                                                 

                                                 

                                                 

                                                 

                                                 

                                                 

                                                 

                                                 

                                                 

                                                 

                                                 

                                                 

                                                 

                                                 

                                                 

                                                 

                                                 

                                                 

                                                 

                                                 

                                                 

                                                 

                                                 

                                                 

                                                 

                                                 

                                                 

                                                 

                                                 

                                                 

                                                 

                                                 

                                                 

                                                 

                                                 

                                                 

                                                 

                                                 

                                                 

                                                 

                                                 

                                                 

                                                 

                                                 

                                                 

                                                 

                                                 

                                                 

                                                 

                                                 

                                                 

                                                 

                                                 

                                                 

                                                 

                                                 

                                                 
{'eval_loss': 0.9089074730873108, 'eval_runtime': 9.6106, 'eval_samples_per_second': 13.319, 'eval_steps_per_second': 3.33, 'epoch': 0.37}
{'loss': 0.7446, 'grad_norm': 2.458510637283325, 'learning_rate': 1.307511737089202e-05, 'epoch': 0.37}
{'loss': 1.0766, 'grad_norm': 3.1381983757019043, 'learning_rate': 1.3051643192488264e-05, 'epoch': 0.37}
{'loss': 1.0763, 'grad_norm': 6.990833282470703, 'learning_rate': 1.3028169014084508e-05, 'epoch': 0.37}
{'loss': 0.8751, 'grad_norm': 8.788314819335938, 'learning_rate': 1.300469483568075e-05, 'epoch': 0.37}
{'loss': 0.7026, 'grad_norm': 5.034008026123047, 'learning_rate': 1.2981220657276996e-05, 'epoch': 0.37}
{'loss': 1.0119, 'grad_norm': 11.273438453674316, 'learning_rate': 1.2957746478873242e-05, 'epoch': 0.38}
{'loss': 0.9331, 'grad_norm': 4.044758319854736, 'learning_rate': 1.2934272300469484e-05, 'epoch': 0.38}
{'loss': 1.2691, 'grad_norm': 5.203606605529785, 'learning_rate': 1.2910798122065728e-05, 'epoch': 0.38}
{'loss': 1.0836, 'grad_norm': 3.4072227478027344, 'learning_rate': 1.2887323943661974e-05, 'epoch': 0.38}
{'loss': 0.8295, 'grad_norm': 6.095853805541992, 'learning_rate': 1.2863849765258216e-05, 'epoch': 0.38}
{'loss': 1.1821, 'grad_norm': 3.441929578781128, 'learning_rate': 1.2840375586854462e-05, 'epoch': 0.38}
{'loss': 1.1166, 'grad_norm': 4.068909168243408, 'learning_rate': 1.2816901408450705e-05, 'epoch': 0.38}
{'loss': 0.9691, 'grad_norm': 4.945863246917725, 'learning_rate': 1.279342723004695e-05, 'epoch': 0.38}
{'loss': 1.0195, 'grad_norm': 4.353949546813965, 'learning_rate': 1.2769953051643193e-05, 'epoch': 0.39}
{'loss': 1.0591, 'grad_norm': 3.5925371646881104, 'learning_rate': 1.2746478873239439e-05, 'epoch': 0.39}
{'loss': 1.0115, 'grad_norm': 6.051381587982178, 'learning_rate': 1.2723004694835681e-05, 'epoch': 0.39}
{'loss': 1.0184, 'grad_norm': 5.105620384216309, 'learning_rate': 1.2699530516431925e-05, 'epoch': 0.39}
{'loss': 1.2493, 'grad_norm': 6.819348335266113, 'learning_rate': 1.2676056338028171e-05, 'epoch': 0.39}
{'loss': 0.996, 'grad_norm': 4.484563827514648, 'learning_rate': 1.2652582159624413e-05, 'epoch': 0.39}
{'loss': 1.0445, 'grad_norm': 4.36062479019165, 'learning_rate': 1.2629107981220659e-05, 'epoch': 0.39}
{'loss': 0.9863, 'grad_norm': 3.0324244499206543, 'learning_rate': 1.2605633802816903e-05, 'epoch': 0.39}
{'loss': 1.0953, 'grad_norm': 8.672333717346191, 'learning_rate': 1.2582159624413147e-05, 'epoch': 0.4}
{'loss': 0.8822, 'grad_norm': 4.441276550292969, 'learning_rate': 1.255868544600939e-05, 'epoch': 0.4}
{'loss': 1.0824, 'grad_norm': 5.683718681335449, 'learning_rate': 1.2535211267605636e-05, 'epoch': 0.4}
{'loss': 0.9018, 'grad_norm': 3.617979049682617, 'learning_rate': 1.2511737089201879e-05, 'epoch': 0.4}
{'loss': 1.1203, 'grad_norm': 2.7499873638153076, 'learning_rate': 1.2488262910798124e-05, 'epoch': 0.4}
{'loss': 0.9495, 'grad_norm': 6.710612773895264, 'learning_rate': 1.2464788732394367e-05, 'epoch': 0.4}
{'loss': 1.0014, 'grad_norm': 2.550676107406616, 'learning_rate': 1.244131455399061e-05, 'epoch': 0.4}
{'loss': 1.0229, 'grad_norm': 3.033478260040283, 'learning_rate': 1.2417840375586856e-05, 'epoch': 0.4}
{'loss': 0.9734, 'grad_norm': 3.3152642250061035, 'learning_rate': 1.2394366197183098e-05, 'epoch': 0.41}
{'loss': 1.2906, 'grad_norm': 11.238357543945312, 'learning_rate': 1.2370892018779344e-05, 'epoch': 0.41}
{'loss': 0.9611, 'grad_norm': 2.332148551940918, 'learning_rate': 1.2347417840375588e-05, 'epoch': 0.41}
{'loss': 1.0336, 'grad_norm': 5.356059551239014, 'learning_rate': 1.232394366197183e-05, 'epoch': 0.41}
{'loss': 1.2608, 'grad_norm': 2.7340235710144043, 'learning_rate': 1.2300469483568076e-05, 'epoch': 0.41}
{'loss': 1.1193, 'grad_norm': 3.2017316818237305, 'learning_rate': 1.2276995305164322e-05, 'epoch': 0.41}
{'loss': 0.9861, 'grad_norm': 1.981076955795288, 'learning_rate': 1.2253521126760564e-05, 'epoch': 0.41}
{'loss': 0.7537, 'grad_norm': 3.6850693225860596, 'learning_rate': 1.2230046948356808e-05, 'epoch': 0.41}
{'loss': 0.9382, 'grad_norm': 3.890495538711548, 'learning_rate': 1.2206572769953053e-05, 'epoch': 0.42}
{'loss': 0.9722, 'grad_norm': 4.964286804199219, 'learning_rate': 1.2183098591549296e-05, 'epoch': 0.42}
{'loss': 0.9215, 'grad_norm': 4.390936851501465, 'learning_rate': 1.2159624413145541e-05, 'epoch': 0.42}
{'loss': 0.7812, 'grad_norm': 4.766570568084717, 'learning_rate': 1.2136150234741785e-05, 'epoch': 0.42}
{'loss': 1.2037, 'grad_norm': 3.9925198554992676, 'learning_rate': 1.211267605633803e-05, 'epoch': 0.42}
{'loss': 0.7906, 'grad_norm': 6.517043590545654, 'learning_rate': 1.2089201877934273e-05, 'epoch': 0.42}
{'loss': 1.0175, 'grad_norm': 2.482801914215088, 'learning_rate': 1.2065727699530519e-05, 'epoch': 0.42}
{'loss': 0.9452, 'grad_norm': 3.357299566268921, 'learning_rate': 1.2042253521126761e-05, 'epoch': 0.42}
{'loss': 0.9935, 'grad_norm': 5.081656455993652, 'learning_rate': 1.2018779342723005e-05, 'epoch': 0.43}
{'loss': 1.0314, 'grad_norm': 3.6176631450653076, 'learning_rate': 1.199530516431925e-05, 'epoch': 0.43}
{'loss': 1.0264, 'grad_norm': 1.8158944845199585, 'learning_rate': 1.1971830985915493e-05, 'epoch': 0.43}
{'loss': 1.0349, 'grad_norm': 4.119693279266357, 'learning_rate': 1.1948356807511739e-05, 'epoch': 0.43}
{'loss': 0.9997, 'grad_norm': 4.033620357513428, 'learning_rate': 1.1924882629107981e-05, 'epoch': 0.43}
{'loss': 1.1877, 'grad_norm': 2.055635690689087, 'learning_rate': 1.1901408450704227e-05, 'epoch': 0.43}
{'loss': 1.0094, 'grad_norm': 4.665762424468994, 'learning_rate': 1.187793427230047e-05, 'epoch': 0.43}
{'loss': 1.1806, 'grad_norm': 8.377835273742676, 'learning_rate': 1.1854460093896713e-05, 'epoch': 0.43}
{'loss': 1.1298, 'grad_norm': 4.846474647521973, 'learning_rate': 1.1830985915492958e-05, 'epoch': 0.44}
{'loss': 1.0927, 'grad_norm': 6.331384658813477, 'learning_rate': 1.1807511737089204e-05, 'epoch': 0.44}
{'loss': 1.0898, 'grad_norm': 7.303228378295898, 'learning_rate': 1.1784037558685446e-05, 'epoch': 0.44}
{'loss': 1.0887, 'grad_norm': 2.807049512863159, 'learning_rate': 1.176056338028169e-05, 'epoch': 0.44}
{'loss': 0.9153, 'grad_norm': 3.141814947128296, 'learning_rate': 1.1737089201877936e-05, 'epoch': 0.44}
{'loss': 1.0416, 'grad_norm': 3.0607402324676514, 'learning_rate': 1.1713615023474178e-05, 'epoch': 0.44}
{'loss': 1.1675, 'grad_norm': 6.725345611572266, 'learning_rate': 1.1690140845070424e-05, 'epoch': 0.44}
{'loss': 1.1662, 'grad_norm': 4.506399631500244, 'learning_rate': 1.1666666666666668e-05, 'epoch': 0.44}
{'loss': 1.0397, 'grad_norm': 4.537178993225098, 'learning_rate': 1.1643192488262912e-05, 'epoch': 0.44}
{'loss': 1.12, 'grad_norm': 4.910440921783447, 'learning_rate': 1.1619718309859156e-05, 'epoch': 0.45}
{'loss': 1.0901, 'grad_norm': 4.6933488845825195, 'learning_rate': 1.1596244131455401e-05, 'epoch': 0.45}
{'loss': 1.2605, 'grad_norm': 5.405834197998047, 'learning_rate': 1.1572769953051644e-05, 'epoch': 0.45}
{'loss': 0.9227, 'grad_norm': 5.6836090087890625, 'learning_rate': 1.1549295774647888e-05, 'epoch': 0.45}
{'loss': 1.1128, 'grad_norm': 3.555814743041992, 'learning_rate': 1.1525821596244133e-05, 'epoch': 0.45}
{'loss': 1.1246, 'grad_norm': 3.4803647994995117, 'learning_rate': 1.1502347417840376e-05, 'epoch': 0.45}
{'loss': 1.1197, 'grad_norm': 3.588311195373535, 'learning_rate': 1.1478873239436621e-05, 'epoch': 0.45}
{'loss': 1.1186, 'grad_norm': 4.82479190826416, 'learning_rate': 1.1455399061032865e-05, 'epoch': 0.45}
{'loss': 1.1399, 'grad_norm': 3.894697427749634, 'learning_rate': 1.143192488262911e-05, 'epoch': 0.46}
{'loss': 0.8721, 'grad_norm': 4.423154830932617, 'learning_rate': 1.1408450704225353e-05, 'epoch': 0.46}
{'loss': 0.8917, 'grad_norm': 6.844150066375732, 'learning_rate': 1.1384976525821595e-05, 'epoch': 0.46}
{'loss': 0.8632, 'grad_norm': 2.799581289291382, 'learning_rate': 1.1361502347417841e-05, 'epoch': 0.46}
{'loss': 1.0846, 'grad_norm': 4.625099182128906, 'learning_rate': 1.1338028169014087e-05, 'epoch': 0.46}
{'loss': 1.0228, 'grad_norm': 4.889492988586426, 'learning_rate': 1.1314553990610329e-05, 'epoch': 0.46}
{'loss': 0.9682, 'grad_norm': 3.883361577987671, 'learning_rate': 1.1291079812206573e-05, 'epoch': 0.46}
                                                 

                                                 

                                                 

                                                 

                                                 

                                                 

                                                 

                                                 

                                                 

                                                 

                                                 

                                                 

                                                 

                                                 

                                                 

                                                 

                                                 

                                                 

                                                 

                                                 

                                                 

                                                 

                                                 

{'loss': 0.8206, 'grad_norm': 7.768115043640137, 'learning_rate': 1.1267605633802819e-05, 'epoch': 0.46}
{'loss': 1.0962, 'grad_norm': 2.192518472671509, 'learning_rate': 1.1244131455399061e-05, 'epoch': 0.47}
{'loss': 1.0879, 'grad_norm': 4.204673767089844, 'learning_rate': 1.1220657276995307e-05, 'epoch': 0.47}
{'loss': 1.1218, 'grad_norm': 2.672663688659668, 'learning_rate': 1.119718309859155e-05, 'epoch': 0.47}
{'loss': 0.7649, 'grad_norm': 3.7514209747314453, 'learning_rate': 1.1173708920187793e-05, 'epoch': 0.47}
{'loss': 1.2329, 'grad_norm': 4.583359718322754, 'learning_rate': 1.1150234741784038e-05, 'epoch': 0.47}
{'loss': 1.2195, 'grad_norm': 4.918219089508057, 'learning_rate': 1.1126760563380284e-05, 'epoch': 0.47}
{'loss': 0.74, 'grad_norm': 3.238867998123169, 'learning_rate': 1.1103286384976526e-05, 'epoch': 0.47}
{'loss': 1.0436, 'grad_norm': 5.856025218963623, 'learning_rate': 1.107981220657277e-05, 'epoch': 0.47}
{'loss': 0.9673, 'grad_norm': 4.5508856773376465, 'learning_rate': 1.1056338028169016e-05, 'epoch': 0.48}
{'loss': 1.1489, 'grad_norm': 2.6345431804656982, 'learning_rate': 1.1032863849765258e-05, 'epoch': 0.48}
{'loss': 1.1211, 'grad_norm': 4.703409671783447, 'learning_rate': 1.1009389671361504e-05, 'epoch': 0.48}
{'loss': 1.1293, 'grad_norm': 4.624882221221924, 'learning_rate': 1.0985915492957748e-05, 'epoch': 0.48}
{'loss': 0.9685, 'grad_norm': 3.107880115509033, 'learning_rate': 1.0962441314553992e-05, 'epoch': 0.48}
{'loss': 1.1061, 'grad_norm': 4.500153064727783, 'learning_rate': 1.0938967136150236e-05, 'epoch': 0.48}
{'loss': 0.9887, 'grad_norm': 7.721383094787598, 'learning_rate': 1.0915492957746481e-05, 'epoch': 0.48}
{'loss': 0.8889, 'grad_norm': 3.09421968460083, 'learning_rate': 1.0892018779342724e-05, 'epoch': 0.48}
{'loss': 1.0261, 'grad_norm': 6.238448143005371, 'learning_rate': 1.0868544600938968e-05, 'epoch': 0.49}
{'loss': 0.9462, 'grad_norm': 2.3865790367126465, 'learning_rate': 1.0845070422535213e-05, 'epoch': 0.49}
{'loss': 0.933, 'grad_norm': 4.077736854553223, 'learning_rate': 1.0821596244131455e-05, 'epoch': 0.49}
{'loss': 1.1385, 'grad_norm': 6.724329471588135, 'learning_rate': 1.0798122065727701e-05, 'epoch': 0.49}
{'loss': 0.871, 'grad_norm': 9.41710376739502, 'learning_rate': 1.0774647887323943e-05, 'epoch': 0.49}
{'loss': 1.0495, 'grad_norm': 6.2237958908081055, 'learning_rate': 1.0751173708920189e-05, 'epoch': 0.49}
































                                                 


                                               
[A


                                               [A
                                                 

                                                 

                                                 

                                                 

                                                 

                                                 

                                                 

                                                 

                                                 

                                                 

                                                 

                                                 

                                                 

                                                 

                                                 

                                                 

                                                 

                                                 

                                                 

                                                 

                                                 

                                                 

                                                 

                                                 

                                                 

                                                 

                                                 

                                                 

                                                 

                                                 

                                                 

                                                 

                                                 

                                                 

                                                 

                                                 

                                                 

                                                 

                                                 

                                                 

                                                 

                                                 

                                                 

                                                 

                                                 

                                                 

                                                 

                                                 

                                                 

                                                 

                                                 

                                                 

                                                 

                                                 

                                                 

                                                 

                                                 

                                                 

                                                 

                                                 

                                                 

                                                 

                                                 

                                                 

                                                 

                                                 

                                                 

                                                 

                                                 

                                                 

                                                 

                                                 

                                                 

                                                 

                                                 

                                                 

                                                 

                                                 
{'eval_loss': 0.9056422710418701, 'eval_runtime': 9.6418, 'eval_samples_per_second': 13.275, 'eval_steps_per_second': 3.319, 'epoch': 0.49}
{'loss': 1.1381, 'grad_norm': 6.573646545410156, 'learning_rate': 1.0727699530516433e-05, 'epoch': 0.49}
{'loss': 0.9816, 'grad_norm': 6.1113057136535645, 'learning_rate': 1.0704225352112675e-05, 'epoch': 0.49}
{'loss': 0.9826, 'grad_norm': 3.309772491455078, 'learning_rate': 1.0680751173708921e-05, 'epoch': 0.5}
{'loss': 0.9183, 'grad_norm': 2.5944743156433105, 'learning_rate': 1.0657276995305167e-05, 'epoch': 0.5}
{'loss': 1.2449, 'grad_norm': 2.567579507827759, 'learning_rate': 1.0633802816901409e-05, 'epoch': 0.5}
{'loss': 1.0787, 'grad_norm': 5.018528461456299, 'learning_rate': 1.0610328638497653e-05, 'epoch': 0.5}
{'loss': 1.0781, 'grad_norm': 5.787429332733154, 'learning_rate': 1.0586854460093898e-05, 'epoch': 0.5}
{'loss': 1.0168, 'grad_norm': 2.2948057651519775, 'learning_rate': 1.056338028169014e-05, 'epoch': 0.5}
{'loss': 1.4923, 'grad_norm': 9.417739868164062, 'learning_rate': 1.0539906103286386e-05, 'epoch': 0.5}
{'loss': 1.0309, 'grad_norm': 5.995522499084473, 'learning_rate': 1.051643192488263e-05, 'epoch': 0.5}
{'loss': 0.9615, 'grad_norm': 4.888035297393799, 'learning_rate': 1.0492957746478873e-05, 'epoch': 0.51}
{'loss': 1.1769, 'grad_norm': 4.659435272216797, 'learning_rate': 1.0469483568075118e-05, 'epoch': 0.51}
{'loss': 0.8893, 'grad_norm': 4.231534957885742, 'learning_rate': 1.0446009389671364e-05, 'epoch': 0.51}
{'loss': 1.1226, 'grad_norm': 6.883041858673096, 'learning_rate': 1.0422535211267606e-05, 'epoch': 0.51}
{'loss': 1.127, 'grad_norm': 4.080273628234863, 'learning_rate': 1.039906103286385e-05, 'epoch': 0.51}
{'loss': 1.1049, 'grad_norm': 7.843070983886719, 'learning_rate': 1.0375586854460096e-05, 'epoch': 0.51}
{'loss': 0.7779, 'grad_norm': 4.559192657470703, 'learning_rate': 1.0352112676056338e-05, 'epoch': 0.51}
{'loss': 0.9597, 'grad_norm': 4.500607967376709, 'learning_rate': 1.0328638497652584e-05, 'epoch': 0.51}
{'loss': 1.1099, 'grad_norm': 5.619555950164795, 'learning_rate': 1.0305164319248828e-05, 'epoch': 0.52}
{'loss': 0.7237, 'grad_norm': 4.719267845153809, 'learning_rate': 1.0281690140845072e-05, 'epoch': 0.52}
{'loss': 1.0966, 'grad_norm': 3.984332323074341, 'learning_rate': 1.0258215962441316e-05, 'epoch': 0.52}
{'loss': 0.9278, 'grad_norm': 4.560502529144287, 'learning_rate': 1.0234741784037558e-05, 'epoch': 0.52}
{'loss': 1.2571, 'grad_norm': 3.460491418838501, 'learning_rate': 1.0211267605633803e-05, 'epoch': 0.52}
{'loss': 1.273, 'grad_norm': 10.535272598266602, 'learning_rate': 1.0187793427230047e-05, 'epoch': 0.52}
{'loss': 1.0192, 'grad_norm': 3.913254499435425, 'learning_rate': 1.0164319248826291e-05, 'epoch': 0.52}
{'loss': 1.1954, 'grad_norm': 4.554529666900635, 'learning_rate': 1.0140845070422535e-05, 'epoch': 0.52}
{'loss': 1.1299, 'grad_norm': 7.530900955200195, 'learning_rate': 1.0117370892018781e-05, 'epoch': 0.52}
{'loss': 1.0193, 'grad_norm': 4.976422309875488, 'learning_rate': 1.0093896713615023e-05, 'epoch': 0.53}
{'loss': 1.4723, 'grad_norm': 6.787064552307129, 'learning_rate': 1.0070422535211269e-05, 'epoch': 0.53}
{'loss': 1.2153, 'grad_norm': 8.618517875671387, 'learning_rate': 1.0046948356807513e-05, 'epoch': 0.53}
{'loss': 0.9714, 'grad_norm': 4.33736515045166, 'learning_rate': 1.0023474178403755e-05, 'epoch': 0.53}
{'loss': 1.0301, 'grad_norm': 6.378131866455078, 'learning_rate': 1e-05, 'epoch': 0.53}
{'loss': 1.0624, 'grad_norm': 3.286777973175049, 'learning_rate': 9.976525821596245e-06, 'epoch': 0.53}
{'loss': 1.4307, 'grad_norm': 7.447813510894775, 'learning_rate': 9.953051643192489e-06, 'epoch': 0.53}
{'loss': 1.199, 'grad_norm': 5.585996627807617, 'learning_rate': 9.929577464788733e-06, 'epoch': 0.53}
{'loss': 1.0896, 'grad_norm': 3.2219104766845703, 'learning_rate': 9.906103286384977e-06, 'epoch': 0.54}
{'loss': 1.4415, 'grad_norm': 4.933592796325684, 'learning_rate': 9.882629107981222e-06, 'epoch': 0.54}
{'loss': 1.0076, 'grad_norm': 9.034616470336914, 'learning_rate': 9.859154929577466e-06, 'epoch': 0.54}
{'loss': 1.1048, 'grad_norm': 5.532433986663818, 'learning_rate': 9.83568075117371e-06, 'epoch': 0.54}
{'loss': 1.0034, 'grad_norm': 4.357784748077393, 'learning_rate': 9.812206572769954e-06, 'epoch': 0.54}
{'loss': 1.1198, 'grad_norm': 3.4259588718414307, 'learning_rate': 9.788732394366198e-06, 'epoch': 0.54}
{'loss': 1.0334, 'grad_norm': 6.873076915740967, 'learning_rate': 9.765258215962442e-06, 'epoch': 0.54}
{'loss': 1.1333, 'grad_norm': 4.974222660064697, 'learning_rate': 9.741784037558686e-06, 'epoch': 0.54}
{'loss': 0.9357, 'grad_norm': 6.297664165496826, 'learning_rate': 9.71830985915493e-06, 'epoch': 0.55}
{'loss': 1.1618, 'grad_norm': 4.6747822761535645, 'learning_rate': 9.694835680751174e-06, 'epoch': 0.55}
{'loss': 0.8973, 'grad_norm': 4.01385498046875, 'learning_rate': 9.671361502347418e-06, 'epoch': 0.55}
{'loss': 1.2858, 'grad_norm': 4.705163478851318, 'learning_rate': 9.647887323943664e-06, 'epoch': 0.55}
{'loss': 1.1496, 'grad_norm': 7.79735803604126, 'learning_rate': 9.624413145539908e-06, 'epoch': 0.55}
{'loss': 1.0782, 'grad_norm': 2.5126705169677734, 'learning_rate': 9.600938967136152e-06, 'epoch': 0.55}
{'loss': 1.1617, 'grad_norm': 2.7997536659240723, 'learning_rate': 9.577464788732394e-06, 'epoch': 0.55}
{'loss': 1.0409, 'grad_norm': 4.1466240882873535, 'learning_rate': 9.55399061032864e-06, 'epoch': 0.55}
{'loss': 0.9763, 'grad_norm': 4.046539783477783, 'learning_rate': 9.530516431924883e-06, 'epoch': 0.56}
{'loss': 1.3399, 'grad_norm': 6.317717552185059, 'learning_rate': 9.507042253521127e-06, 'epoch': 0.56}
{'loss': 1.0687, 'grad_norm': 6.023618221282959, 'learning_rate': 9.483568075117371e-06, 'epoch': 0.56}
{'loss': 0.8624, 'grad_norm': 3.704928159713745, 'learning_rate': 9.460093896713615e-06, 'epoch': 0.56}
{'loss': 0.8913, 'grad_norm': 2.718933582305908, 'learning_rate': 9.43661971830986e-06, 'epoch': 0.56}
{'loss': 1.1726, 'grad_norm': 2.697070837020874, 'learning_rate': 9.413145539906105e-06, 'epoch': 0.56}
{'loss': 1.1369, 'grad_norm': 4.319793224334717, 'learning_rate': 9.389671361502349e-06, 'epoch': 0.56}
{'loss': 1.182, 'grad_norm': 3.385138988494873, 'learning_rate': 9.366197183098593e-06, 'epoch': 0.56}
{'loss': 1.2855, 'grad_norm': 3.781083822250366, 'learning_rate': 9.342723004694837e-06, 'epoch': 0.57}
{'loss': 1.0477, 'grad_norm': 5.754707336425781, 'learning_rate': 9.31924882629108e-06, 'epoch': 0.57}
{'loss': 1.0654, 'grad_norm': 3.179452419281006, 'learning_rate': 9.295774647887325e-06, 'epoch': 0.57}
{'loss': 1.151, 'grad_norm': 3.5582985877990723, 'learning_rate': 9.272300469483569e-06, 'epoch': 0.57}
{'loss': 0.9121, 'grad_norm': 1.931567907333374, 'learning_rate': 9.248826291079813e-06, 'epoch': 0.57}
{'loss': 0.9373, 'grad_norm': 4.413926601409912, 'learning_rate': 9.225352112676057e-06, 'epoch': 0.57}
{'loss': 1.2871, 'grad_norm': 6.298957824707031, 'learning_rate': 9.2018779342723e-06, 'epoch': 0.57}
{'loss': 1.1627, 'grad_norm': 6.534019947052002, 'learning_rate': 9.178403755868546e-06, 'epoch': 0.57}
{'loss': 0.8646, 'grad_norm': 9.465444564819336, 'learning_rate': 9.15492957746479e-06, 'epoch': 0.58}
{'loss': 0.8502, 'grad_norm': 4.324524402618408, 'learning_rate': 9.131455399061034e-06, 'epoch': 0.58}
{'loss': 1.205, 'grad_norm': 5.271084308624268, 'learning_rate': 9.107981220657278e-06, 'epoch': 0.58}
{'loss': 0.9713, 'grad_norm': 3.324171543121338, 'learning_rate': 9.084507042253522e-06, 'epoch': 0.58}
{'loss': 0.9544, 'grad_norm': 6.932027816772461, 'learning_rate': 9.061032863849766e-06, 'epoch': 0.58}
{'loss': 0.9302, 'grad_norm': 3.296915292739868, 'learning_rate': 9.03755868544601e-06, 'epoch': 0.58}
{'loss': 1.3107, 'grad_norm': 8.956963539123535, 'learning_rate': 9.014084507042254e-06, 'epoch': 0.58}
{'loss': 1.1051, 'grad_norm': 4.169240951538086, 'learning_rate': 8.990610328638498e-06, 'epoch': 0.58}
{'loss': 0.961, 'grad_norm': 3.806363105773926, 'learning_rate': 8.967136150234742e-06, 'epoch': 0.59}
{'loss': 1.0539, 'grad_norm': 7.6987223625183105, 'learning_rate': 8.943661971830987e-06, 'epoch': 0.59}
{'loss': 1.0882, 'grad_norm': 4.611544609069824, 'learning_rate': 8.920187793427231e-06, 'epoch': 0.59}
                                                 

                                                 

                                                 

                                                 

                                                 

                                                 

                                                 

                                                 

                                                 

                                                 

                                                 

                                                 

                                                 

                                                 

                                                 

                                                 

                                                 

                                                 

                                                 

                                                 

                                                 

                                                 

{'loss': 1.1092, 'grad_norm': 6.494802951812744, 'learning_rate': 8.896713615023475e-06, 'epoch': 0.59}
{'loss': 1.0293, 'grad_norm': 4.512424945831299, 'learning_rate': 8.87323943661972e-06, 'epoch': 0.59}
{'loss': 0.8524, 'grad_norm': 3.1533708572387695, 'learning_rate': 8.849765258215963e-06, 'epoch': 0.59}
{'loss': 0.8098, 'grad_norm': 3.04302978515625, 'learning_rate': 8.826291079812207e-06, 'epoch': 0.59}
{'loss': 0.9497, 'grad_norm': 3.1630332469940186, 'learning_rate': 8.802816901408451e-06, 'epoch': 0.59}
{'loss': 1.0969, 'grad_norm': 4.291408061981201, 'learning_rate': 8.779342723004695e-06, 'epoch': 0.59}
{'loss': 1.2275, 'grad_norm': 3.6331117153167725, 'learning_rate': 8.755868544600939e-06, 'epoch': 0.6}
{'loss': 0.9106, 'grad_norm': 5.751682281494141, 'learning_rate': 8.732394366197183e-06, 'epoch': 0.6}
{'loss': 0.9005, 'grad_norm': 3.7076776027679443, 'learning_rate': 8.708920187793429e-06, 'epoch': 0.6}
{'loss': 1.3159, 'grad_norm': 9.985837936401367, 'learning_rate': 8.685446009389673e-06, 'epoch': 0.6}
{'loss': 1.4176, 'grad_norm': 13.381874084472656, 'learning_rate': 8.661971830985915e-06, 'epoch': 0.6}
{'loss': 0.9414, 'grad_norm': 3.05857253074646, 'learning_rate': 8.63849765258216e-06, 'epoch': 0.6}
{'loss': 0.9747, 'grad_norm': 4.331302642822266, 'learning_rate': 8.615023474178405e-06, 'epoch': 0.6}
{'loss': 1.0105, 'grad_norm': 2.915431022644043, 'learning_rate': 8.591549295774648e-06, 'epoch': 0.6}
{'loss': 1.0316, 'grad_norm': 2.9464199542999268, 'learning_rate': 8.568075117370892e-06, 'epoch': 0.61}
{'loss': 1.1757, 'grad_norm': 7.156716823577881, 'learning_rate': 8.544600938967136e-06, 'epoch': 0.61}
{'loss': 0.9554, 'grad_norm': 4.913453102111816, 'learning_rate': 8.52112676056338e-06, 'epoch': 0.61}
{'loss': 0.8807, 'grad_norm': 3.1894500255584717, 'learning_rate': 8.497652582159626e-06, 'epoch': 0.61}
{'loss': 1.0013, 'grad_norm': 4.85026216506958, 'learning_rate': 8.47417840375587e-06, 'epoch': 0.61}
{'loss': 1.0135, 'grad_norm': 4.375608921051025, 'learning_rate': 8.450704225352114e-06, 'epoch': 0.61}
{'loss': 0.9067, 'grad_norm': 3.6550939083099365, 'learning_rate': 8.427230046948356e-06, 'epoch': 0.61}
{'loss': 1.1081, 'grad_norm': 4.207292079925537, 'learning_rate': 8.403755868544602e-06, 'epoch': 0.61}
































                                                 


                                               
[A


                                               [A
                                                 

                                                 

                                                 

                                                 

                                                 

                                                 

                                                 

                                                 

                                                 

                                                 

                                                 

                                                 

                                                 

                                                 

                                                 

                                                 

                                                 

                                                 

                                                 

                                                 

                                                 

                                                 

                                                 

                                                 

                                                 

                                                 

                                                 

                                                 

                                                 

                                                 

                                                 

                                                 

                                                 

                                                 

                                                 

                                                 

                                                 

                                                 

                                                 

                                                 

                                                 

                                                 

                                                 

                                                 

                                                 

                                                 

                                                 

                                                 

                                                 

                                                 

                                                 

                                                 

                                                 

                                                 

                                                 

                                                 

                                                 

                                                 

                                                 

                                                 

                                                 

                                                 

                                                 

                                                 

                                                 

                                                 

                                                 

                                                 

                                                 

                                                 

                                                 

                                                 

                                                 

                                                 

                                                 

                                                 

                                                 

                                                 
{'eval_loss': 0.9043595790863037, 'eval_runtime': 9.6489, 'eval_samples_per_second': 13.266, 'eval_steps_per_second': 3.316, 'epoch': 0.61}
{'loss': 1.1941, 'grad_norm': 3.209623336791992, 'learning_rate': 8.380281690140846e-06, 'epoch': 0.62}
{'loss': 0.9123, 'grad_norm': 2.9425439834594727, 'learning_rate': 8.35680751173709e-06, 'epoch': 0.62}
{'loss': 1.0754, 'grad_norm': 5.810392379760742, 'learning_rate': 8.333333333333334e-06, 'epoch': 0.62}
{'loss': 1.0116, 'grad_norm': 4.2161078453063965, 'learning_rate': 8.309859154929578e-06, 'epoch': 0.62}
{'loss': 1.1044, 'grad_norm': 5.934468746185303, 'learning_rate': 8.286384976525822e-06, 'epoch': 0.62}
{'loss': 1.2037, 'grad_norm': 5.261446475982666, 'learning_rate': 8.262910798122067e-06, 'epoch': 0.62}
{'loss': 1.0321, 'grad_norm': 3.0937139987945557, 'learning_rate': 8.239436619718311e-06, 'epoch': 0.62}
{'loss': 1.1569, 'grad_norm': 4.829425811767578, 'learning_rate': 8.215962441314555e-06, 'epoch': 0.62}
{'loss': 1.0311, 'grad_norm': 2.766000509262085, 'learning_rate': 8.192488262910797e-06, 'epoch': 0.63}
{'loss': 1.075, 'grad_norm': 4.086764812469482, 'learning_rate': 8.169014084507043e-06, 'epoch': 0.63}
{'loss': 1.039, 'grad_norm': 5.271313190460205, 'learning_rate': 8.145539906103287e-06, 'epoch': 0.63}
{'loss': 1.146, 'grad_norm': 5.1645636558532715, 'learning_rate': 8.122065727699531e-06, 'epoch': 0.63}
{'loss': 1.0587, 'grad_norm': 4.893795967102051, 'learning_rate': 8.098591549295775e-06, 'epoch': 0.63}
{'loss': 1.3162, 'grad_norm': 4.31924295425415, 'learning_rate': 8.075117370892019e-06, 'epoch': 0.63}
{'loss': 0.8961, 'grad_norm': 3.3486201763153076, 'learning_rate': 8.051643192488263e-06, 'epoch': 0.63}
{'loss': 1.3704, 'grad_norm': 4.634693145751953, 'learning_rate': 8.028169014084509e-06, 'epoch': 0.63}
{'loss': 0.9905, 'grad_norm': 2.981205701828003, 'learning_rate': 8.004694835680753e-06, 'epoch': 0.64}
{'loss': 0.9427, 'grad_norm': 5.388443470001221, 'learning_rate': 7.981220657276996e-06, 'epoch': 0.64}
{'loss': 0.9509, 'grad_norm': 4.963740825653076, 'learning_rate': 7.95774647887324e-06, 'epoch': 0.64}
{'loss': 0.9774, 'grad_norm': 4.142085552215576, 'learning_rate': 7.934272300469484e-06, 'epoch': 0.64}
{'loss': 1.009, 'grad_norm': 2.631253719329834, 'learning_rate': 7.910798122065728e-06, 'epoch': 0.64}
{'loss': 1.2294, 'grad_norm': 11.83798599243164, 'learning_rate': 7.887323943661972e-06, 'epoch': 0.64}
{'loss': 0.9777, 'grad_norm': 3.9213199615478516, 'learning_rate': 7.863849765258216e-06, 'epoch': 0.64}
{'loss': 1.0348, 'grad_norm': 3.747525453567505, 'learning_rate': 7.84037558685446e-06, 'epoch': 0.64}
{'loss': 1.0158, 'grad_norm': 5.084660053253174, 'learning_rate': 7.816901408450704e-06, 'epoch': 0.65}
{'loss': 1.1851, 'grad_norm': 3.9348018169403076, 'learning_rate': 7.79342723004695e-06, 'epoch': 0.65}
{'loss': 1.1136, 'grad_norm': 4.346230506896973, 'learning_rate': 7.769953051643194e-06, 'epoch': 0.65}
{'loss': 0.9485, 'grad_norm': 5.605059623718262, 'learning_rate': 7.746478873239436e-06, 'epoch': 0.65}
{'loss': 1.0373, 'grad_norm': 7.123169898986816, 'learning_rate': 7.723004694835682e-06, 'epoch': 0.65}
{'loss': 1.0846, 'grad_norm': 6.02130126953125, 'learning_rate': 7.699530516431926e-06, 'epoch': 0.65}
{'loss': 0.981, 'grad_norm': 4.671780109405518, 'learning_rate': 7.67605633802817e-06, 'epoch': 0.65}
{'loss': 1.0533, 'grad_norm': 6.522115230560303, 'learning_rate': 7.652582159624414e-06, 'epoch': 0.65}
{'loss': 0.6017, 'grad_norm': 7.654801368713379, 'learning_rate': 7.629107981220658e-06, 'epoch': 0.66}
{'loss': 1.0687, 'grad_norm': 5.133615016937256, 'learning_rate': 7.6056338028169015e-06, 'epoch': 0.66}
{'loss': 0.8568, 'grad_norm': 2.8404853343963623, 'learning_rate': 7.5821596244131455e-06, 'epoch': 0.66}
{'loss': 0.962, 'grad_norm': 4.8507795333862305, 'learning_rate': 7.55868544600939e-06, 'epoch': 0.66}
{'loss': 1.0199, 'grad_norm': 4.672288417816162, 'learning_rate': 7.535211267605634e-06, 'epoch': 0.66}
{'loss': 1.029, 'grad_norm': 3.1794843673706055, 'learning_rate': 7.511737089201878e-06, 'epoch': 0.66}
{'loss': 0.7982, 'grad_norm': 4.123322010040283, 'learning_rate': 7.488262910798123e-06, 'epoch': 0.66}
{'loss': 1.0874, 'grad_norm': 4.590200901031494, 'learning_rate': 7.464788732394367e-06, 'epoch': 0.66}
{'loss': 1.0292, 'grad_norm': 7.45445442199707, 'learning_rate': 7.441314553990611e-06, 'epoch': 0.67}
{'loss': 1.1014, 'grad_norm': 3.205784797668457, 'learning_rate': 7.417840375586856e-06, 'epoch': 0.67}
{'loss': 0.89, 'grad_norm': 3.2516233921051025, 'learning_rate': 7.3943661971831e-06, 'epoch': 0.67}
{'loss': 1.2217, 'grad_norm': 2.006075859069824, 'learning_rate': 7.370892018779343e-06, 'epoch': 0.67}
{'loss': 1.0369, 'grad_norm': 4.3967461585998535, 'learning_rate': 7.347417840375587e-06, 'epoch': 0.67}
{'loss': 1.0412, 'grad_norm': 5.690051078796387, 'learning_rate': 7.3239436619718316e-06, 'epoch': 0.67}
{'loss': 0.8959, 'grad_norm': 2.6519179344177246, 'learning_rate': 7.3004694835680755e-06, 'epoch': 0.67}
{'loss': 1.1555, 'grad_norm': 3.8453683853149414, 'learning_rate': 7.2769953051643195e-06, 'epoch': 0.67}
{'loss': 1.2052, 'grad_norm': 2.522113800048828, 'learning_rate': 7.253521126760564e-06, 'epoch': 0.67}
{'loss': 0.9487, 'grad_norm': 2.7412326335906982, 'learning_rate': 7.230046948356808e-06, 'epoch': 0.68}
{'loss': 0.9156, 'grad_norm': 3.606205701828003, 'learning_rate': 7.206572769953052e-06, 'epoch': 0.68}
{'loss': 0.8383, 'grad_norm': 5.002628326416016, 'learning_rate': 7.183098591549297e-06, 'epoch': 0.68}
{'loss': 0.7354, 'grad_norm': 3.4671669006347656, 'learning_rate': 7.159624413145541e-06, 'epoch': 0.68}
{'loss': 0.8898, 'grad_norm': 7.097782611846924, 'learning_rate': 7.136150234741784e-06, 'epoch': 0.68}
{'loss': 1.0449, 'grad_norm': 5.842491626739502, 'learning_rate': 7.112676056338029e-06, 'epoch': 0.68}
{'loss': 1.088, 'grad_norm': 4.0797600746154785, 'learning_rate': 7.089201877934273e-06, 'epoch': 0.68}
{'loss': 0.9819, 'grad_norm': 5.082419395446777, 'learning_rate': 7.065727699530517e-06, 'epoch': 0.68}
{'loss': 0.9061, 'grad_norm': 5.112135410308838, 'learning_rate': 7.042253521126761e-06, 'epoch': 0.69}
{'loss': 1.0048, 'grad_norm': 3.6085588932037354, 'learning_rate': 7.0187793427230056e-06, 'epoch': 0.69}
{'loss': 1.086, 'grad_norm': 4.352182865142822, 'learning_rate': 6.9953051643192495e-06, 'epoch': 0.69}
{'loss': 1.0664, 'grad_norm': 6.154079437255859, 'learning_rate': 6.9718309859154935e-06, 'epoch': 0.69}
{'loss': 1.1505, 'grad_norm': 4.801601409912109, 'learning_rate': 6.948356807511738e-06, 'epoch': 0.69}
{'loss': 0.7968, 'grad_norm': 3.626664161682129, 'learning_rate': 6.924882629107981e-06, 'epoch': 0.69}
{'loss': 1.3452, 'grad_norm': 3.2905969619750977, 'learning_rate': 6.901408450704225e-06, 'epoch': 0.69}
{'loss': 1.0439, 'grad_norm': 1.5988373756408691, 'learning_rate': 6.87793427230047e-06, 'epoch': 0.69}
{'loss': 1.1196, 'grad_norm': 4.760819435119629, 'learning_rate': 6.854460093896714e-06, 'epoch': 0.7}
{'loss': 1.1307, 'grad_norm': 4.16169548034668, 'learning_rate': 6.830985915492958e-06, 'epoch': 0.7}
{'loss': 1.0701, 'grad_norm': 3.6450867652893066, 'learning_rate': 6.807511737089203e-06, 'epoch': 0.7}
{'loss': 1.0373, 'grad_norm': 3.9758799076080322, 'learning_rate': 6.784037558685447e-06, 'epoch': 0.7}
{'loss': 1.0725, 'grad_norm': 3.374028444290161, 'learning_rate': 6.760563380281691e-06, 'epoch': 0.7}
{'loss': 1.0511, 'grad_norm': 4.369898796081543, 'learning_rate': 6.737089201877935e-06, 'epoch': 0.7}
{'loss': 0.9976, 'grad_norm': 2.7871599197387695, 'learning_rate': 6.71361502347418e-06, 'epoch': 0.7}
{'loss': 0.9079, 'grad_norm': 3.944436550140381, 'learning_rate': 6.690140845070423e-06, 'epoch': 0.7}
{'loss': 1.206, 'grad_norm': 4.318500995635986, 'learning_rate': 6.666666666666667e-06, 'epoch': 0.71}
{'loss': 0.9029, 'grad_norm': 4.191486835479736, 'learning_rate': 6.6431924882629115e-06, 'epoch': 0.71}
{'loss': 1.0172, 'grad_norm': 4.952480792999268, 'learning_rate': 6.619718309859155e-06, 'epoch': 0.71}
{'loss': 1.0127, 'grad_norm': 2.4545676708221436, 'learning_rate': 6.596244131455399e-06, 'epoch': 0.71}
{'loss': 1.1928, 'grad_norm': 2.610004186630249, 'learning_rate': 6.572769953051644e-06, 'epoch': 0.71}
                                                 

                                                 

                                                 

                                                 

                                                 

                                                 

                                                 

                                                 

                                                 

                                                 

                                                 

                                                 

                                                 

                                                 

                                                 

                                                 

                                                 

                                                 

                                                 

                                                 

                                                 

                                                 

{'loss': 1.0682, 'grad_norm': 3.677006721496582, 'learning_rate': 6.549295774647888e-06, 'epoch': 0.71}
{'loss': 0.9306, 'grad_norm': 4.842336177825928, 'learning_rate': 6.525821596244132e-06, 'epoch': 0.71}
{'loss': 1.0259, 'grad_norm': 3.545506715774536, 'learning_rate': 6.502347417840375e-06, 'epoch': 0.71}
{'loss': 1.0602, 'grad_norm': 4.705310821533203, 'learning_rate': 6.478873239436621e-06, 'epoch': 0.72}
{'loss': 0.9239, 'grad_norm': 5.546599388122559, 'learning_rate': 6.455399061032864e-06, 'epoch': 0.72}
{'loss': 1.3697, 'grad_norm': 2.9547064304351807, 'learning_rate': 6.431924882629108e-06, 'epoch': 0.72}
{'loss': 1.2078, 'grad_norm': 3.5772464275360107, 'learning_rate': 6.408450704225353e-06, 'epoch': 0.72}
{'loss': 0.9272, 'grad_norm': 4.638564586639404, 'learning_rate': 6.384976525821597e-06, 'epoch': 0.72}
{'loss': 1.2019, 'grad_norm': 2.83886981010437, 'learning_rate': 6.361502347417841e-06, 'epoch': 0.72}
{'loss': 0.9224, 'grad_norm': 3.4241139888763428, 'learning_rate': 6.3380281690140855e-06, 'epoch': 0.72}
{'loss': 0.997, 'grad_norm': 5.852032661437988, 'learning_rate': 6.314553990610329e-06, 'epoch': 0.72}
{'loss': 0.7477, 'grad_norm': 3.2957160472869873, 'learning_rate': 6.291079812206573e-06, 'epoch': 0.73}
{'loss': 0.6907, 'grad_norm': 3.323270559310913, 'learning_rate': 6.267605633802818e-06, 'epoch': 0.73}
{'loss': 1.0085, 'grad_norm': 5.183173656463623, 'learning_rate': 6.244131455399062e-06, 'epoch': 0.73}
{'loss': 1.1776, 'grad_norm': 7.0125250816345215, 'learning_rate': 6.220657276995305e-06, 'epoch': 0.73}
{'loss': 1.0578, 'grad_norm': 4.833709239959717, 'learning_rate': 6.197183098591549e-06, 'epoch': 0.73}
{'loss': 1.0344, 'grad_norm': 3.3120384216308594, 'learning_rate': 6.173708920187794e-06, 'epoch': 0.73}
{'loss': 1.1852, 'grad_norm': 3.698143720626831, 'learning_rate': 6.150234741784038e-06, 'epoch': 0.73}
{'loss': 1.2324, 'grad_norm': 5.108301639556885, 'learning_rate': 6.126760563380282e-06, 'epoch': 0.73}
{'loss': 0.9797, 'grad_norm': 6.057175636291504, 'learning_rate': 6.103286384976527e-06, 'epoch': 0.74}
{'loss': 1.2868, 'grad_norm': 9.05305290222168, 'learning_rate': 6.079812206572771e-06, 'epoch': 0.74}
{'loss': 1.1216, 'grad_norm': 2.6559600830078125, 'learning_rate': 6.056338028169015e-06, 'epoch': 0.74}
































                                                 


                                               
[A


                                               [A
                                                 

                                                 

                                                 

                                                 

                                                 

                                                 

                                                 

                                                 

                                                 

                                                 

                                                 

                                                 

                                                 

                                                 

                                                 

                                                 

                                                 

                                                 

                                                 

                                                 

                                                 

                                                 

                                                 

                                                 

                                                 

                                                 

                                                 

                                                 

                                                 

                                                 

                                                 

                                                 

                                                 

                                                 

                                                 

                                                 

                                                 

                                                 

                                                 

                                                 

                                                 

                                                 

                                                 

                                                 

                                                 

                                                 

                                                 

                                                 

                                                 

                                                 

                                                 

                                                 

                                                 

                                                 

                                                 

                                                 

                                                 

                                                 

                                                 

                                                 

                                                 

                                                 

                                                 

                                                 

                                                 

                                                 

                                                 

                                                 

                                                 

                                                 

                                                 

                                                 

                                                 

                                                 

                                                 

                                                 

                                                 

                                                 
{'eval_loss': 0.9032678604125977, 'eval_runtime': 9.6504, 'eval_samples_per_second': 13.264, 'eval_steps_per_second': 3.316, 'epoch': 0.74}
{'loss': 1.296, 'grad_norm': 3.236464023590088, 'learning_rate': 6.0328638497652595e-06, 'epoch': 0.74}
{'loss': 1.0867, 'grad_norm': 3.8109617233276367, 'learning_rate': 6.0093896713615026e-06, 'epoch': 0.74}
{'loss': 1.2005, 'grad_norm': 4.03466272354126, 'learning_rate': 5.9859154929577465e-06, 'epoch': 0.74}
{'loss': 1.0039, 'grad_norm': 2.5951995849609375, 'learning_rate': 5.9624413145539905e-06, 'epoch': 0.74}
{'loss': 1.0081, 'grad_norm': 3.645355701446533, 'learning_rate': 5.938967136150235e-06, 'epoch': 0.74}
{'loss': 0.9111, 'grad_norm': 2.5652120113372803, 'learning_rate': 5.915492957746479e-06, 'epoch': 0.74}
{'loss': 0.9705, 'grad_norm': 2.1754348278045654, 'learning_rate': 5.892018779342723e-06, 'epoch': 0.75}
{'loss': 1.0376, 'grad_norm': 5.447494029998779, 'learning_rate': 5.868544600938968e-06, 'epoch': 0.75}
{'loss': 0.9208, 'grad_norm': 3.5164167881011963, 'learning_rate': 5.845070422535212e-06, 'epoch': 0.75}
{'loss': 0.8836, 'grad_norm': 3.357823610305786, 'learning_rate': 5.821596244131456e-06, 'epoch': 0.75}
{'loss': 1.1171, 'grad_norm': 3.925938606262207, 'learning_rate': 5.798122065727701e-06, 'epoch': 0.75}
{'loss': 1.0495, 'grad_norm': 8.107110023498535, 'learning_rate': 5.774647887323944e-06, 'epoch': 0.75}
{'loss': 1.0363, 'grad_norm': 4.784260272979736, 'learning_rate': 5.751173708920188e-06, 'epoch': 0.75}
{'loss': 0.9877, 'grad_norm': 6.8226213455200195, 'learning_rate': 5.727699530516433e-06, 'epoch': 0.75}
{'loss': 1.0687, 'grad_norm': 5.205972194671631, 'learning_rate': 5.7042253521126766e-06, 'epoch': 0.76}
{'loss': 0.975, 'grad_norm': 6.671213150024414, 'learning_rate': 5.6807511737089205e-06, 'epoch': 0.76}
{'loss': 1.1146, 'grad_norm': 2.996075391769409, 'learning_rate': 5.6572769953051645e-06, 'epoch': 0.76}
{'loss': 1.0673, 'grad_norm': 7.772039413452148, 'learning_rate': 5.633802816901409e-06, 'epoch': 0.76}
{'loss': 0.9489, 'grad_norm': 3.2665600776672363, 'learning_rate': 5.610328638497653e-06, 'epoch': 0.76}
{'loss': 0.8955, 'grad_norm': 4.3073039054870605, 'learning_rate': 5.586854460093896e-06, 'epoch': 0.76}
{'loss': 1.0231, 'grad_norm': 5.1766886711120605, 'learning_rate': 5.563380281690142e-06, 'epoch': 0.76}
{'loss': 0.9968, 'grad_norm': 5.183218955993652, 'learning_rate': 5.539906103286385e-06, 'epoch': 0.76}
{'loss': 1.1283, 'grad_norm': 4.84633731842041, 'learning_rate': 5.516431924882629e-06, 'epoch': 0.77}
{'loss': 1.1331, 'grad_norm': 4.315388202667236, 'learning_rate': 5.492957746478874e-06, 'epoch': 0.77}
{'loss': 1.0821, 'grad_norm': 9.417097091674805, 'learning_rate': 5.469483568075118e-06, 'epoch': 0.77}
{'loss': 0.7964, 'grad_norm': 4.351343631744385, 'learning_rate': 5.446009389671362e-06, 'epoch': 0.77}
{'loss': 1.2632, 'grad_norm': 4.815792560577393, 'learning_rate': 5.422535211267607e-06, 'epoch': 0.77}
{'loss': 0.9691, 'grad_norm': 4.801760673522949, 'learning_rate': 5.3990610328638506e-06, 'epoch': 0.77}
{'loss': 1.1788, 'grad_norm': 3.2119462490081787, 'learning_rate': 5.3755868544600945e-06, 'epoch': 0.77}
{'loss': 0.9091, 'grad_norm': 3.0025086402893066, 'learning_rate': 5.352112676056338e-06, 'epoch': 0.77}
{'loss': 1.1137, 'grad_norm': 3.857969045639038, 'learning_rate': 5.328638497652583e-06, 'epoch': 0.78}
{'loss': 0.9971, 'grad_norm': 4.899536609649658, 'learning_rate': 5.305164319248826e-06, 'epoch': 0.78}
{'loss': 1.0472, 'grad_norm': 2.60080623626709, 'learning_rate': 5.28169014084507e-06, 'epoch': 0.78}
{'loss': 1.3228, 'grad_norm': 4.7666335105896, 'learning_rate': 5.258215962441315e-06, 'epoch': 0.78}
{'loss': 0.9023, 'grad_norm': 3.51003360748291, 'learning_rate': 5.234741784037559e-06, 'epoch': 0.78}
{'loss': 1.1903, 'grad_norm': 5.071496486663818, 'learning_rate': 5.211267605633803e-06, 'epoch': 0.78}
{'loss': 1.1054, 'grad_norm': 5.3122334480285645, 'learning_rate': 5.187793427230048e-06, 'epoch': 0.78}
{'loss': 1.2527, 'grad_norm': 7.239668846130371, 'learning_rate': 5.164319248826292e-06, 'epoch': 0.78}
{'loss': 1.1023, 'grad_norm': 3.406733512878418, 'learning_rate': 5.140845070422536e-06, 'epoch': 0.79}
{'loss': 0.9938, 'grad_norm': 2.9799771308898926, 'learning_rate': 5.117370892018779e-06, 'epoch': 0.79}
{'loss': 1.1122, 'grad_norm': 4.160451889038086, 'learning_rate': 5.093896713615024e-06, 'epoch': 0.79}
{'loss': 1.2489, 'grad_norm': 2.3021061420440674, 'learning_rate': 5.070422535211268e-06, 'epoch': 0.79}
{'loss': 1.0611, 'grad_norm': 7.6943488121032715, 'learning_rate': 5.046948356807512e-06, 'epoch': 0.79}
{'loss': 1.0006, 'grad_norm': 4.8287177085876465, 'learning_rate': 5.0234741784037565e-06, 'epoch': 0.79}
{'loss': 1.2254, 'grad_norm': 4.342978000640869, 'learning_rate': 5e-06, 'epoch': 0.79}
{'loss': 1.1003, 'grad_norm': 5.541006565093994, 'learning_rate': 4.976525821596244e-06, 'epoch': 0.79}
{'loss': 1.1486, 'grad_norm': 6.378385066986084, 'learning_rate': 4.953051643192488e-06, 'epoch': 0.8}
{'loss': 0.9527, 'grad_norm': 4.468017101287842, 'learning_rate': 4.929577464788733e-06, 'epoch': 0.8}
{'loss': 1.1004, 'grad_norm': 3.280383348464966, 'learning_rate': 4.906103286384977e-06, 'epoch': 0.8}
{'loss': 0.8862, 'grad_norm': 4.2013325691223145, 'learning_rate': 4.882629107981221e-06, 'epoch': 0.8}
{'loss': 1.0815, 'grad_norm': 2.972971200942993, 'learning_rate': 4.859154929577465e-06, 'epoch': 0.8}
{'loss': 1.1177, 'grad_norm': 8.302879333496094, 'learning_rate': 4.835680751173709e-06, 'epoch': 0.8}
{'loss': 0.9718, 'grad_norm': 2.4807639122009277, 'learning_rate': 4.812206572769954e-06, 'epoch': 0.8}
{'loss': 1.3756, 'grad_norm': 4.39778470993042, 'learning_rate': 4.788732394366197e-06, 'epoch': 0.8}
{'loss': 1.1104, 'grad_norm': 5.058198928833008, 'learning_rate': 4.765258215962442e-06, 'epoch': 0.81}
{'loss': 0.8829, 'grad_norm': 3.1169822216033936, 'learning_rate': 4.741784037558686e-06, 'epoch': 0.81}
{'loss': 1.0057, 'grad_norm': 3.9202826023101807, 'learning_rate': 4.71830985915493e-06, 'epoch': 0.81}
{'loss': 0.8443, 'grad_norm': 3.3665788173675537, 'learning_rate': 4.694835680751174e-06, 'epoch': 0.81}
{'loss': 1.0021, 'grad_norm': 3.648563861846924, 'learning_rate': 4.671361502347418e-06, 'epoch': 0.81}
{'loss': 1.1817, 'grad_norm': 2.721294641494751, 'learning_rate': 4.647887323943662e-06, 'epoch': 0.81}
{'loss': 1.3391, 'grad_norm': 16.136505126953125, 'learning_rate': 4.624413145539906e-06, 'epoch': 0.81}
{'loss': 0.9336, 'grad_norm': 2.7464568614959717, 'learning_rate': 4.60093896713615e-06, 'epoch': 0.81}
{'loss': 1.0079, 'grad_norm': 2.6267480850219727, 'learning_rate': 4.577464788732395e-06, 'epoch': 0.81}
{'loss': 1.042, 'grad_norm': 4.016421794891357, 'learning_rate': 4.553990610328639e-06, 'epoch': 0.82}
{'loss': 1.0936, 'grad_norm': 3.184924602508545, 'learning_rate': 4.530516431924883e-06, 'epoch': 0.82}
{'loss': 1.1783, 'grad_norm': 3.466360569000244, 'learning_rate': 4.507042253521127e-06, 'epoch': 0.82}
{'loss': 1.0964, 'grad_norm': 3.158970594406128, 'learning_rate': 4.483568075117371e-06, 'epoch': 0.82}
{'loss': 0.9086, 'grad_norm': 3.096057415008545, 'learning_rate': 4.460093896713616e-06, 'epoch': 0.82}
{'loss': 1.3132, 'grad_norm': 3.860572338104248, 'learning_rate': 4.43661971830986e-06, 'epoch': 0.82}
{'loss': 0.8281, 'grad_norm': 6.944142818450928, 'learning_rate': 4.413145539906104e-06, 'epoch': 0.82}
{'loss': 0.964, 'grad_norm': 3.30680775642395, 'learning_rate': 4.3896713615023476e-06, 'epoch': 0.82}
{'loss': 1.1356, 'grad_norm': 5.296023845672607, 'learning_rate': 4.3661971830985915e-06, 'epoch': 0.83}
{'loss': 1.0343, 'grad_norm': 5.23035192489624, 'learning_rate': 4.342723004694836e-06, 'epoch': 0.83}
{'loss': 1.1328, 'grad_norm': 3.629487991333008, 'learning_rate': 4.31924882629108e-06, 'epoch': 0.83}
{'loss': 1.011, 'grad_norm': 1.7059487104415894, 'learning_rate': 4.295774647887324e-06, 'epoch': 0.83}
{'loss': 1.0822, 'grad_norm': 5.518296241760254, 'learning_rate': 4.272300469483568e-06, 'epoch': 0.83}
{'loss': 0.8216, 'grad_norm': 4.073213577270508, 'learning_rate': 4.248826291079813e-06, 'epoch': 0.83}
{'loss': 0.7875, 'grad_norm': 2.3445537090301514, 'learning_rate': 4.225352112676057e-06, 'epoch': 0.83}
                                                 

                                                 

                                                 

                                                 

                                                 

                                                 

                                                 

                                                 

                                                 

                                                 

                                                 

                                                 

                                                 

                                                 

                                                 

                                                 

                                                 

                                                 

                                                 

                                                 

                                                 

                                                 

{'loss': 0.9329, 'grad_norm': 6.122870445251465, 'learning_rate': 4.201877934272301e-06, 'epoch': 0.83}
{'loss': 1.0818, 'grad_norm': 3.5432686805725098, 'learning_rate': 4.178403755868545e-06, 'epoch': 0.84}
{'loss': 1.0699, 'grad_norm': 3.976184129714966, 'learning_rate': 4.154929577464789e-06, 'epoch': 0.84}
{'loss': 1.2009, 'grad_norm': 4.702669620513916, 'learning_rate': 4.131455399061034e-06, 'epoch': 0.84}
{'loss': 0.9974, 'grad_norm': 3.1667561531066895, 'learning_rate': 4.107981220657278e-06, 'epoch': 0.84}
{'loss': 1.0687, 'grad_norm': 4.372859001159668, 'learning_rate': 4.0845070422535216e-06, 'epoch': 0.84}
{'loss': 1.0164, 'grad_norm': 5.80186128616333, 'learning_rate': 4.0610328638497655e-06, 'epoch': 0.84}
{'loss': 1.051, 'grad_norm': 2.745156764984131, 'learning_rate': 4.0375586854460095e-06, 'epoch': 0.84}
{'loss': 1.0083, 'grad_norm': 3.2760956287384033, 'learning_rate': 4.014084507042254e-06, 'epoch': 0.84}
{'loss': 0.9436, 'grad_norm': 5.0189666748046875, 'learning_rate': 3.990610328638498e-06, 'epoch': 0.85}
{'loss': 1.0059, 'grad_norm': 4.863246917724609, 'learning_rate': 3.967136150234742e-06, 'epoch': 0.85}
{'loss': 1.0276, 'grad_norm': 5.459936618804932, 'learning_rate': 3.943661971830986e-06, 'epoch': 0.85}
{'loss': 1.3793, 'grad_norm': 4.859525203704834, 'learning_rate': 3.92018779342723e-06, 'epoch': 0.85}
{'loss': 1.0367, 'grad_norm': 3.350389242172241, 'learning_rate': 3.896713615023475e-06, 'epoch': 0.85}
{'loss': 1.0243, 'grad_norm': 3.211942195892334, 'learning_rate': 3.873239436619718e-06, 'epoch': 0.85}
{'loss': 0.9868, 'grad_norm': 3.946747064590454, 'learning_rate': 3.849765258215963e-06, 'epoch': 0.85}
{'loss': 0.8682, 'grad_norm': 4.37166166305542, 'learning_rate': 3.826291079812207e-06, 'epoch': 0.85}
{'loss': 1.1495, 'grad_norm': 3.0000507831573486, 'learning_rate': 3.8028169014084508e-06, 'epoch': 0.86}
{'loss': 0.7692, 'grad_norm': 4.298149585723877, 'learning_rate': 3.779342723004695e-06, 'epoch': 0.86}
{'loss': 0.8689, 'grad_norm': 6.417726039886475, 'learning_rate': 3.755868544600939e-06, 'epoch': 0.86}
{'loss': 1.0187, 'grad_norm': 5.5176262855529785, 'learning_rate': 3.7323943661971835e-06, 'epoch': 0.86}
{'loss': 0.9249, 'grad_norm': 2.147364616394043, 'learning_rate': 3.708920187793428e-06, 'epoch': 0.86}
































                                                 


                                               
[A


                                               [A
                                                 

                                                 

                                                 

                                                 

                                                 

                                                 

                                                 

                                                 

                                                 

                                                 

                                                 

                                                 

                                                 

                                                 

                                                 

                                                 

                                                 

                                                 

                                                 

                                                 

                                                 

                                                 

                                                 

                                                 

                                                 

                                                 

                                                 

                                                 

                                                 

                                                 

                                                 

                                                 

                                                 

                                                 

                                                 

                                                 

                                                 

                                                 

                                                 

                                                 

                                                 

                                                 

                                                 

                                                 

                                                 

                                                 

                                                 

                                                 

                                                 

                                                 

                                                 

                                                 

                                                 

                                                 

                                                 

                                                 

                                                 

                                                 

                                                 

                                                 

                                                 

                                                 

                                                 

                                                 

                                                 

                                                 

                                                 

                                                 

                                                 

                                                 

                                                 

                                                 

                                                 

                                                 

                                                 

                                                 

                                                 
{'eval_loss': 0.9027277231216431, 'eval_runtime': 9.6546, 'eval_samples_per_second': 13.258, 'eval_steps_per_second': 3.314, 'epoch': 0.86}
{'loss': 0.8621, 'grad_norm': 5.159849166870117, 'learning_rate': 3.6854460093896714e-06, 'epoch': 0.86}
{'loss': 1.0138, 'grad_norm': 3.18436598777771, 'learning_rate': 3.6619718309859158e-06, 'epoch': 0.86}
{'loss': 1.0096, 'grad_norm': 5.429027080535889, 'learning_rate': 3.6384976525821597e-06, 'epoch': 0.86}
{'loss': 1.0761, 'grad_norm': 2.528927803039551, 'learning_rate': 3.615023474178404e-06, 'epoch': 0.87}
{'loss': 1.2204, 'grad_norm': 6.054270267486572, 'learning_rate': 3.5915492957746485e-06, 'epoch': 0.87}
{'loss': 0.9316, 'grad_norm': 3.4962382316589355, 'learning_rate': 3.568075117370892e-06, 'epoch': 0.87}
{'loss': 1.0017, 'grad_norm': 2.394907236099243, 'learning_rate': 3.5446009389671364e-06, 'epoch': 0.87}
{'loss': 0.9282, 'grad_norm': 6.186605930328369, 'learning_rate': 3.5211267605633804e-06, 'epoch': 0.87}
{'loss': 1.0596, 'grad_norm': 5.6275787353515625, 'learning_rate': 3.4976525821596248e-06, 'epoch': 0.87}
{'loss': 0.9533, 'grad_norm': 5.6967291831970215, 'learning_rate': 3.474178403755869e-06, 'epoch': 0.87}
{'loss': 0.8571, 'grad_norm': 3.6746573448181152, 'learning_rate': 3.4507042253521127e-06, 'epoch': 0.87}
{'loss': 1.0209, 'grad_norm': 4.503066062927246, 'learning_rate': 3.427230046948357e-06, 'epoch': 0.88}
{'loss': 1.0823, 'grad_norm': 7.824412822723389, 'learning_rate': 3.4037558685446014e-06, 'epoch': 0.88}
{'loss': 0.9817, 'grad_norm': 3.0047616958618164, 'learning_rate': 3.3802816901408454e-06, 'epoch': 0.88}
{'loss': 1.0098, 'grad_norm': 5.34994649887085, 'learning_rate': 3.35680751173709e-06, 'epoch': 0.88}
{'loss': 0.993, 'grad_norm': 5.476635932922363, 'learning_rate': 3.3333333333333333e-06, 'epoch': 0.88}
{'loss': 1.1166, 'grad_norm': 3.678868293762207, 'learning_rate': 3.3098591549295777e-06, 'epoch': 0.88}
{'loss': 0.9743, 'grad_norm': 4.726871490478516, 'learning_rate': 3.286384976525822e-06, 'epoch': 0.88}
{'loss': 1.1594, 'grad_norm': 2.989464521408081, 'learning_rate': 3.262910798122066e-06, 'epoch': 0.88}
{'loss': 0.9889, 'grad_norm': 3.6005747318267822, 'learning_rate': 3.2394366197183104e-06, 'epoch': 0.89}
{'loss': 0.9704, 'grad_norm': 4.435493469238281, 'learning_rate': 3.215962441314554e-06, 'epoch': 0.89}
{'loss': 0.9024, 'grad_norm': 5.5793538093566895, 'learning_rate': 3.1924882629107983e-06, 'epoch': 0.89}
{'loss': 0.9509, 'grad_norm': 6.032455921173096, 'learning_rate': 3.1690140845070427e-06, 'epoch': 0.89}
{'loss': 0.8742, 'grad_norm': 3.495176076889038, 'learning_rate': 3.1455399061032867e-06, 'epoch': 0.89}
{'loss': 0.9675, 'grad_norm': 4.854336261749268, 'learning_rate': 3.122065727699531e-06, 'epoch': 0.89}
{'loss': 1.0266, 'grad_norm': 4.816890716552734, 'learning_rate': 3.0985915492957746e-06, 'epoch': 0.89}
{'loss': 1.0695, 'grad_norm': 7.596079349517822, 'learning_rate': 3.075117370892019e-06, 'epoch': 0.89}
{'loss': 0.8826, 'grad_norm': 4.415370941162109, 'learning_rate': 3.0516431924882634e-06, 'epoch': 0.89}
{'loss': 0.9853, 'grad_norm': 3.241469621658325, 'learning_rate': 3.0281690140845073e-06, 'epoch': 0.9}
{'loss': 1.003, 'grad_norm': 3.778921604156494, 'learning_rate': 3.0046948356807513e-06, 'epoch': 0.9}
{'loss': 1.1235, 'grad_norm': 1.9957513809204102, 'learning_rate': 2.9812206572769952e-06, 'epoch': 0.9}
{'loss': 0.9294, 'grad_norm': 3.6936569213867188, 'learning_rate': 2.9577464788732396e-06, 'epoch': 0.9}
{'loss': 1.0406, 'grad_norm': 5.765334129333496, 'learning_rate': 2.934272300469484e-06, 'epoch': 0.9}
{'loss': 1.126, 'grad_norm': 3.8137242794036865, 'learning_rate': 2.910798122065728e-06, 'epoch': 0.9}
{'loss': 0.8167, 'grad_norm': 2.6586670875549316, 'learning_rate': 2.887323943661972e-06, 'epoch': 0.9}
{'loss': 1.3446, 'grad_norm': 5.389125347137451, 'learning_rate': 2.8638497652582163e-06, 'epoch': 0.9}
{'loss': 1.0965, 'grad_norm': 2.1269114017486572, 'learning_rate': 2.8403755868544603e-06, 'epoch': 0.91}
{'loss': 1.0222, 'grad_norm': 5.1161885261535645, 'learning_rate': 2.8169014084507046e-06, 'epoch': 0.91}
{'loss': 1.0443, 'grad_norm': 6.633129596710205, 'learning_rate': 2.793427230046948e-06, 'epoch': 0.91}
{'loss': 1.045, 'grad_norm': 4.5998640060424805, 'learning_rate': 2.7699530516431926e-06, 'epoch': 0.91}
{'loss': 1.0709, 'grad_norm': 6.456984043121338, 'learning_rate': 2.746478873239437e-06, 'epoch': 0.91}
{'loss': 1.1973, 'grad_norm': 8.321995735168457, 'learning_rate': 2.723004694835681e-06, 'epoch': 0.91}
{'loss': 1.1204, 'grad_norm': 6.420321464538574, 'learning_rate': 2.6995305164319253e-06, 'epoch': 0.91}
{'loss': 0.7499, 'grad_norm': 2.848034381866455, 'learning_rate': 2.676056338028169e-06, 'epoch': 0.91}
{'loss': 1.0453, 'grad_norm': 4.358058929443359, 'learning_rate': 2.652582159624413e-06, 'epoch': 0.92}
{'loss': 0.858, 'grad_norm': 8.732776641845703, 'learning_rate': 2.6291079812206576e-06, 'epoch': 0.92}
{'loss': 0.9139, 'grad_norm': 4.6361541748046875, 'learning_rate': 2.6056338028169015e-06, 'epoch': 0.92}
{'loss': 1.0519, 'grad_norm': 4.493425369262695, 'learning_rate': 2.582159624413146e-06, 'epoch': 0.92}
{'loss': 1.0426, 'grad_norm': 7.211386203765869, 'learning_rate': 2.5586854460093895e-06, 'epoch': 0.92}
{'loss': 1.2273, 'grad_norm': 5.097480773925781, 'learning_rate': 2.535211267605634e-06, 'epoch': 0.92}
{'loss': 0.9356, 'grad_norm': 3.7537732124328613, 'learning_rate': 2.5117370892018782e-06, 'epoch': 0.92}
{'loss': 1.1969, 'grad_norm': 4.667300701141357, 'learning_rate': 2.488262910798122e-06, 'epoch': 0.92}
{'loss': 1.2241, 'grad_norm': 5.38759708404541, 'learning_rate': 2.4647887323943666e-06, 'epoch': 0.93}
{'loss': 0.9689, 'grad_norm': 4.625826358795166, 'learning_rate': 2.4413145539906105e-06, 'epoch': 0.93}
{'loss': 1.0388, 'grad_norm': 4.2933807373046875, 'learning_rate': 2.4178403755868545e-06, 'epoch': 0.93}
{'loss': 0.9559, 'grad_norm': 4.164008140563965, 'learning_rate': 2.3943661971830984e-06, 'epoch': 0.93}
{'loss': 1.2814, 'grad_norm': 5.0534586906433105, 'learning_rate': 2.370892018779343e-06, 'epoch': 0.93}
{'loss': 1.0108, 'grad_norm': 3.0118229389190674, 'learning_rate': 2.347417840375587e-06, 'epoch': 0.93}
{'loss': 1.2002, 'grad_norm': 4.743119716644287, 'learning_rate': 2.323943661971831e-06, 'epoch': 0.93}
{'loss': 0.979, 'grad_norm': 2.9802491664886475, 'learning_rate': 2.300469483568075e-06, 'epoch': 0.93}
{'loss': 1.1268, 'grad_norm': 2.8975720405578613, 'learning_rate': 2.2769953051643195e-06, 'epoch': 0.94}
{'loss': 1.2454, 'grad_norm': 3.4862265586853027, 'learning_rate': 2.2535211267605635e-06, 'epoch': 0.94}
{'loss': 0.8264, 'grad_norm': 4.581667900085449, 'learning_rate': 2.230046948356808e-06, 'epoch': 0.94}
{'loss': 1.038, 'grad_norm': 6.030152320861816, 'learning_rate': 2.206572769953052e-06, 'epoch': 0.94}
{'loss': 0.9839, 'grad_norm': 5.470677852630615, 'learning_rate': 2.1830985915492958e-06, 'epoch': 0.94}
{'loss': 1.0313, 'grad_norm': 3.788409948348999, 'learning_rate': 2.15962441314554e-06, 'epoch': 0.94}
{'loss': 0.9791, 'grad_norm': 2.7634336948394775, 'learning_rate': 2.136150234741784e-06, 'epoch': 0.94}
{'loss': 0.9445, 'grad_norm': 3.251471519470215, 'learning_rate': 2.1126760563380285e-06, 'epoch': 0.94}
{'loss': 0.7959, 'grad_norm': 4.981770038604736, 'learning_rate': 2.0892018779342724e-06, 'epoch': 0.95}
{'loss': 1.1187, 'grad_norm': 4.987640857696533, 'learning_rate': 2.065727699530517e-06, 'epoch': 0.95}
{'loss': 0.9338, 'grad_norm': 2.993601083755493, 'learning_rate': 2.0422535211267608e-06, 'epoch': 0.95}
{'loss': 1.1833, 'grad_norm': 3.7861058712005615, 'learning_rate': 2.0187793427230047e-06, 'epoch': 0.95}
{'loss': 1.0058, 'grad_norm': 4.9589457511901855, 'learning_rate': 1.995305164319249e-06, 'epoch': 0.95}
{'loss': 1.1084, 'grad_norm': 5.657193660736084, 'learning_rate': 1.971830985915493e-06, 'epoch': 0.95}
{'loss': 1.0823, 'grad_norm': 5.396172523498535, 'learning_rate': 1.9483568075117375e-06, 'epoch': 0.95}
{'loss': 1.0168, 'grad_norm': 3.691848039627075, 'learning_rate': 1.9248826291079814e-06, 'epoch': 0.95}
{'loss': 1.2483, 'grad_norm': 4.637401103973389, 'learning_rate': 1.9014084507042254e-06, 'epoch': 0.96}
                                                 

                                                 

                                                 

                                                 

                                                 

                                                 

                                                 

                                                 

                                                 

                                                 

                                                 

                                                 

                                                 

                                                 

                                                 

                                                 

                                                 

                                                 

                                                 

                                                 

                                                 

                                                 

                                                 

{'loss': 1.0282, 'grad_norm': 3.1373472213745117, 'learning_rate': 1.8779342723004696e-06, 'epoch': 0.96}
{'loss': 1.2466, 'grad_norm': 5.312871932983398, 'learning_rate': 1.854460093896714e-06, 'epoch': 0.96}
{'loss': 1.2523, 'grad_norm': 4.453548431396484, 'learning_rate': 1.8309859154929579e-06, 'epoch': 0.96}
{'loss': 0.9777, 'grad_norm': 2.796114206314087, 'learning_rate': 1.807511737089202e-06, 'epoch': 0.96}
{'loss': 1.0387, 'grad_norm': 4.42209005355835, 'learning_rate': 1.784037558685446e-06, 'epoch': 0.96}
{'loss': 0.9722, 'grad_norm': 6.601632118225098, 'learning_rate': 1.7605633802816902e-06, 'epoch': 0.96}
{'loss': 1.1379, 'grad_norm': 5.585992813110352, 'learning_rate': 1.7370892018779346e-06, 'epoch': 0.96}
{'loss': 1.1066, 'grad_norm': 4.528046131134033, 'learning_rate': 1.7136150234741785e-06, 'epoch': 0.96}
{'loss': 0.9003, 'grad_norm': 3.2625110149383545, 'learning_rate': 1.6901408450704227e-06, 'epoch': 0.97}
{'loss': 1.1746, 'grad_norm': 6.713648796081543, 'learning_rate': 1.6666666666666667e-06, 'epoch': 0.97}
{'loss': 0.9448, 'grad_norm': 5.934844493865967, 'learning_rate': 1.643192488262911e-06, 'epoch': 0.97}
{'loss': 1.0989, 'grad_norm': 4.786438941955566, 'learning_rate': 1.6197183098591552e-06, 'epoch': 0.97}
{'loss': 0.9589, 'grad_norm': 4.227708339691162, 'learning_rate': 1.5962441314553992e-06, 'epoch': 0.97}
{'loss': 0.8965, 'grad_norm': 1.6686502695083618, 'learning_rate': 1.5727699530516433e-06, 'epoch': 0.97}
{'loss': 1.0064, 'grad_norm': 10.978479385375977, 'learning_rate': 1.5492957746478873e-06, 'epoch': 0.97}
{'loss': 0.7107, 'grad_norm': 4.9538984298706055, 'learning_rate': 1.5258215962441317e-06, 'epoch': 0.97}
{'loss': 1.1687, 'grad_norm': 5.839010715484619, 'learning_rate': 1.5023474178403756e-06, 'epoch': 0.98}
{'loss': 0.9528, 'grad_norm': 3.221515655517578, 'learning_rate': 1.4788732394366198e-06, 'epoch': 0.98}
{'loss': 1.1065, 'grad_norm': 6.788244247436523, 'learning_rate': 1.455399061032864e-06, 'epoch': 0.98}
{'loss': 1.081, 'grad_norm': 2.2446465492248535, 'learning_rate': 1.4319248826291082e-06, 'epoch': 0.98}
{'loss': 0.9769, 'grad_norm': 5.441043853759766, 'learning_rate': 1.4084507042253523e-06, 'epoch': 0.98}
{'loss': 1.0118, 'grad_norm': 5.2519989013671875, 'learning_rate': 1.3849765258215963e-06, 'epoch': 0.98}
{'loss': 0.8653, 'grad_norm': 2.560981512069702, 'learning_rate': 1.3615023474178405e-06, 'epoch': 0.98}
































                                                 


                                               
[A


                                               [A
                                                 

                                                 

                                                 

                                                 

                                                 

                                                 

                                                 

                                                 

                                                 

                                                 

                                                 

                                                 

                                                 

                                                 

                                                 

                                                 

                                                 

                                                 

                                                 

                                                 

                                                 

                                                 

                                                 

                                                 

                                                 

                                                 

                                                 

                                                 

                                                 

                                                 

                                                 

                                                 

                                                 

                                                 

                                                 

                                                 

                                                 

                                                 

                                                 

                                                 

                                                 

                                                 

                                                 

                                                 

                                                 

                                                 

                                                 

                                                 

                                                 

                                                 

                                                 

                                                 

                                                 

                                                 

                                                 

                                                 

                                                 

                                                 

No files have been modified since last commit. Skipping to prevent empty commit.
{'eval_loss': 0.9023488163948059, 'eval_runtime': 9.6548, 'eval_samples_per_second': 13.258, 'eval_steps_per_second': 3.314, 'epoch': 0.98}
{'loss': 0.9853, 'grad_norm': 3.6489272117614746, 'learning_rate': 1.3380281690140844e-06, 'epoch': 0.98}
{'loss': 1.1866, 'grad_norm': 3.7166521549224854, 'learning_rate': 1.3145539906103288e-06, 'epoch': 0.99}
{'loss': 0.9091, 'grad_norm': 4.696628093719482, 'learning_rate': 1.291079812206573e-06, 'epoch': 0.99}
{'loss': 1.2406, 'grad_norm': 3.4597513675689697, 'learning_rate': 1.267605633802817e-06, 'epoch': 0.99}
{'loss': 0.9476, 'grad_norm': 4.2032999992370605, 'learning_rate': 1.244131455399061e-06, 'epoch': 0.99}
{'loss': 1.2024, 'grad_norm': 4.265100479125977, 'learning_rate': 1.2206572769953053e-06, 'epoch': 0.99}
{'loss': 1.1896, 'grad_norm': 4.041069507598877, 'learning_rate': 1.1971830985915492e-06, 'epoch': 0.99}
{'loss': 1.2498, 'grad_norm': 6.24928617477417, 'learning_rate': 1.1737089201877936e-06, 'epoch': 0.99}
{'loss': 0.8945, 'grad_norm': 3.2592554092407227, 'learning_rate': 1.1502347417840376e-06, 'epoch': 0.99}
{'loss': 0.996, 'grad_norm': 3.6763267517089844, 'learning_rate': 1.1267605633802817e-06, 'epoch': 1.0}
{'loss': 1.4359, 'grad_norm': 9.841341018676758, 'learning_rate': 1.103286384976526e-06, 'epoch': 1.0}
{'loss': 1.0429, 'grad_norm': 4.71298885345459, 'learning_rate': 1.07981220657277e-06, 'epoch': 1.0}
{'loss': 0.9683, 'grad_norm': 4.675023555755615, 'learning_rate': 1.0563380281690142e-06, 'epoch': 1.0}
{'loss': 1.4156, 'grad_norm': 9.38268756866455, 'learning_rate': 1.0328638497652584e-06, 'epoch': 1.0}
{'loss': 1.0149, 'grad_norm': 2.689363479614258, 'learning_rate': 1.0093896713615024e-06, 'epoch': 1.0}
{'loss': 0.9755, 'grad_norm': 4.400305271148682, 'learning_rate': 9.859154929577465e-07, 'epoch': 1.0}
{'loss': 0.8908, 'grad_norm': 3.743858814239502, 'learning_rate': 9.624413145539907e-07, 'epoch': 1.0}
{'loss': 0.9293, 'grad_norm': 3.4917402267456055, 'learning_rate': 9.389671361502348e-07, 'epoch': 1.0}
{'loss': 1.2005, 'grad_norm': 3.7912256717681885, 'learning_rate': 9.154929577464789e-07, 'epoch': 1.01}
{'loss': 0.8761, 'grad_norm': 2.6276702880859375, 'learning_rate': 8.92018779342723e-07, 'epoch': 1.01}
{'loss': 1.0032, 'grad_norm': 6.191376209259033, 'learning_rate': 8.685446009389673e-07, 'epoch': 1.01}
{'loss': 1.2463, 'grad_norm': 3.0825562477111816, 'learning_rate': 8.450704225352114e-07, 'epoch': 1.01}
{'loss': 0.9705, 'grad_norm': 9.05207633972168, 'learning_rate': 8.215962441314555e-07, 'epoch': 1.01}
{'loss': 1.0067, 'grad_norm': 4.891165733337402, 'learning_rate': 7.981220657276996e-07, 'epoch': 1.01}
{'loss': 0.9149, 'grad_norm': 5.17838716506958, 'learning_rate': 7.746478873239437e-07, 'epoch': 1.01}
{'loss': 1.1993, 'grad_norm': 6.908969402313232, 'learning_rate': 7.511737089201878e-07, 'epoch': 1.01}
{'loss': 1.0362, 'grad_norm': 2.6415364742279053, 'learning_rate': 7.27699530516432e-07, 'epoch': 1.02}
{'loss': 1.0526, 'grad_norm': 6.7660908699035645, 'learning_rate': 7.042253521126762e-07, 'epoch': 1.02}
{'loss': 1.0201, 'grad_norm': 3.5825705528259277, 'learning_rate': 6.807511737089202e-07, 'epoch': 1.02}
{'loss': 0.9894, 'grad_norm': 4.3942413330078125, 'learning_rate': 6.572769953051644e-07, 'epoch': 1.02}
{'loss': 0.9261, 'grad_norm': 2.973247528076172, 'learning_rate': 6.338028169014085e-07, 'epoch': 1.02}
{'loss': 0.9711, 'grad_norm': 2.458069324493408, 'learning_rate': 6.103286384976526e-07, 'epoch': 1.02}
{'loss': 1.0195, 'grad_norm': 4.051553726196289, 'learning_rate': 5.868544600938968e-07, 'epoch': 1.02}
{'loss': 1.0319, 'grad_norm': 4.327467918395996, 'learning_rate': 5.633802816901409e-07, 'epoch': 1.02}
{'loss': 1.0134, 'grad_norm': 2.250683069229126, 'learning_rate': 5.39906103286385e-07, 'epoch': 1.03}
{'loss': 0.8445, 'grad_norm': 5.693853855133057, 'learning_rate': 5.164319248826292e-07, 'epoch': 1.03}
{'loss': 1.0313, 'grad_norm': 2.6637492179870605, 'learning_rate': 4.929577464788733e-07, 'epoch': 1.03}
{'loss': 0.9398, 'grad_norm': 5.5530314445495605, 'learning_rate': 4.694835680751174e-07, 'epoch': 1.03}
{'loss': 1.1574, 'grad_norm': 3.0828914642333984, 'learning_rate': 4.460093896713615e-07, 'epoch': 1.03}
{'loss': 1.2612, 'grad_norm': 6.309067726135254, 'learning_rate': 4.225352112676057e-07, 'epoch': 1.03}
{'loss': 1.0662, 'grad_norm': 3.6326606273651123, 'learning_rate': 3.990610328638498e-07, 'epoch': 1.03}
{'loss': 1.2142, 'grad_norm': 3.8847403526306152, 'learning_rate': 3.755868544600939e-07, 'epoch': 1.03}
{'loss': 1.0145, 'grad_norm': 5.389065742492676, 'learning_rate': 3.521126760563381e-07, 'epoch': 1.04}
{'loss': 1.0565, 'grad_norm': 2.5841169357299805, 'learning_rate': 3.286384976525822e-07, 'epoch': 1.04}
{'loss': 1.2088, 'grad_norm': 3.8326048851013184, 'learning_rate': 3.051643192488263e-07, 'epoch': 1.04}
{'loss': 1.1411, 'grad_norm': 12.04218864440918, 'learning_rate': 2.8169014084507043e-07, 'epoch': 1.04}
{'loss': 1.0726, 'grad_norm': 4.196704387664795, 'learning_rate': 2.582159624413146e-07, 'epoch': 1.04}
{'loss': 0.8043, 'grad_norm': 5.284886837005615, 'learning_rate': 2.347417840375587e-07, 'epoch': 1.04}
{'loss': 1.1801, 'grad_norm': 4.805196762084961, 'learning_rate': 2.1126760563380284e-07, 'epoch': 1.04}
{'loss': 0.9784, 'grad_norm': 3.0076615810394287, 'learning_rate': 1.8779342723004696e-07, 'epoch': 1.04}
{'loss': 1.0086, 'grad_norm': 3.0416555404663086, 'learning_rate': 1.643192488262911e-07, 'epoch': 1.05}
{'loss': 1.1709, 'grad_norm': 8.489295959472656, 'learning_rate': 1.4084507042253522e-07, 'epoch': 1.05}
{'loss': 0.988, 'grad_norm': 8.180196762084961, 'learning_rate': 1.1737089201877935e-07, 'epoch': 1.05}
{'loss': 0.9826, 'grad_norm': 4.856900691986084, 'learning_rate': 9.389671361502348e-08, 'epoch': 1.05}
{'loss': 1.1626, 'grad_norm': 4.754521369934082, 'learning_rate': 7.042253521126761e-08, 'epoch': 1.05}
{'loss': 0.9886, 'grad_norm': 4.375168323516846, 'learning_rate': 4.694835680751174e-08, 'epoch': 1.05}
{'loss': 1.1782, 'grad_norm': 4.630398273468018, 'learning_rate': 2.347417840375587e-08, 'epoch': 1.05}
{'train_runtime': 1441.1208, 'train_samples_per_second': 9.515, 'train_steps_per_second': 0.595, 'train_loss': 1.0832250581460905, 'epoch': 1.05}
Pushing full model and tokenizer to jrepifano/q14b-mix-arm2-r1-seed3...
Saved model to https://huggingface.co/jrepifano/q14b-mix-arm2-r1-seed3
Successfully pushed full model and tokenizer!

{'eval_loss': 0.9022459983825684, 'eval_runtime': 9.6324, 'eval_samples_per_second': 13.288, 'eval_steps_per_second': 3.322}
[1;34mwandb[0m: 
[1;34mwandb[0m: You can sync this run to the cloud by running:
[1;34mwandb[0m: [1mwandb sync /workspace/model-organisms-for-EM/wandb/offline-run-20260817_145413-aacq1bod[0m
[1;34mwandb[0m: Find logs at: [1;35mwandb/offline-run-20260817_145413-aacq1bod/logs[0m
