🦥 Unsloth: Will patch your computer to enable 2x faster free finetuning.
🦥 Unsloth Zoo will now patch everything to make training faster!
INFO 08-17 17:13:16 [__init__.py:243] Automatically detected platform cuda.
==((====))==  Unsloth 2025.6.1: Fast Qwen2 patching. Transformers: 4.52.4. vLLM: 0.9.0.1.
   \\   /|    NVIDIA H100 80GB HBM3. Num GPUs = 1. Max memory: 79.179 GB. Platform: Linux.
O^O/ \_/ \    Torch: 2.7.0+cu126. CUDA: 9.0. CUDA Toolkit: 12.6. Triton: 3.3.0
\        /    Bfloat16 = TRUE. FA [Xformers = 0.0.30. FA2 = False]
 "-____-"     Free license: http://github.com/unslothai/unsloth
Unsloth: Fast downloading is enabled - ignore downloading bars which are red colored!

Not an error, but Unsloth cannot patch MLP layers with our manual autograd engine since either LoRA adapters
are not enabled or a bias term (like in Qwen) is used.
Not an error, but Unsloth cannot patch O projection layer with our manual autograd engine since either LoRA adapters
are not enabled or a bias term (like in Qwen) is used.
Unsloth 2025.6.1 patched 48 layers with 48 QKV layers, 0 O layers and 0 MLP layers.
Creating new LoRA adapter

Map:   0%|          | 0/13698 [00:00<?, ? examples/s]
Map:  29%|██▉       | 4000/13698 [00:00<00:00, 21372.71 examples/s]
Map:  58%|█████▊    | 8000/13698 [00:00<00:00, 21140.91 examples/s]
Map:  80%|████████  | 11000/13698 [00:00<00:00, 20199.66 examples/s]
Map: 100%|██████████| 13698/13698 [00:00<00:00, 20634.87 examples/s]
Map: 100%|██████████| 13698/13698 [00:00<00:00, 20649.82 examples/s]

Map:   0%|          | 0/128 [00:00<?, ? examples/s]
Map: 100%|██████████| 128/128 [00:00<00:00, 14323.43 examples/s]
wandb: Tracking run with wandb version 0.20.1
wandb: W&B syncing is set to `offline` in this directory. Run `wandb online` or set WANDB_MODE=online to enable cloud syncing.
Warning: guessing how to train on responses only

Unsloth: Tokenizing ["text"]:   0%|          | 0/13698 [00:00<?, ? examples/s]
Unsloth: Tokenizing ["text"]:   7%|▋         | 1000/13698 [00:00<00:09, 1320.64 examples/s]
Unsloth: Tokenizing ["text"]:  15%|█▍        | 2000/13698 [00:01<00:08, 1337.75 examples/s]
Unsloth: Tokenizing ["text"]:  22%|██▏       | 3000/13698 [00:02<00:08, 1330.68 examples/s]
Unsloth: Tokenizing ["text"]:  29%|██▉       | 4000/13698 [00:02<00:07, 1341.97 examples/s]
Unsloth: Tokenizing ["text"]:  37%|███▋      | 5000/13698 [00:03<00:06, 1342.07 examples/s]
Unsloth: Tokenizing ["text"]:  44%|████▍     | 6000/13698 [00:04<00:05, 1345.00 examples/s]
Unsloth: Tokenizing ["text"]:  51%|█████     | 7000/13698 [00:05<00:05, 1322.86 examples/s]
Unsloth: Tokenizing ["text"]:  58%|█████▊    | 8000/13698 [00:06<00:04, 1326.02 examples/s]
Unsloth: Tokenizing ["text"]:  66%|██████▌   | 9000/13698 [00:06<00:03, 1301.35 examples/s]
Unsloth: Tokenizing ["text"]:  73%|███████▎  | 10000/13698 [00:07<00:02, 1289.82 examples/s]
Unsloth: Tokenizing ["text"]:  80%|████████  | 11000/13698 [00:08<00:02, 1317.66 examples/s]
Unsloth: Tokenizing ["text"]:  88%|████████▊ | 12000/13698 [00:09<00:01, 1341.37 examples/s]
Unsloth: Tokenizing ["text"]:  95%|█████████▍| 13000/13698 [00:09<00:00, 1345.56 examples/s]
Unsloth: Tokenizing ["text"]: 100%|██████████| 13698/13698 [00:10<00:00, 1313.60 examples/s]
Unsloth: Tokenizing ["text"]: 100%|██████████| 13698/13698 [00:10<00:00, 1323.42 examples/s]

Unsloth: Tokenizing ["text"]:   0%|          | 0/128 [00:00<?, ? examples/s]
Unsloth: Tokenizing ["text"]: 100%|██████████| 128/128 [00:00<00:00, 856.19 examples/s]
Unsloth: Tokenizing ["text"]: 100%|██████████| 128/128 [00:00<00:00, 843.51 examples/s]

Map (num_proc=224):   0%|          | 0/13698 [00:00<?, ? examples/s]
Map (num_proc=224):   0%|          | 62/13698 [00:00<00:28, 472.56 examples/s]
Map (num_proc=224):   1%|▏         | 186/13698 [00:00<00:21, 642.40 examples/s]
Map (num_proc=224):   3%|▎         | 372/13698 [00:00<00:13, 953.39 examples/s]
Map (num_proc=224):   4%|▎         | 496/13698 [00:00<00:13, 983.16 examples/s]
Map (num_proc=224):   5%|▍         | 620/13698 [00:00<00:13, 993.35 examples/s]
Map (num_proc=224):   5%|▌         | 744/13698 [00:00<00:12, 1053.46 examples/s]
Map (num_proc=224):   6%|▋         | 868/13698 [00:00<00:12, 1014.93 examples/s]
Map (num_proc=224):   7%|▋         | 992/13698 [00:01<00:13, 910.81 examples/s] 
Map (num_proc=224):   8%|▊         | 1116/13698 [00:01<00:13, 900.23 examples/s]
Map (num_proc=224):   9%|▉         | 1240/13698 [00:01<00:13, 933.29 examples/s]
Map (num_proc=224):  10%|▉         | 1364/13698 [00:01<00:12, 967.00 examples/s]
Map (num_proc=224):  11%|█         | 1488/13698 [00:01<00:12, 974.23 examples/s]
Map (num_proc=224):  12%|█▏        | 1612/13698 [00:01<00:12, 990.42 examples/s]
Map (num_proc=224):  13%|█▎        | 1736/13698 [00:01<00:12, 981.40 examples/s]
Map (num_proc=224):  14%|█▎        | 1860/13698 [00:01<00:12, 972.97 examples/s]
Map (num_proc=224):  14%|█▍        | 1984/13698 [00:02<00:12, 946.60 examples/s]
Map (num_proc=224):  15%|█▌        | 2108/13698 [00:02<00:12, 894.78 examples/s]
Map (num_proc=224):  17%|█▋        | 2291/13698 [00:02<00:11, 996.39 examples/s]
Map (num_proc=224):  18%|█▊        | 2474/13698 [00:02<00:10, 1076.57 examples/s]
Map (num_proc=224):  19%|█▉        | 2657/13698 [00:02<00:09, 1202.47 examples/s]
Map (num_proc=224):  21%|██        | 2840/13698 [00:02<00:09, 1174.78 examples/s]
Map (num_proc=224):  22%|██▏       | 2962/13698 [00:02<00:09, 1131.99 examples/s]
Map (num_proc=224):  23%|██▎       | 3084/13698 [00:03<00:10, 991.90 examples/s] 
Map (num_proc=224):  24%|██▍       | 3267/13698 [00:03<00:10, 1026.15 examples/s]
Map (num_proc=224):  25%|██▍       | 3389/13698 [00:03<00:09, 1032.15 examples/s]
Map (num_proc=224):  26%|██▌       | 3511/13698 [00:03<00:10, 997.40 examples/s] 
Map (num_proc=224):  27%|██▋       | 3633/13698 [00:03<00:10, 999.76 examples/s]
Map (num_proc=224):  27%|██▋       | 3755/13698 [00:03<00:10, 991.00 examples/s]
Map (num_proc=224):  28%|██▊       | 3877/13698 [00:03<00:10, 960.00 examples/s]
Map (num_proc=224):  29%|██▉       | 3999/13698 [00:04<00:09, 970.83 examples/s]
Map (num_proc=224):  30%|███       | 4121/13698 [00:04<00:10, 918.91 examples/s]
Map (num_proc=224):  31%|███       | 4243/13698 [00:04<00:09, 990.52 examples/s]
Map (num_proc=224):  32%|███▏      | 4365/13698 [00:04<00:09, 985.92 examples/s]
Map (num_proc=224):  33%|███▎      | 4487/13698 [00:04<00:08, 1032.07 examples/s]
Map (num_proc=224):  34%|███▎      | 4609/13698 [00:04<00:08, 1022.93 examples/s]
Map (num_proc=224):  35%|███▍      | 4731/13698 [00:04<00:08, 1047.21 examples/s]
Map (num_proc=224):  35%|███▌      | 4853/13698 [00:04<00:08, 995.57 examples/s] 
Map (num_proc=224):  36%|███▋      | 4975/13698 [00:05<00:09, 932.24 examples/s]
Map (num_proc=224):  37%|███▋      | 5097/13698 [00:05<00:10, 832.12 examples/s]
Map (num_proc=224):  38%|███▊      | 5219/13698 [00:05<00:09, 901.86 examples/s]
Map (num_proc=224):  39%|███▉      | 5341/13698 [00:05<00:09, 913.65 examples/s]
Map (num_proc=224):  40%|███▉      | 5463/13698 [00:05<00:08, 921.37 examples/s]
Map (num_proc=224):  41%|████      | 5585/13698 [00:05<00:08, 910.82 examples/s]
Map (num_proc=224):  42%|████▏     | 5768/13698 [00:05<00:07, 1017.54 examples/s]
Map (num_proc=224):  43%|████▎     | 5890/13698 [00:06<00:07, 1007.62 examples/s]
Map (num_proc=224):  44%|████▍     | 6012/13698 [00:06<00:08, 868.18 examples/s] 
Map (num_proc=224):  45%|████▍     | 6134/13698 [00:06<00:08, 864.93 examples/s]
Map (num_proc=224):  46%|████▌     | 6256/13698 [00:06<00:08, 890.72 examples/s]
Map (num_proc=224):  47%|████▋     | 6378/13698 [00:06<00:08, 888.57 examples/s]
Map (num_proc=224):  47%|████▋     | 6500/13698 [00:06<00:07, 957.59 examples/s]
Map (num_proc=224):  48%|████▊     | 6622/13698 [00:06<00:07, 945.39 examples/s]
Map (num_proc=224):  49%|████▉     | 6744/13698 [00:06<00:07, 967.05 examples/s]
Map (num_proc=224):  50%|█████     | 6866/13698 [00:07<00:07, 974.67 examples/s]
Map (num_proc=224):  51%|█████     | 6988/13698 [00:07<00:07, 899.81 examples/s]
Map (num_proc=224):  52%|█████▏    | 7110/13698 [00:07<00:07, 865.74 examples/s]
Map (num_proc=224):  53%|█████▎    | 7232/13698 [00:07<00:07, 875.23 examples/s]
Map (num_proc=224):  54%|█████▎    | 7354/13698 [00:07<00:07, 880.98 examples/s]
Map (num_proc=224):  55%|█████▍    | 7476/13698 [00:07<00:06, 911.53 examples/s]
Map (num_proc=224):  55%|█████▌    | 7598/13698 [00:07<00:06, 924.82 examples/s]
Map (num_proc=224):  56%|█████▋    | 7720/13698 [00:08<00:06, 955.58 examples/s]
Map (num_proc=224):  57%|█████▋    | 7842/13698 [00:08<00:06, 975.21 examples/s]
Map (num_proc=224):  58%|█████▊    | 7964/13698 [00:08<00:05, 970.50 examples/s]
Map (num_proc=224):  59%|█████▉    | 8086/13698 [00:08<00:06, 859.89 examples/s]
Map (num_proc=224):  60%|█████▉    | 8208/13698 [00:08<00:06, 873.88 examples/s]
Map (num_proc=224):  61%|██████    | 8330/13698 [00:08<00:06, 883.16 examples/s]
Map (num_proc=224):  62%|██████▏   | 8452/13698 [00:08<00:05, 899.32 examples/s]
Map (num_proc=224):  63%|██████▎   | 8574/13698 [00:08<00:05, 898.41 examples/s]
Map (num_proc=224):  63%|██████▎   | 8696/13698 [00:09<00:05, 904.30 examples/s]
Map (num_proc=224):  64%|██████▍   | 8818/13698 [00:09<00:05, 899.78 examples/s]
Map (num_proc=224):  65%|██████▌   | 8940/13698 [00:09<00:05, 935.70 examples/s]
Map (num_proc=224):  66%|██████▌   | 9062/13698 [00:09<00:05, 897.51 examples/s]
Map (num_proc=224):  67%|██████▋   | 9184/13698 [00:09<00:04, 954.61 examples/s]
Map (num_proc=224):  68%|██████▊   | 9367/13698 [00:09<00:04, 1035.84 examples/s]
Map (num_proc=224):  69%|██████▉   | 9489/13698 [00:09<00:04, 1013.85 examples/s]
Map (num_proc=224):  70%|███████   | 9611/13698 [00:10<00:04, 990.99 examples/s] 
Map (num_proc=224):  71%|███████   | 9733/13698 [00:10<00:04, 969.46 examples/s]
Map (num_proc=224):  72%|███████▏  | 9855/13698 [00:10<00:04, 944.67 examples/s]
Map (num_proc=224):  73%|███████▎  | 9977/13698 [00:10<00:04, 929.41 examples/s]
Map (num_proc=224):  74%|███████▎  | 10099/13698 [00:10<00:04, 898.00 examples/s]
Map (num_proc=224):  75%|███████▌  | 10282/13698 [00:10<00:03, 981.82 examples/s]
Map (num_proc=224):  76%|███████▌  | 10404/13698 [00:10<00:03, 1019.81 examples/s]
Map (num_proc=224):  77%|███████▋  | 10526/13698 [00:11<00:03, 995.00 examples/s] 
Map (num_proc=224):  78%|███████▊  | 10648/13698 [00:11<00:03, 982.66 examples/s]
Map (num_proc=224):  79%|███████▊  | 10770/13698 [00:11<00:02, 997.03 examples/s]
Map (num_proc=224):  80%|███████▉  | 10892/13698 [00:11<00:02, 992.91 examples/s]
Map (num_proc=224):  80%|████████  | 11014/13698 [00:11<00:02, 953.81 examples/s]
Map (num_proc=224):  81%|████████▏ | 11136/13698 [00:11<00:02, 962.56 examples/s]
Map (num_proc=224):  82%|████████▏ | 11258/13698 [00:11<00:02, 929.66 examples/s]
Map (num_proc=224):  83%|████████▎ | 11380/13698 [00:11<00:02, 961.18 examples/s]
Map (num_proc=224):  84%|████████▍ | 11502/13698 [00:12<00:02, 994.09 examples/s]
Map (num_proc=224):  85%|████████▍ | 11624/13698 [00:12<00:02, 1015.76 examples/s]
Map (num_proc=224):  86%|████████▌ | 11746/13698 [00:12<00:01, 1010.29 examples/s]
Map (num_proc=224):  87%|████████▋ | 11868/13698 [00:12<00:01, 1014.99 examples/s]
Map (num_proc=224):  88%|████████▊ | 11990/13698 [00:12<00:01, 1008.37 examples/s]
Map (num_proc=224):  88%|████████▊ | 12112/13698 [00:12<00:01, 920.46 examples/s] 
Map (num_proc=224):  89%|████████▉ | 12234/13698 [00:12<00:01, 939.27 examples/s]
Map (num_proc=224):  90%|█████████ | 12356/13698 [00:12<00:01, 962.33 examples/s]
Map (num_proc=224):  91%|█████████ | 12478/13698 [00:12<00:01, 1010.79 examples/s]
Map (num_proc=224):  92%|█████████▏| 12600/13698 [00:13<00:01, 987.00 examples/s] 
Map (num_proc=224):  93%|█████████▎| 12722/13698 [00:13<00:00, 992.40 examples/s]
Map (num_proc=224):  94%|█████████▍| 12844/13698 [00:13<00:00, 994.73 examples/s]
Map (num_proc=224):  95%|█████████▍| 12966/13698 [00:13<00:00, 960.12 examples/s]
Map (num_proc=224):  96%|█████████▌| 13088/13698 [00:13<00:00, 975.16 examples/s]
Map (num_proc=224):  96%|█████████▋| 13210/13698 [00:13<00:00, 1013.05 examples/s]
Map (num_proc=224):  98%|█████████▊| 13393/13698 [00:13<00:00, 1186.94 examples/s]
Map (num_proc=224):  99%|█████████▉| 13576/13698 [00:13<00:00, 1281.55 examples/s]
Map (num_proc=224): 100%|██████████| 13698/13698 [00:14<00:00, 967.38 examples/s] 
num_proc must be <= 128. Reducing num_proc to 128 for dataset of size 128.

Map (num_proc=128):   0%|          | 0/128 [00:00<?, ? examples/s]
Map (num_proc=128):   1%|          | 1/128 [00:00<00:16,  7.82 examples/s]
Map (num_proc=128):   5%|▌         | 7/128 [00:00<00:04, 28.12 examples/s]
Map (num_proc=128):  14%|█▍        | 18/128 [00:00<00:02, 50.59 examples/s]
Map (num_proc=128):  20%|██        | 26/128 [00:00<00:01, 58.95 examples/s]
Map (num_proc=128):  26%|██▌       | 33/128 [00:00<00:01, 51.70 examples/s]
Map (num_proc=128):  33%|███▎      | 42/128 [00:00<00:01, 61.06 examples/s]
Map (num_proc=128):  38%|███▊      | 49/128 [00:00<00:01, 56.71 examples/s]
Map (num_proc=128):  43%|████▎     | 55/128 [00:01<00:01, 57.20 examples/s]
Map (num_proc=128):  48%|████▊     | 61/128 [00:01<00:01, 49.42 examples/s]
Map (num_proc=128):  53%|█████▎    | 68/128 [00:01<00:01, 51.88 examples/s]
Map (num_proc=128):  58%|█████▊    | 74/128 [00:01<00:01, 51.12 examples/s]
Map (num_proc=128):  62%|██████▎   | 80/128 [00:01<00:00, 49.82 examples/s]
Map (num_proc=128):  67%|██████▋   | 86/128 [00:01<00:00, 50.84 examples/s]
Map (num_proc=128):  72%|███████▏  | 92/128 [00:01<00:00, 50.83 examples/s]
Map (num_proc=128):  77%|███████▋  | 98/128 [00:01<00:00, 51.01 examples/s]
Map (num_proc=128):  81%|████████▏ | 104/128 [00:02<00:00, 52.85 examples/s]
Map (num_proc=128):  88%|████████▊ | 112/128 [00:02<00:00, 55.00 examples/s]
Map (num_proc=128):  93%|█████████▎| 119/128 [00:02<00:00, 57.74 examples/s]
Map (num_proc=128):  98%|█████████▊| 125/128 [00:02<00:00, 57.58 examples/s]
Map (num_proc=128): 100%|██████████| 128/128 [00:02<00:00, 49.40 examples/s]
==((====))==  Unsloth - 2x faster free finetuning | Num GPUs used = 1
   \\   /|    Num examples = 13,698 | Num Epochs = 1 | Total steps = 857
O^O/ \_/ \    Batch size per device = 4 | Gradient accumulation steps = 4
\        /    Data Parallel GPUs = 1 | Total batch size (4 x 4 x 1) = 16
 "-____-"     Trainable parameters = 18,944/14,770,052,608 (0.00% trained)
wandb: WARNING The `run_name` is currently set to the same value as `TrainingArguments.output_dir`. If this was not intended, please specify a different run name by setting the `TrainingArguments.run_name` parameter.

                                               

                                               

                                               

                                               

                                               

                                               

                                               

                                               

                                               

                                                

                                                

                                                

                                                

                                                

                                                

                                                

                                                

                                                

                                                

                                                

                                                

                                                

                                                

                                                

                                                

                                                

                                                

                                                

                                                

                                                

                                                

                                                

                                                

                                                

                                                

                                                

                                                

                                                

                                                

                                                

                                                

                                                

                                                

                                                

                                                

                                                

                                                

                                                

                                                

                                                

                                                

                                                

                                                

                                                

                                                

                                                

                                                

                                                

                                                

                                                

                                                

                                                

                                                

                                                

                                                

                                                

                                                

                                                

                                                

                                                

                                                

                                                

                                                

                                                

                                                

                                                

                                                

                                                

                                                
Unsloth: Will smartly offload gradients to save VRAM!
{'loss': 1.8727, 'grad_norm': 4.0119781494140625, 'learning_rate': 0.0, 'epoch': 0.0}
{'loss': 1.8604, 'grad_norm': 5.124000072479248, 'learning_rate': 4.000000000000001e-06, 'epoch': 0.0}
{'loss': 1.6939, 'grad_norm': 2.493955612182617, 'learning_rate': 8.000000000000001e-06, 'epoch': 0.0}
{'loss': 1.5902, 'grad_norm': 3.5143604278564453, 'learning_rate': 1.2e-05, 'epoch': 0.0}
{'loss': 2.0002, 'grad_norm': 4.889317035675049, 'learning_rate': 1.6000000000000003e-05, 'epoch': 0.01}
{'loss': 1.5974, 'grad_norm': 4.3756303787231445, 'learning_rate': 2e-05, 'epoch': 0.01}
{'loss': 1.5019, 'grad_norm': 4.423925399780273, 'learning_rate': 1.9976525821596246e-05, 'epoch': 0.01}
{'loss': 1.5481, 'grad_norm': 4.608973026275635, 'learning_rate': 1.995305164319249e-05, 'epoch': 0.01}
{'loss': 1.5368, 'grad_norm': 4.670993804931641, 'learning_rate': 1.9929577464788734e-05, 'epoch': 0.01}
{'loss': 1.8698, 'grad_norm': 6.4709272384643555, 'learning_rate': 1.9906103286384977e-05, 'epoch': 0.01}
{'loss': 1.9419, 'grad_norm': 8.32089900970459, 'learning_rate': 1.988262910798122e-05, 'epoch': 0.01}
{'loss': 1.2492, 'grad_norm': 5.893742084503174, 'learning_rate': 1.9859154929577465e-05, 'epoch': 0.01}
{'loss': 1.4344, 'grad_norm': 5.175791263580322, 'learning_rate': 1.9835680751173713e-05, 'epoch': 0.02}
{'loss': 1.6268, 'grad_norm': 7.7835893630981445, 'learning_rate': 1.9812206572769953e-05, 'epoch': 0.02}
{'loss': 2.0521, 'grad_norm': 10.602648735046387, 'learning_rate': 1.97887323943662e-05, 'epoch': 0.02}
{'loss': 1.5546, 'grad_norm': 8.593035697937012, 'learning_rate': 1.9765258215962445e-05, 'epoch': 0.02}
{'loss': 2.1047, 'grad_norm': 10.524188995361328, 'learning_rate': 1.9741784037558685e-05, 'epoch': 0.02}
{'loss': 2.244, 'grad_norm': 17.658855438232422, 'learning_rate': 1.9718309859154933e-05, 'epoch': 0.02}
{'loss': 1.658, 'grad_norm': 7.504609107971191, 'learning_rate': 1.9694835680751173e-05, 'epoch': 0.02}
{'loss': 1.5248, 'grad_norm': 8.96130084991455, 'learning_rate': 1.967136150234742e-05, 'epoch': 0.02}
{'loss': 1.7829, 'grad_norm': 13.14517879486084, 'learning_rate': 1.9647887323943664e-05, 'epoch': 0.02}
{'loss': 1.4827, 'grad_norm': 7.396307945251465, 'learning_rate': 1.962441314553991e-05, 'epoch': 0.03}
{'loss': 1.2222, 'grad_norm': 7.216058731079102, 'learning_rate': 1.9600938967136152e-05, 'epoch': 0.03}
{'loss': 1.4641, 'grad_norm': 9.213254928588867, 'learning_rate': 1.9577464788732396e-05, 'epoch': 0.03}
{'loss': 1.4245, 'grad_norm': 9.084839820861816, 'learning_rate': 1.955399061032864e-05, 'epoch': 0.03}
{'loss': 1.1721, 'grad_norm': 8.187872886657715, 'learning_rate': 1.9530516431924884e-05, 'epoch': 0.03}
{'loss': 1.3587, 'grad_norm': 7.539294242858887, 'learning_rate': 1.9507042253521128e-05, 'epoch': 0.03}
{'loss': 2.0898, 'grad_norm': 22.43289566040039, 'learning_rate': 1.9483568075117372e-05, 'epoch': 0.03}
{'loss': 1.1667, 'grad_norm': 8.107836723327637, 'learning_rate': 1.9460093896713616e-05, 'epoch': 0.03}
{'loss': 1.2136, 'grad_norm': 15.215348243713379, 'learning_rate': 1.943661971830986e-05, 'epoch': 0.04}
{'loss': 1.6302, 'grad_norm': 12.893442153930664, 'learning_rate': 1.9413145539906104e-05, 'epoch': 0.04}
{'loss': 1.579, 'grad_norm': 16.250547409057617, 'learning_rate': 1.9389671361502348e-05, 'epoch': 0.04}
{'loss': 1.3274, 'grad_norm': 11.865238189697266, 'learning_rate': 1.9366197183098595e-05, 'epoch': 0.04}
{'loss': 1.2853, 'grad_norm': 15.68917179107666, 'learning_rate': 1.9342723004694836e-05, 'epoch': 0.04}
{'loss': 2.043, 'grad_norm': 18.833433151245117, 'learning_rate': 1.9319248826291083e-05, 'epoch': 0.04}
{'loss': 1.2306, 'grad_norm': 11.448208808898926, 'learning_rate': 1.9295774647887327e-05, 'epoch': 0.04}
{'loss': 1.229, 'grad_norm': 20.48493003845215, 'learning_rate': 1.9272300469483568e-05, 'epoch': 0.04}
{'loss': 1.1658, 'grad_norm': 18.721397399902344, 'learning_rate': 1.9248826291079815e-05, 'epoch': 0.04}
{'loss': 1.4506, 'grad_norm': 30.21480369567871, 'learning_rate': 1.922535211267606e-05, 'epoch': 0.05}
{'loss': 1.1933, 'grad_norm': 11.857430458068848, 'learning_rate': 1.9201877934272303e-05, 'epoch': 0.05}
{'loss': 1.5356, 'grad_norm': 25.911266326904297, 'learning_rate': 1.9178403755868547e-05, 'epoch': 0.05}
{'loss': 1.3577, 'grad_norm': 24.804311752319336, 'learning_rate': 1.9154929577464788e-05, 'epoch': 0.05}
{'loss': 1.0669, 'grad_norm': 11.63828182220459, 'learning_rate': 1.9131455399061035e-05, 'epoch': 0.05}
{'loss': 1.0625, 'grad_norm': 10.016226768493652, 'learning_rate': 1.910798122065728e-05, 'epoch': 0.05}
{'loss': 1.1039, 'grad_norm': 6.39965295791626, 'learning_rate': 1.9084507042253523e-05, 'epoch': 0.05}
{'loss': 1.0785, 'grad_norm': 11.15818977355957, 'learning_rate': 1.9061032863849767e-05, 'epoch': 0.05}
{'loss': 1.3974, 'grad_norm': 16.996721267700195, 'learning_rate': 1.903755868544601e-05, 'epoch': 0.05}
{'loss': 1.1956, 'grad_norm': 14.542621612548828, 'learning_rate': 1.9014084507042255e-05, 'epoch': 0.06}
{'loss': 1.1991, 'grad_norm': 6.366439342498779, 'learning_rate': 1.89906103286385e-05, 'epoch': 0.06}
{'loss': 1.211, 'grad_norm': 10.20677375793457, 'learning_rate': 1.8967136150234743e-05, 'epoch': 0.06}
{'loss': 0.9724, 'grad_norm': 13.392711639404297, 'learning_rate': 1.8943661971830987e-05, 'epoch': 0.06}
{'loss': 1.1205, 'grad_norm': 8.91580867767334, 'learning_rate': 1.892018779342723e-05, 'epoch': 0.06}
{'loss': 1.3637, 'grad_norm': 13.73946475982666, 'learning_rate': 1.8896713615023478e-05, 'epoch': 0.06}
{'loss': 1.1876, 'grad_norm': 6.134291172027588, 'learning_rate': 1.887323943661972e-05, 'epoch': 0.06}
{'loss': 1.0898, 'grad_norm': 3.80928111076355, 'learning_rate': 1.8849765258215962e-05, 'epoch': 0.06}
{'loss': 1.0714, 'grad_norm': 6.183096408843994, 'learning_rate': 1.882629107981221e-05, 'epoch': 0.07}
{'loss': 1.1974, 'grad_norm': 7.551069736480713, 'learning_rate': 1.880281690140845e-05, 'epoch': 0.07}
{'loss': 1.2143, 'grad_norm': 5.322718620300293, 'learning_rate': 1.8779342723004698e-05, 'epoch': 0.07}
{'loss': 1.0905, 'grad_norm': 8.73995304107666, 'learning_rate': 1.875586854460094e-05, 'epoch': 0.07}
{'loss': 1.1453, 'grad_norm': 5.657947540283203, 'learning_rate': 1.8732394366197186e-05, 'epoch': 0.07}
{'loss': 1.286, 'grad_norm': 7.868871688842773, 'learning_rate': 1.870892018779343e-05, 'epoch': 0.07}
{'loss': 1.3913, 'grad_norm': 9.39663028717041, 'learning_rate': 1.8685446009389673e-05, 'epoch': 0.07}
{'loss': 1.0209, 'grad_norm': 4.219600677490234, 'learning_rate': 1.8661971830985917e-05, 'epoch': 0.07}
{'loss': 1.1324, 'grad_norm': 5.26303768157959, 'learning_rate': 1.863849765258216e-05, 'epoch': 0.07}
{'loss': 1.2998, 'grad_norm': 6.795544624328613, 'learning_rate': 1.8615023474178405e-05, 'epoch': 0.08}
{'loss': 1.1114, 'grad_norm': 3.7129814624786377, 'learning_rate': 1.859154929577465e-05, 'epoch': 0.08}
{'loss': 1.0635, 'grad_norm': 3.823286294937134, 'learning_rate': 1.8568075117370893e-05, 'epoch': 0.08}
{'loss': 1.2426, 'grad_norm': 4.025225639343262, 'learning_rate': 1.8544600938967137e-05, 'epoch': 0.08}
{'loss': 1.1915, 'grad_norm': 3.30788254737854, 'learning_rate': 1.852112676056338e-05, 'epoch': 0.08}
{'loss': 1.0212, 'grad_norm': 2.666175365447998, 'learning_rate': 1.8497652582159625e-05, 'epoch': 0.08}
{'loss': 1.2686, 'grad_norm': 4.69093132019043, 'learning_rate': 1.847417840375587e-05, 'epoch': 0.08}
{'loss': 1.1617, 'grad_norm': 3.300748348236084, 'learning_rate': 1.8450704225352113e-05, 'epoch': 0.08}
{'loss': 1.1729, 'grad_norm': 3.8752803802490234, 'learning_rate': 1.842723004694836e-05, 'epoch': 0.09}
{'loss': 1.1393, 'grad_norm': 1.7699986696243286, 'learning_rate': 1.84037558685446e-05, 'epoch': 0.09}
{'loss': 1.2131, 'grad_norm': 2.6438987255096436, 'learning_rate': 1.8380281690140845e-05, 'epoch': 0.09}
{'loss': 1.1046, 'grad_norm': 3.2987372875213623, 'learning_rate': 1.8356807511737092e-05, 'epoch': 0.09}
{'loss': 1.3131, 'grad_norm': 4.202976703643799, 'learning_rate': 1.8333333333333333e-05, 'epoch': 0.09}
{'loss': 1.2523, 'grad_norm': 3.2855937480926514, 'learning_rate': 1.830985915492958e-05, 'epoch': 0.09}
{'loss': 1.1664, 'grad_norm': 2.441781997680664, 'learning_rate': 1.8286384976525824e-05, 'epoch': 0.09}
                                                

                                                

                                                

                                                

                                                

                                                

                                                

                                                

                                                

                                                

                                                

                                                

                                                

                                                

                                                

                                                

                                                

                                                

                                                

                                                

                                                 

Using gradient accumulation will be very slightly less accurate.
Read more on gradient accumulation issues here: https://unsloth.ai/blog/gradient

{'loss': 1.0337, 'grad_norm': 3.0240278244018555, 'learning_rate': 1.8262910798122068e-05, 'epoch': 0.09}
{'loss': 1.064, 'grad_norm': 2.4161088466644287, 'learning_rate': 1.8239436619718312e-05, 'epoch': 0.09}
{'loss': 1.304, 'grad_norm': 2.7274088859558105, 'learning_rate': 1.8215962441314556e-05, 'epoch': 0.1}
{'loss': 1.0505, 'grad_norm': 4.902905464172363, 'learning_rate': 1.81924882629108e-05, 'epoch': 0.1}
{'loss': 1.0702, 'grad_norm': 2.0846712589263916, 'learning_rate': 1.8169014084507044e-05, 'epoch': 0.1}
{'loss': 1.2248, 'grad_norm': 4.908958435058594, 'learning_rate': 1.8145539906103288e-05, 'epoch': 0.1}
{'loss': 1.4063, 'grad_norm': 3.2160584926605225, 'learning_rate': 1.8122065727699532e-05, 'epoch': 0.1}
{'loss': 1.3051, 'grad_norm': 3.5269484519958496, 'learning_rate': 1.8098591549295776e-05, 'epoch': 0.1}
{'loss': 1.1857, 'grad_norm': 4.60515022277832, 'learning_rate': 1.807511737089202e-05, 'epoch': 0.1}
{'loss': 1.1764, 'grad_norm': 3.597325563430786, 'learning_rate': 1.8051643192488264e-05, 'epoch': 0.1}
{'loss': 1.0914, 'grad_norm': 4.4268879890441895, 'learning_rate': 1.8028169014084508e-05, 'epoch': 0.11}
{'loss': 0.8818, 'grad_norm': 1.9861325025558472, 'learning_rate': 1.800469483568075e-05, 'epoch': 0.11}
{'loss': 1.0241, 'grad_norm': 3.3941633701324463, 'learning_rate': 1.7981220657276996e-05, 'epoch': 0.11}
{'loss': 1.3392, 'grad_norm': 8.411330223083496, 'learning_rate': 1.7957746478873243e-05, 'epoch': 0.11}
{'loss': 1.0555, 'grad_norm': 2.9791228771209717, 'learning_rate': 1.7934272300469484e-05, 'epoch': 0.11}
{'loss': 1.4402, 'grad_norm': 5.193580627441406, 'learning_rate': 1.7910798122065727e-05, 'epoch': 0.11}
{'loss': 1.1101, 'grad_norm': 11.611132621765137, 'learning_rate': 1.7887323943661975e-05, 'epoch': 0.11}
{'loss': 1.1476, 'grad_norm': 4.79744815826416, 'learning_rate': 1.7863849765258215e-05, 'epoch': 0.11}
{'loss': 1.3929, 'grad_norm': 20.35131072998047, 'learning_rate': 1.7840375586854463e-05, 'epoch': 0.11}
{'loss': 1.1898, 'grad_norm': 4.470325946807861, 'learning_rate': 1.7816901408450707e-05, 'epoch': 0.12}
{'loss': 1.0902, 'grad_norm': 3.70194149017334, 'learning_rate': 1.779342723004695e-05, 'epoch': 0.12}
































                                                 


                                               
[A


                                               [A
                                                 

                                                 

                                                 

                                                 

                                                 

                                                 

                                                 

                                                 

                                                 

                                                 

                                                 

                                                 

                                                 

                                                 

                                                 

                                                 

                                                 

                                                 

                                                 

                                                 

                                                 

                                                 

                                                 

                                                 

                                                 

                                                 

                                                 

                                                 

                                                 

                                                 

                                                 

                                                 

                                                 

                                                 

                                                 

                                                 

                                                 

                                                 

                                                 

                                                 

                                                 

                                                 

                                                 

                                                 

                                                 

                                                 

                                                 

                                                 

                                                 

                                                 

                                                 

                                                 

                                                 

                                                 

                                                 

                                                 

                                                 

                                                 

                                                 

                                                 

                                                 

                                                 

                                                 

                                                 

                                                 

                                                 

                                                 

                                                 

                                                 

                                                 

                                                 

                                                 

                                                 

                                                 

                                                 

                                                 

                                                 
{'eval_loss': 0.932863175868988, 'eval_runtime': 9.8162, 'eval_samples_per_second': 13.04, 'eval_steps_per_second': 3.26, 'epoch': 0.12}
{'loss': 1.0654, 'grad_norm': 4.377645969390869, 'learning_rate': 1.7769953051643195e-05, 'epoch': 0.12}
{'loss': 1.2045, 'grad_norm': 12.530740737915039, 'learning_rate': 1.774647887323944e-05, 'epoch': 0.12}
{'loss': 1.0316, 'grad_norm': 6.028477191925049, 'learning_rate': 1.7723004694835683e-05, 'epoch': 0.12}
{'loss': 1.6585, 'grad_norm': 3.360464334487915, 'learning_rate': 1.7699530516431927e-05, 'epoch': 0.12}
{'loss': 1.1157, 'grad_norm': 3.4738028049468994, 'learning_rate': 1.767605633802817e-05, 'epoch': 0.12}
{'loss': 1.2685, 'grad_norm': 2.8574647903442383, 'learning_rate': 1.7652582159624414e-05, 'epoch': 0.12}
{'loss': 0.996, 'grad_norm': 3.454925060272217, 'learning_rate': 1.762910798122066e-05, 'epoch': 0.12}
{'loss': 1.3031, 'grad_norm': 8.085489273071289, 'learning_rate': 1.7605633802816902e-05, 'epoch': 0.13}
{'loss': 1.2634, 'grad_norm': 3.273650884628296, 'learning_rate': 1.7582159624413146e-05, 'epoch': 0.13}
{'loss': 0.9061, 'grad_norm': 3.781918525695801, 'learning_rate': 1.755868544600939e-05, 'epoch': 0.13}
{'loss': 1.1543, 'grad_norm': 3.40343976020813, 'learning_rate': 1.7535211267605638e-05, 'epoch': 0.13}
{'loss': 1.0248, 'grad_norm': 2.248228073120117, 'learning_rate': 1.7511737089201878e-05, 'epoch': 0.13}
{'loss': 0.9256, 'grad_norm': 2.7419941425323486, 'learning_rate': 1.7488262910798126e-05, 'epoch': 0.13}
{'loss': 1.1813, 'grad_norm': 5.885939598083496, 'learning_rate': 1.7464788732394366e-05, 'epoch': 0.13}
{'loss': 1.1021, 'grad_norm': 7.108001708984375, 'learning_rate': 1.744131455399061e-05, 'epoch': 0.13}
{'loss': 0.9199, 'grad_norm': 3.689478874206543, 'learning_rate': 1.7417840375586857e-05, 'epoch': 0.14}
{'loss': 1.0277, 'grad_norm': 3.963441848754883, 'learning_rate': 1.7394366197183098e-05, 'epoch': 0.14}
{'loss': 1.0354, 'grad_norm': 3.2369914054870605, 'learning_rate': 1.7370892018779345e-05, 'epoch': 0.14}
{'loss': 1.0195, 'grad_norm': 4.7801833152771, 'learning_rate': 1.734741784037559e-05, 'epoch': 0.14}
{'loss': 1.0774, 'grad_norm': 4.732529640197754, 'learning_rate': 1.732394366197183e-05, 'epoch': 0.14}
{'loss': 0.7861, 'grad_norm': 3.1734471321105957, 'learning_rate': 1.7300469483568077e-05, 'epoch': 0.14}
{'loss': 0.9172, 'grad_norm': 6.269186019897461, 'learning_rate': 1.727699530516432e-05, 'epoch': 0.14}
{'loss': 0.8843, 'grad_norm': 2.783764362335205, 'learning_rate': 1.7253521126760565e-05, 'epoch': 0.14}
{'loss': 0.989, 'grad_norm': 5.67765998840332, 'learning_rate': 1.723004694835681e-05, 'epoch': 0.14}
{'loss': 1.1333, 'grad_norm': 3.1410670280456543, 'learning_rate': 1.7206572769953053e-05, 'epoch': 0.15}
{'loss': 1.1778, 'grad_norm': 5.848207950592041, 'learning_rate': 1.7183098591549297e-05, 'epoch': 0.15}
{'loss': 1.1024, 'grad_norm': 5.776437282562256, 'learning_rate': 1.715962441314554e-05, 'epoch': 0.15}
{'loss': 1.3247, 'grad_norm': 6.846746921539307, 'learning_rate': 1.7136150234741785e-05, 'epoch': 0.15}
{'loss': 0.9359, 'grad_norm': 9.040160179138184, 'learning_rate': 1.711267605633803e-05, 'epoch': 0.15}
{'loss': 1.0909, 'grad_norm': 3.48112154006958, 'learning_rate': 1.7089201877934273e-05, 'epoch': 0.15}
{'loss': 1.2101, 'grad_norm': 4.360256671905518, 'learning_rate': 1.706572769953052e-05, 'epoch': 0.15}
{'loss': 0.9412, 'grad_norm': 7.578062534332275, 'learning_rate': 1.704225352112676e-05, 'epoch': 0.15}
{'loss': 0.9844, 'grad_norm': 5.575033187866211, 'learning_rate': 1.7018779342723005e-05, 'epoch': 0.16}
{'loss': 1.1345, 'grad_norm': 2.563279867172241, 'learning_rate': 1.6995305164319252e-05, 'epoch': 0.16}
{'loss': 1.0735, 'grad_norm': 2.879849672317505, 'learning_rate': 1.6971830985915493e-05, 'epoch': 0.16}
{'loss': 1.0444, 'grad_norm': 4.124429225921631, 'learning_rate': 1.694835680751174e-05, 'epoch': 0.16}
{'loss': 1.0826, 'grad_norm': 3.3323163986206055, 'learning_rate': 1.692488262910798e-05, 'epoch': 0.16}
{'loss': 1.1812, 'grad_norm': 8.227289199829102, 'learning_rate': 1.6901408450704228e-05, 'epoch': 0.16}
{'loss': 1.1367, 'grad_norm': 2.431248903274536, 'learning_rate': 1.6877934272300472e-05, 'epoch': 0.16}
{'loss': 1.0534, 'grad_norm': 3.656924247741699, 'learning_rate': 1.6854460093896712e-05, 'epoch': 0.16}
{'loss': 0.9639, 'grad_norm': 2.785125494003296, 'learning_rate': 1.683098591549296e-05, 'epoch': 0.16}
{'loss': 1.1055, 'grad_norm': 7.276742935180664, 'learning_rate': 1.6807511737089204e-05, 'epoch': 0.17}
{'loss': 1.0231, 'grad_norm': 14.089254379272461, 'learning_rate': 1.6784037558685448e-05, 'epoch': 0.17}
{'loss': 1.0296, 'grad_norm': 14.17351245880127, 'learning_rate': 1.676056338028169e-05, 'epoch': 0.17}
{'loss': 1.0737, 'grad_norm': 10.265027046203613, 'learning_rate': 1.6737089201877936e-05, 'epoch': 0.17}
{'loss': 0.8651, 'grad_norm': 9.159915924072266, 'learning_rate': 1.671361502347418e-05, 'epoch': 0.17}
{'loss': 0.8895, 'grad_norm': 3.609818696975708, 'learning_rate': 1.6690140845070424e-05, 'epoch': 0.17}
{'loss': 1.0532, 'grad_norm': 5.518362045288086, 'learning_rate': 1.6666666666666667e-05, 'epoch': 0.17}
{'loss': 1.1194, 'grad_norm': 4.197072505950928, 'learning_rate': 1.664319248826291e-05, 'epoch': 0.17}
{'loss': 1.2273, 'grad_norm': 9.428131103515625, 'learning_rate': 1.6619718309859155e-05, 'epoch': 0.18}
{'loss': 1.1667, 'grad_norm': 13.747113227844238, 'learning_rate': 1.6596244131455403e-05, 'epoch': 0.18}
{'loss': 1.0569, 'grad_norm': 5.086932182312012, 'learning_rate': 1.6572769953051643e-05, 'epoch': 0.18}
{'loss': 0.8975, 'grad_norm': 11.828466415405273, 'learning_rate': 1.6549295774647887e-05, 'epoch': 0.18}
{'loss': 1.0439, 'grad_norm': 5.700483322143555, 'learning_rate': 1.6525821596244135e-05, 'epoch': 0.18}
{'loss': 0.9542, 'grad_norm': 5.63688325881958, 'learning_rate': 1.6502347417840375e-05, 'epoch': 0.18}
{'loss': 0.8845, 'grad_norm': 7.259580612182617, 'learning_rate': 1.6478873239436623e-05, 'epoch': 0.18}
{'loss': 0.9125, 'grad_norm': 1.7894319295883179, 'learning_rate': 1.6455399061032866e-05, 'epoch': 0.18}
{'loss': 0.9592, 'grad_norm': 5.681761264801025, 'learning_rate': 1.643192488262911e-05, 'epoch': 0.18}
{'loss': 1.0951, 'grad_norm': 6.253789901733398, 'learning_rate': 1.6408450704225354e-05, 'epoch': 0.19}
{'loss': 1.0894, 'grad_norm': 3.1564078330993652, 'learning_rate': 1.6384976525821595e-05, 'epoch': 0.19}
{'loss': 1.058, 'grad_norm': 2.514834403991699, 'learning_rate': 1.6361502347417842e-05, 'epoch': 0.19}
{'loss': 1.2158, 'grad_norm': 2.552393913269043, 'learning_rate': 1.6338028169014086e-05, 'epoch': 0.19}
{'loss': 0.8873, 'grad_norm': 5.225492477416992, 'learning_rate': 1.631455399061033e-05, 'epoch': 0.19}
{'loss': 1.0795, 'grad_norm': 8.550851821899414, 'learning_rate': 1.6291079812206574e-05, 'epoch': 0.19}
{'loss': 1.2366, 'grad_norm': 6.872272491455078, 'learning_rate': 1.6267605633802818e-05, 'epoch': 0.19}
{'loss': 1.0456, 'grad_norm': 7.4317946434021, 'learning_rate': 1.6244131455399062e-05, 'epoch': 0.19}
{'loss': 0.962, 'grad_norm': 5.388915538787842, 'learning_rate': 1.6220657276995306e-05, 'epoch': 0.2}
{'loss': 1.2463, 'grad_norm': 6.125627517700195, 'learning_rate': 1.619718309859155e-05, 'epoch': 0.2}
{'loss': 1.012, 'grad_norm': 3.1973330974578857, 'learning_rate': 1.6173708920187794e-05, 'epoch': 0.2}
{'loss': 0.8115, 'grad_norm': 3.114842176437378, 'learning_rate': 1.6150234741784038e-05, 'epoch': 0.2}
{'loss': 1.0596, 'grad_norm': 3.031393051147461, 'learning_rate': 1.6126760563380285e-05, 'epoch': 0.2}
{'loss': 1.2557, 'grad_norm': 3.3050477504730225, 'learning_rate': 1.6103286384976526e-05, 'epoch': 0.2}
{'loss': 1.2064, 'grad_norm': 2.844163417816162, 'learning_rate': 1.607981220657277e-05, 'epoch': 0.2}
{'loss': 1.3457, 'grad_norm': 3.082186698913574, 'learning_rate': 1.6056338028169017e-05, 'epoch': 0.2}
{'loss': 1.0635, 'grad_norm': 5.662942886352539, 'learning_rate': 1.6032863849765258e-05, 'epoch': 0.2}
{'loss': 0.9895, 'grad_norm': 5.027256965637207, 'learning_rate': 1.6009389671361505e-05, 'epoch': 0.21}
{'loss': 1.1116, 'grad_norm': 2.705148220062256, 'learning_rate': 1.598591549295775e-05, 'epoch': 0.21}

                                                 

                                                 

                                                 

                                                 

                                                 

                                                 

                                                 

                                                 

                                                 

                                                 

                                                 

                                                 

                                                 

                                                 

                                                 

                                                 

                                                 

                                                 

                                                 

                                                 

                                                 

                                                 

                                                 

{'loss': 1.1295, 'grad_norm': 5.237698078155518, 'learning_rate': 1.5938967136150237e-05, 'epoch': 0.21}
{'loss': 1.2371, 'grad_norm': 3.964067220687866, 'learning_rate': 1.591549295774648e-05, 'epoch': 0.21}
{'loss': 1.0327, 'grad_norm': 3.3062539100646973, 'learning_rate': 1.5892018779342725e-05, 'epoch': 0.21}
{'loss': 1.3461, 'grad_norm': 5.822556495666504, 'learning_rate': 1.586854460093897e-05, 'epoch': 0.21}
{'loss': 1.1536, 'grad_norm': 5.880200386047363, 'learning_rate': 1.5845070422535213e-05, 'epoch': 0.21}
{'loss': 0.8264, 'grad_norm': 5.979228496551514, 'learning_rate': 1.5821596244131457e-05, 'epoch': 0.21}
{'loss': 1.2541, 'grad_norm': 5.29189920425415, 'learning_rate': 1.57981220657277e-05, 'epoch': 0.22}
{'loss': 0.9812, 'grad_norm': 7.027678489685059, 'learning_rate': 1.5774647887323945e-05, 'epoch': 0.22}
{'loss': 0.7701, 'grad_norm': 4.183595180511475, 'learning_rate': 1.575117370892019e-05, 'epoch': 0.22}
{'loss': 0.9659, 'grad_norm': 5.311391353607178, 'learning_rate': 1.5727699530516433e-05, 'epoch': 0.22}
{'loss': 1.0909, 'grad_norm': 5.58224630355835, 'learning_rate': 1.5704225352112677e-05, 'epoch': 0.22}
{'loss': 1.2668, 'grad_norm': 5.251421928405762, 'learning_rate': 1.568075117370892e-05, 'epoch': 0.22}
{'loss': 1.1187, 'grad_norm': 12.943415641784668, 'learning_rate': 1.5657276995305168e-05, 'epoch': 0.22}
{'loss': 0.9263, 'grad_norm': 5.4250874519348145, 'learning_rate': 1.563380281690141e-05, 'epoch': 0.22}
{'loss': 0.8752, 'grad_norm': 2.5419139862060547, 'learning_rate': 1.5610328638497652e-05, 'epoch': 0.23}
{'loss': 1.1064, 'grad_norm': 4.064496040344238, 'learning_rate': 1.55868544600939e-05, 'epoch': 0.23}
{'loss': 1.1106, 'grad_norm': 6.531449317932129, 'learning_rate': 1.556338028169014e-05, 'epoch': 0.23}
{'loss': 1.0657, 'grad_norm': 9.020363807678223, 'learning_rate': 1.5539906103286388e-05, 'epoch': 0.23}
{'loss': 1.0333, 'grad_norm': 3.341247797012329, 'learning_rate': 1.551643192488263e-05, 'epoch': 0.23}
{'loss': 0.9507, 'grad_norm': 4.949438571929932, 'learning_rate': 1.5492957746478872e-05, 'epoch': 0.23}
{'loss': 1.1095, 'grad_norm': 2.646498680114746, 'learning_rate': 1.546948356807512e-05, 'epoch': 0.23}
{'loss': 1.0051, 'grad_norm': 3.8368122577667236, 'learning_rate': 1.5446009389671363e-05, 'epoch': 0.23}
































                                                 


                                               
[A


                                               [A
                                                 

                                                 

                                                 

                                                 

                                                 

                                                 

                                                 

                                                 

                                                 

                                                 

                                                 

                                                 

                                                 

                                                 

                                                 

                                                 

                                                 

                                                 

                                                 

                                                 

                                                 

                                                 

                                                 

                                                 

                                                 

                                                 

                                                 

                                                 

                                                 

                                                 

                                                 

                                                 

                                                 

                                                 

                                                 

                                                 

                                                 

                                                 

                                                 

                                                 

                                                 

                                                 

                                                 

                                                 

                                                 

                                                 

                                                 

                                                 

                                                 

                                                 

                                                 

                                                 

                                                 

                                                 

                                                 

                                                 

                                                 

                                                 

                                                 

                                                 

                                                 

                                                 

                                                 

                                                 

                                                 

                                                 

                                                 

                                                 

                                                 

                                                 

                                                 

                                                 

                                                 

                                                 

                                                 

                                                 

                                                 
{'eval_loss': 0.9146932363510132, 'eval_runtime': 9.7875, 'eval_samples_per_second': 13.078, 'eval_steps_per_second': 3.269, 'epoch': 0.23}
{'loss': 1.5147, 'grad_norm': 8.115641593933105, 'learning_rate': 1.5422535211267607e-05, 'epoch': 0.23}
{'loss': 1.1399, 'grad_norm': 3.7983317375183105, 'learning_rate': 1.539906103286385e-05, 'epoch': 0.24}
{'loss': 1.0008, 'grad_norm': 4.815865993499756, 'learning_rate': 1.5375586854460095e-05, 'epoch': 0.24}
{'loss': 0.9877, 'grad_norm': 3.893655776977539, 'learning_rate': 1.535211267605634e-05, 'epoch': 0.24}
{'loss': 1.2219, 'grad_norm': 4.657567977905273, 'learning_rate': 1.5328638497652583e-05, 'epoch': 0.24}
{'loss': 0.9994, 'grad_norm': 4.586180686950684, 'learning_rate': 1.5305164319248827e-05, 'epoch': 0.24}
{'loss': 1.3403, 'grad_norm': 3.4282071590423584, 'learning_rate': 1.528169014084507e-05, 'epoch': 0.24}
{'loss': 1.0238, 'grad_norm': 1.7850010395050049, 'learning_rate': 1.5258215962441317e-05, 'epoch': 0.24}
{'loss': 1.0349, 'grad_norm': 3.976142644882202, 'learning_rate': 1.5234741784037559e-05, 'epoch': 0.24}
{'loss': 1.1765, 'grad_norm': 1.954529047012329, 'learning_rate': 1.5211267605633803e-05, 'epoch': 0.25}
{'loss': 1.2587, 'grad_norm': 8.768365859985352, 'learning_rate': 1.5187793427230049e-05, 'epoch': 0.25}
{'loss': 0.8857, 'grad_norm': 5.907388210296631, 'learning_rate': 1.5164319248826291e-05, 'epoch': 0.25}
{'loss': 0.8782, 'grad_norm': 4.973995208740234, 'learning_rate': 1.5140845070422537e-05, 'epoch': 0.25}
{'loss': 1.0584, 'grad_norm': 6.057496070861816, 'learning_rate': 1.511737089201878e-05, 'epoch': 0.25}
{'loss': 1.0313, 'grad_norm': 4.872474193572998, 'learning_rate': 1.5093896713615025e-05, 'epoch': 0.25}
{'loss': 1.229, 'grad_norm': 4.514530658721924, 'learning_rate': 1.5070422535211269e-05, 'epoch': 0.25}
{'loss': 0.9875, 'grad_norm': 3.881626844406128, 'learning_rate': 1.5046948356807514e-05, 'epoch': 0.25}
{'loss': 1.1182, 'grad_norm': 7.789918899536133, 'learning_rate': 1.5023474178403756e-05, 'epoch': 0.25}
{'loss': 0.9993, 'grad_norm': 2.2260942459106445, 'learning_rate': 1.5000000000000002e-05, 'epoch': 0.26}
{'loss': 1.0302, 'grad_norm': 5.137357234954834, 'learning_rate': 1.4976525821596246e-05, 'epoch': 0.26}
{'loss': 0.7737, 'grad_norm': 4.062234878540039, 'learning_rate': 1.4953051643192488e-05, 'epoch': 0.26}
{'loss': 1.0, 'grad_norm': 4.622241020202637, 'learning_rate': 1.4929577464788734e-05, 'epoch': 0.26}
{'loss': 0.8908, 'grad_norm': 3.025940418243408, 'learning_rate': 1.4906103286384978e-05, 'epoch': 0.26}
{'loss': 1.0531, 'grad_norm': 2.9274649620056152, 'learning_rate': 1.4882629107981222e-05, 'epoch': 0.26}
{'loss': 1.0822, 'grad_norm': 8.217447280883789, 'learning_rate': 1.4859154929577466e-05, 'epoch': 0.26}
{'loss': 1.2715, 'grad_norm': 3.8356034755706787, 'learning_rate': 1.4835680751173711e-05, 'epoch': 0.26}
{'loss': 0.8517, 'grad_norm': 3.5056378841400146, 'learning_rate': 1.4812206572769954e-05, 'epoch': 0.27}
{'loss': 1.0161, 'grad_norm': 4.15345573425293, 'learning_rate': 1.47887323943662e-05, 'epoch': 0.27}
{'loss': 0.9154, 'grad_norm': 3.5473785400390625, 'learning_rate': 1.4765258215962443e-05, 'epoch': 0.27}
{'loss': 1.0118, 'grad_norm': 8.156108856201172, 'learning_rate': 1.4741784037558686e-05, 'epoch': 0.27}
{'loss': 0.971, 'grad_norm': 2.4987807273864746, 'learning_rate': 1.4718309859154931e-05, 'epoch': 0.27}
{'loss': 0.9277, 'grad_norm': 4.309020042419434, 'learning_rate': 1.4694835680751174e-05, 'epoch': 0.27}
{'loss': 0.9782, 'grad_norm': 3.9165260791778564, 'learning_rate': 1.467136150234742e-05, 'epoch': 0.27}
{'loss': 1.0018, 'grad_norm': 4.258975505828857, 'learning_rate': 1.4647887323943663e-05, 'epoch': 0.27}
{'loss': 0.9767, 'grad_norm': 5.492661476135254, 'learning_rate': 1.4624413145539907e-05, 'epoch': 0.27}
{'loss': 1.1029, 'grad_norm': 3.3428049087524414, 'learning_rate': 1.4600938967136151e-05, 'epoch': 0.28}
{'loss': 0.9662, 'grad_norm': 5.560635566711426, 'learning_rate': 1.4577464788732397e-05, 'epoch': 0.28}
{'loss': 1.1448, 'grad_norm': 4.929941654205322, 'learning_rate': 1.4553990610328639e-05, 'epoch': 0.28}
{'loss': 1.0414, 'grad_norm': 5.417731761932373, 'learning_rate': 1.4530516431924883e-05, 'epoch': 0.28}
{'loss': 1.032, 'grad_norm': 2.8165090084075928, 'learning_rate': 1.4507042253521129e-05, 'epoch': 0.28}
{'loss': 0.954, 'grad_norm': 3.1974940299987793, 'learning_rate': 1.4483568075117371e-05, 'epoch': 0.28}
{'loss': 1.0304, 'grad_norm': 5.106451988220215, 'learning_rate': 1.4460093896713617e-05, 'epoch': 0.28}
{'loss': 1.3021, 'grad_norm': 8.138538360595703, 'learning_rate': 1.443661971830986e-05, 'epoch': 0.28}
{'loss': 1.1159, 'grad_norm': 3.82761287689209, 'learning_rate': 1.4413145539906104e-05, 'epoch': 0.28}
{'loss': 1.1444, 'grad_norm': 7.05708646774292, 'learning_rate': 1.4389671361502348e-05, 'epoch': 0.29}
{'loss': 1.0555, 'grad_norm': 7.709510326385498, 'learning_rate': 1.4366197183098594e-05, 'epoch': 0.29}
{'loss': 1.1476, 'grad_norm': 9.61047077178955, 'learning_rate': 1.4342723004694836e-05, 'epoch': 0.29}
{'loss': 0.9314, 'grad_norm': 4.9012322425842285, 'learning_rate': 1.4319248826291082e-05, 'epoch': 0.29}
{'loss': 1.2314, 'grad_norm': 11.163311004638672, 'learning_rate': 1.4295774647887326e-05, 'epoch': 0.29}
{'loss': 1.2428, 'grad_norm': 5.257216453552246, 'learning_rate': 1.4272300469483568e-05, 'epoch': 0.29}
{'loss': 0.9529, 'grad_norm': 3.218132972717285, 'learning_rate': 1.4248826291079814e-05, 'epoch': 0.29}
{'loss': 0.9923, 'grad_norm': 5.107982635498047, 'learning_rate': 1.4225352112676058e-05, 'epoch': 0.29}
{'loss': 1.0158, 'grad_norm': 2.90545392036438, 'learning_rate': 1.4201877934272302e-05, 'epoch': 0.3}
{'loss': 0.8113, 'grad_norm': 2.1100785732269287, 'learning_rate': 1.4178403755868546e-05, 'epoch': 0.3}
{'loss': 0.9039, 'grad_norm': 6.419421672821045, 'learning_rate': 1.4154929577464788e-05, 'epoch': 0.3}
{'loss': 1.0793, 'grad_norm': 4.038543701171875, 'learning_rate': 1.4131455399061034e-05, 'epoch': 0.3}
{'loss': 1.0185, 'grad_norm': 6.876474380493164, 'learning_rate': 1.410798122065728e-05, 'epoch': 0.3}
{'loss': 1.3218, 'grad_norm': 7.539402008056641, 'learning_rate': 1.4084507042253522e-05, 'epoch': 0.3}
{'loss': 1.1386, 'grad_norm': 7.497842311859131, 'learning_rate': 1.4061032863849765e-05, 'epoch': 0.3}
{'loss': 1.0532, 'grad_norm': 8.233094215393066, 'learning_rate': 1.4037558685446011e-05, 'epoch': 0.3}
{'loss': 1.098, 'grad_norm': 3.5891220569610596, 'learning_rate': 1.4014084507042253e-05, 'epoch': 0.3}
{'loss': 1.0003, 'grad_norm': 4.074856281280518, 'learning_rate': 1.3990610328638499e-05, 'epoch': 0.31}
{'loss': 1.03, 'grad_norm': 5.469037055969238, 'learning_rate': 1.3967136150234743e-05, 'epoch': 0.31}
{'loss': 1.0428, 'grad_norm': 6.172239780426025, 'learning_rate': 1.3943661971830987e-05, 'epoch': 0.31}
{'loss': 0.7948, 'grad_norm': 2.4269258975982666, 'learning_rate': 1.3920187793427231e-05, 'epoch': 0.31}
{'loss': 1.1999, 'grad_norm': 12.10762882232666, 'learning_rate': 1.3896713615023477e-05, 'epoch': 0.31}
{'loss': 1.2099, 'grad_norm': 6.804612636566162, 'learning_rate': 1.3873239436619719e-05, 'epoch': 0.31}
{'loss': 0.9212, 'grad_norm': 18.866458892822266, 'learning_rate': 1.3849765258215963e-05, 'epoch': 0.31}
{'loss': 1.2153, 'grad_norm': 5.237408638000488, 'learning_rate': 1.3826291079812208e-05, 'epoch': 0.31}
{'loss': 1.0924, 'grad_norm': 5.295185089111328, 'learning_rate': 1.380281690140845e-05, 'epoch': 0.32}
{'loss': 1.0708, 'grad_norm': 3.9816062450408936, 'learning_rate': 1.3779342723004696e-05, 'epoch': 0.32}
{'loss': 0.9198, 'grad_norm': 2.5291061401367188, 'learning_rate': 1.375586854460094e-05, 'epoch': 0.32}
{'loss': 0.9905, 'grad_norm': 5.123531341552734, 'learning_rate': 1.3732394366197184e-05, 'epoch': 0.32}
{'loss': 1.1276, 'grad_norm': 2.713162899017334, 'learning_rate': 1.3708920187793428e-05, 'epoch': 0.32}
{'loss': 1.0764, 'grad_norm': 3.832336187362671, 'learning_rate': 1.3685446009389674e-05, 'epoch': 0.32}
{'loss': 0.8842, 'grad_norm': 1.9922837018966675, 'learning_rate': 1.3661971830985916e-05, 'epoch': 0.32}
{'loss': 1.0989, 'grad_norm': 4.124838352203369, 'learning_rate': 1.3638497652582162e-05, 'epoch': 0.32}
                                                 

                                                 

                                                 

                                                 

                                                 

                                                 

                                                 

                                                 

                                                 

                                                 

                                                 

                                                 

                                                 

                                                 

                                                 

                                                 

                                                 

                                                 

                                                 

                                                 

                                                 

                                                 

                                                 

{'loss': 0.9496, 'grad_norm': 4.445871829986572, 'learning_rate': 1.3615023474178406e-05, 'epoch': 0.32}
{'loss': 1.0197, 'grad_norm': 4.639283657073975, 'learning_rate': 1.3591549295774648e-05, 'epoch': 0.33}
{'loss': 0.9077, 'grad_norm': 3.2179388999938965, 'learning_rate': 1.3568075117370894e-05, 'epoch': 0.33}
{'loss': 1.2424, 'grad_norm': 7.376747131347656, 'learning_rate': 1.3544600938967136e-05, 'epoch': 0.33}
{'loss': 1.3587, 'grad_norm': 6.877089977264404, 'learning_rate': 1.3521126760563382e-05, 'epoch': 0.33}
{'loss': 1.298, 'grad_norm': 8.140464782714844, 'learning_rate': 1.3497652582159626e-05, 'epoch': 0.33}
{'loss': 1.1649, 'grad_norm': 5.798670768737793, 'learning_rate': 1.347417840375587e-05, 'epoch': 0.33}
{'loss': 1.1131, 'grad_norm': 11.38001537322998, 'learning_rate': 1.3450704225352114e-05, 'epoch': 0.33}
{'loss': 1.0545, 'grad_norm': 3.3014111518859863, 'learning_rate': 1.342723004694836e-05, 'epoch': 0.33}
{'loss': 0.958, 'grad_norm': 4.293736457824707, 'learning_rate': 1.3403755868544601e-05, 'epoch': 0.34}
{'loss': 0.9401, 'grad_norm': 4.065915584564209, 'learning_rate': 1.3380281690140845e-05, 'epoch': 0.34}
{'loss': 1.0544, 'grad_norm': 4.086758613586426, 'learning_rate': 1.3356807511737091e-05, 'epoch': 0.34}
{'loss': 1.2117, 'grad_norm': 7.337778091430664, 'learning_rate': 1.3333333333333333e-05, 'epoch': 0.34}
{'loss': 1.0265, 'grad_norm': 5.200689792633057, 'learning_rate': 1.3309859154929579e-05, 'epoch': 0.34}
{'loss': 0.9228, 'grad_norm': 2.7190282344818115, 'learning_rate': 1.3286384976525823e-05, 'epoch': 0.34}
{'loss': 1.0837, 'grad_norm': 2.6550557613372803, 'learning_rate': 1.3262910798122067e-05, 'epoch': 0.34}
{'loss': 1.1716, 'grad_norm': 5.421229839324951, 'learning_rate': 1.323943661971831e-05, 'epoch': 0.34}
{'loss': 1.0487, 'grad_norm': 4.662147045135498, 'learning_rate': 1.3215962441314556e-05, 'epoch': 0.34}
{'loss': 1.1189, 'grad_norm': 4.264219284057617, 'learning_rate': 1.3192488262910799e-05, 'epoch': 0.35}
{'loss': 0.7939, 'grad_norm': 4.429197788238525, 'learning_rate': 1.3169014084507044e-05, 'epoch': 0.35}
{'loss': 1.1235, 'grad_norm': 2.5081098079681396, 'learning_rate': 1.3145539906103288e-05, 'epoch': 0.35}
{'loss': 1.3532, 'grad_norm': 2.9965481758117676, 'learning_rate': 1.312206572769953e-05, 'epoch': 0.35}
{'loss': 0.8695, 'grad_norm': 2.684943675994873, 'learning_rate': 1.3098591549295776e-05, 'epoch': 0.35}
































                                                 


                                               
[A


                                               [A
                                                 

                                                 

                                                 

                                                 

                                                 

                                                 

                                                 

                                                 

                                                 

                                                 

                                                 

                                                 

                                                 

                                                 

                                                 

                                                 

                                                 

                                                 

                                                 

                                                 

                                                 

                                                 

                                                 

                                                 

                                                 

                                                 

                                                 

                                                 

                                                 

                                                 

                                                 

                                                 

                                                 

                                                 

                                                 

                                                 

                                                 

                                                 

                                                 

                                                 

                                                 

                                                 

                                                 

                                                 

                                                 

                                                 

                                                 

                                                 

                                                 

                                                 

                                                 

                                                 

                                                 

                                                 

                                                 

                                                 

                                                 

                                                 

                                                 

                                                 

                                                 

                                                 

                                                 

                                                 

                                                 

                                                 

                                                 

                                                 

                                                 

                                                 

                                                 

                                                 

                                                 

                                                 

                                                 

                                                 

                                                 
{'eval_loss': 0.910018265247345, 'eval_runtime': 9.6742, 'eval_samples_per_second': 13.231, 'eval_steps_per_second': 3.308, 'epoch': 0.35}
{'loss': 1.0676, 'grad_norm': 3.785142183303833, 'learning_rate': 1.307511737089202e-05, 'epoch': 0.35}
{'loss': 0.9035, 'grad_norm': 2.9034645557403564, 'learning_rate': 1.3051643192488264e-05, 'epoch': 0.35}
{'loss': 0.9492, 'grad_norm': 5.201812744140625, 'learning_rate': 1.3028169014084508e-05, 'epoch': 0.35}
{'loss': 0.9378, 'grad_norm': 2.3388166427612305, 'learning_rate': 1.300469483568075e-05, 'epoch': 0.36}
{'loss': 1.0902, 'grad_norm': 8.682526588439941, 'learning_rate': 1.2981220657276996e-05, 'epoch': 0.36}
{'loss': 1.0091, 'grad_norm': 5.276210784912109, 'learning_rate': 1.2957746478873242e-05, 'epoch': 0.36}
{'loss': 1.3378, 'grad_norm': 2.3047971725463867, 'learning_rate': 1.2934272300469484e-05, 'epoch': 0.36}
{'loss': 0.9773, 'grad_norm': 2.20217227935791, 'learning_rate': 1.2910798122065728e-05, 'epoch': 0.36}
{'loss': 0.8251, 'grad_norm': 6.0073394775390625, 'learning_rate': 1.2887323943661974e-05, 'epoch': 0.36}
{'loss': 1.1267, 'grad_norm': 8.917186737060547, 'learning_rate': 1.2863849765258216e-05, 'epoch': 0.36}
{'loss': 0.9212, 'grad_norm': 3.8245489597320557, 'learning_rate': 1.2840375586854462e-05, 'epoch': 0.36}
{'loss': 1.096, 'grad_norm': 2.8127622604370117, 'learning_rate': 1.2816901408450705e-05, 'epoch': 0.36}
{'loss': 0.8099, 'grad_norm': 3.2227652072906494, 'learning_rate': 1.279342723004695e-05, 'epoch': 0.37}
{'loss': 1.2534, 'grad_norm': 3.1898603439331055, 'learning_rate': 1.2769953051643193e-05, 'epoch': 0.37}
{'loss': 0.991, 'grad_norm': 6.130093574523926, 'learning_rate': 1.2746478873239439e-05, 'epoch': 0.37}
{'loss': 0.9618, 'grad_norm': 2.91792893409729, 'learning_rate': 1.2723004694835681e-05, 'epoch': 0.37}
{'loss': 1.1373, 'grad_norm': 3.7138946056365967, 'learning_rate': 1.2699530516431925e-05, 'epoch': 0.37}
{'loss': 1.0156, 'grad_norm': 4.4511332511901855, 'learning_rate': 1.2676056338028171e-05, 'epoch': 0.37}
{'loss': 0.8864, 'grad_norm': 9.390512466430664, 'learning_rate': 1.2652582159624413e-05, 'epoch': 0.37}
{'loss': 0.9657, 'grad_norm': 3.290525197982788, 'learning_rate': 1.2629107981220659e-05, 'epoch': 0.37}
{'loss': 1.1633, 'grad_norm': 2.3965389728546143, 'learning_rate': 1.2605633802816903e-05, 'epoch': 0.37}
{'loss': 1.1669, 'grad_norm': 4.169407844543457, 'learning_rate': 1.2582159624413147e-05, 'epoch': 0.38}
{'loss': 1.1155, 'grad_norm': 7.5324835777282715, 'learning_rate': 1.255868544600939e-05, 'epoch': 0.38}
{'loss': 0.9196, 'grad_norm': 4.262818336486816, 'learning_rate': 1.2535211267605636e-05, 'epoch': 0.38}
{'loss': 1.1391, 'grad_norm': 6.642387866973877, 'learning_rate': 1.2511737089201879e-05, 'epoch': 0.38}
{'loss': 1.1099, 'grad_norm': 4.935710906982422, 'learning_rate': 1.2488262910798124e-05, 'epoch': 0.38}
{'loss': 1.1294, 'grad_norm': 16.175628662109375, 'learning_rate': 1.2464788732394367e-05, 'epoch': 0.38}
{'loss': 0.9649, 'grad_norm': 3.475675344467163, 'learning_rate': 1.244131455399061e-05, 'epoch': 0.38}
{'loss': 1.1743, 'grad_norm': 6.533709526062012, 'learning_rate': 1.2417840375586856e-05, 'epoch': 0.38}
{'loss': 1.3192, 'grad_norm': 9.172822952270508, 'learning_rate': 1.2394366197183098e-05, 'epoch': 0.39}
{'loss': 0.984, 'grad_norm': 7.423857688903809, 'learning_rate': 1.2370892018779344e-05, 'epoch': 0.39}
{'loss': 1.0133, 'grad_norm': 3.558140516281128, 'learning_rate': 1.2347417840375588e-05, 'epoch': 0.39}
{'loss': 0.9459, 'grad_norm': 3.8691015243530273, 'learning_rate': 1.232394366197183e-05, 'epoch': 0.39}
{'loss': 1.2373, 'grad_norm': 4.182914733886719, 'learning_rate': 1.2300469483568076e-05, 'epoch': 0.39}
{'loss': 1.1678, 'grad_norm': 4.54984188079834, 'learning_rate': 1.2276995305164322e-05, 'epoch': 0.39}
{'loss': 0.8498, 'grad_norm': 5.924044609069824, 'learning_rate': 1.2253521126760564e-05, 'epoch': 0.39}
{'loss': 1.0893, 'grad_norm': 10.255505561828613, 'learning_rate': 1.2230046948356808e-05, 'epoch': 0.39}
{'loss': 1.3344, 'grad_norm': 8.9370698928833, 'learning_rate': 1.2206572769953053e-05, 'epoch': 0.39}
{'loss': 0.9729, 'grad_norm': 9.140104293823242, 'learning_rate': 1.2183098591549296e-05, 'epoch': 0.4}
{'loss': 1.0581, 'grad_norm': 7.1620893478393555, 'learning_rate': 1.2159624413145541e-05, 'epoch': 0.4}
{'loss': 1.1434, 'grad_norm': 6.307137966156006, 'learning_rate': 1.2136150234741785e-05, 'epoch': 0.4}
{'loss': 1.0328, 'grad_norm': 7.374935626983643, 'learning_rate': 1.211267605633803e-05, 'epoch': 0.4}
{'loss': 1.2873, 'grad_norm': 6.711817741394043, 'learning_rate': 1.2089201877934273e-05, 'epoch': 0.4}
{'loss': 0.9962, 'grad_norm': 4.2421698570251465, 'learning_rate': 1.2065727699530519e-05, 'epoch': 0.4}
{'loss': 1.2011, 'grad_norm': 5.183541297912598, 'learning_rate': 1.2042253521126761e-05, 'epoch': 0.4}
{'loss': 0.9678, 'grad_norm': 6.924942493438721, 'learning_rate': 1.2018779342723005e-05, 'epoch': 0.4}
{'loss': 0.8941, 'grad_norm': 2.636735439300537, 'learning_rate': 1.199530516431925e-05, 'epoch': 0.41}
{'loss': 0.9674, 'grad_norm': 2.3804774284362793, 'learning_rate': 1.1971830985915493e-05, 'epoch': 0.41}
{'loss': 1.0934, 'grad_norm': 8.409577369689941, 'learning_rate': 1.1948356807511739e-05, 'epoch': 0.41}
{'loss': 1.0232, 'grad_norm': 7.899962902069092, 'learning_rate': 1.1924882629107981e-05, 'epoch': 0.41}
{'loss': 1.108, 'grad_norm': 4.474236011505127, 'learning_rate': 1.1901408450704227e-05, 'epoch': 0.41}
{'loss': 1.1359, 'grad_norm': 3.411425828933716, 'learning_rate': 1.187793427230047e-05, 'epoch': 0.41}
{'loss': 1.1623, 'grad_norm': 7.3654890060424805, 'learning_rate': 1.1854460093896713e-05, 'epoch': 0.41}
{'loss': 1.1314, 'grad_norm': 5.52437162399292, 'learning_rate': 1.1830985915492958e-05, 'epoch': 0.41}
{'loss': 1.061, 'grad_norm': 3.3839752674102783, 'learning_rate': 1.1807511737089204e-05, 'epoch': 0.41}
{'loss': 0.8684, 'grad_norm': 2.859567642211914, 'learning_rate': 1.1784037558685446e-05, 'epoch': 0.42}
{'loss': 0.9144, 'grad_norm': 3.1560914516448975, 'learning_rate': 1.176056338028169e-05, 'epoch': 0.42}
{'loss': 0.9068, 'grad_norm': 4.151285648345947, 'learning_rate': 1.1737089201877936e-05, 'epoch': 0.42}
{'loss': 1.0391, 'grad_norm': 5.792270183563232, 'learning_rate': 1.1713615023474178e-05, 'epoch': 0.42}
{'loss': 1.0889, 'grad_norm': 5.969630718231201, 'learning_rate': 1.1690140845070424e-05, 'epoch': 0.42}
{'loss': 1.0515, 'grad_norm': 6.455689907073975, 'learning_rate': 1.1666666666666668e-05, 'epoch': 0.42}
{'loss': 0.9833, 'grad_norm': 8.034029960632324, 'learning_rate': 1.1643192488262912e-05, 'epoch': 0.42}
{'loss': 1.11, 'grad_norm': 8.404733657836914, 'learning_rate': 1.1619718309859156e-05, 'epoch': 0.42}
{'loss': 1.1957, 'grad_norm': 6.045620918273926, 'learning_rate': 1.1596244131455401e-05, 'epoch': 0.43}
{'loss': 1.2623, 'grad_norm': 15.81570053100586, 'learning_rate': 1.1572769953051644e-05, 'epoch': 0.43}
{'loss': 1.0024, 'grad_norm': 4.153598308563232, 'learning_rate': 1.1549295774647888e-05, 'epoch': 0.43}
{'loss': 1.0225, 'grad_norm': 4.887313365936279, 'learning_rate': 1.1525821596244133e-05, 'epoch': 0.43}
{'loss': 1.0561, 'grad_norm': 6.3669257164001465, 'learning_rate': 1.1502347417840376e-05, 'epoch': 0.43}
{'loss': 1.0094, 'grad_norm': 3.7059810161590576, 'learning_rate': 1.1478873239436621e-05, 'epoch': 0.43}
{'loss': 1.4495, 'grad_norm': 3.999279260635376, 'learning_rate': 1.1455399061032865e-05, 'epoch': 0.43}
{'loss': 1.1977, 'grad_norm': 14.947639465332031, 'learning_rate': 1.143192488262911e-05, 'epoch': 0.43}
{'loss': 0.9882, 'grad_norm': 3.515963315963745, 'learning_rate': 1.1408450704225353e-05, 'epoch': 0.43}
{'loss': 0.9656, 'grad_norm': 2.503099203109741, 'learning_rate': 1.1384976525821595e-05, 'epoch': 0.44}
{'loss': 1.1567, 'grad_norm': 5.7719035148620605, 'learning_rate': 1.1361502347417841e-05, 'epoch': 0.44}
{'loss': 1.4766, 'grad_norm': 7.8205413818359375, 'learning_rate': 1.1338028169014087e-05, 'epoch': 0.44}
{'loss': 1.1589, 'grad_norm': 4.238718032836914, 'learning_rate': 1.1314553990610329e-05, 'epoch': 0.44}
{'loss': 1.473, 'grad_norm': 6.849288463592529, 'learning_rate': 1.1291079812206573e-05, 'epoch': 0.44}
                                                 

                                                 

                                                 

                                                 

                                                 

                                                 

                                                 

                                                 

                                                 

                                                 

                                                 

                                                 

                                                 

                                                 

                                                 

                                                 

                                                 

                                                 

                                                 

                                                 

                                                 

                                                 

                                                 

{'loss': 1.0561, 'grad_norm': 3.2114593982696533, 'learning_rate': 1.1267605633802819e-05, 'epoch': 0.44}
{'loss': 0.9862, 'grad_norm': 7.207615852355957, 'learning_rate': 1.1244131455399061e-05, 'epoch': 0.44}
{'loss': 0.8854, 'grad_norm': 5.429605007171631, 'learning_rate': 1.1220657276995307e-05, 'epoch': 0.44}
{'loss': 1.1033, 'grad_norm': 4.61882209777832, 'learning_rate': 1.119718309859155e-05, 'epoch': 0.44}
{'loss': 0.959, 'grad_norm': 5.85479211807251, 'learning_rate': 1.1173708920187793e-05, 'epoch': 0.45}
{'loss': 1.0588, 'grad_norm': 3.6847119331359863, 'learning_rate': 1.1150234741784038e-05, 'epoch': 0.45}
{'loss': 1.0213, 'grad_norm': 5.090670585632324, 'learning_rate': 1.1126760563380284e-05, 'epoch': 0.45}
{'loss': 0.9822, 'grad_norm': 5.245494842529297, 'learning_rate': 1.1103286384976526e-05, 'epoch': 0.45}
{'loss': 1.1073, 'grad_norm': 4.016905784606934, 'learning_rate': 1.107981220657277e-05, 'epoch': 0.45}
{'loss': 0.8537, 'grad_norm': 4.3779377937316895, 'learning_rate': 1.1056338028169016e-05, 'epoch': 0.45}
{'loss': 0.8696, 'grad_norm': 6.287561893463135, 'learning_rate': 1.1032863849765258e-05, 'epoch': 0.45}
{'loss': 1.0815, 'grad_norm': 4.491187572479248, 'learning_rate': 1.1009389671361504e-05, 'epoch': 0.45}
{'loss': 1.1414, 'grad_norm': 6.12266731262207, 'learning_rate': 1.0985915492957748e-05, 'epoch': 0.46}
{'loss': 0.9187, 'grad_norm': 2.8212671279907227, 'learning_rate': 1.0962441314553992e-05, 'epoch': 0.46}
{'loss': 1.0994, 'grad_norm': 5.943239212036133, 'learning_rate': 1.0938967136150236e-05, 'epoch': 0.46}
{'loss': 0.932, 'grad_norm': 2.592881202697754, 'learning_rate': 1.0915492957746481e-05, 'epoch': 0.46}
{'loss': 1.1982, 'grad_norm': 7.334066867828369, 'learning_rate': 1.0892018779342724e-05, 'epoch': 0.46}
{'loss': 1.0847, 'grad_norm': 9.836272239685059, 'learning_rate': 1.0868544600938968e-05, 'epoch': 0.46}
{'loss': 0.9658, 'grad_norm': 8.974780082702637, 'learning_rate': 1.0845070422535213e-05, 'epoch': 0.46}
{'loss': 0.9818, 'grad_norm': 4.18771505355835, 'learning_rate': 1.0821596244131455e-05, 'epoch': 0.46}
{'loss': 0.8619, 'grad_norm': 5.8567657470703125, 'learning_rate': 1.0798122065727701e-05, 'epoch': 0.46}
{'loss': 1.0923, 'grad_norm': 5.342968463897705, 'learning_rate': 1.0774647887323943e-05, 'epoch': 0.47}
{'loss': 1.0076, 'grad_norm': 4.520485877990723, 'learning_rate': 1.0751173708920189e-05, 'epoch': 0.47}
































                                                 


                                               
[A


                                               [A
                                                 

                                                 

                                                 

                                                 

                                                 

                                                 

                                                 

                                                 

                                                 

                                                 

                                                 

                                                 

                                                 

                                                 

                                                 

                                                 

                                                 

                                                 

                                                 

                                                 

                                                 

                                                 

                                                 

                                                 

                                                 

                                                 

                                                 

                                                 

                                                 

                                                 

                                                 

                                                 

                                                 

                                                 

                                                 

                                                 

                                                 

                                                 

                                                 

                                                 

                                                 

                                                 

                                                 

                                                 

                                                 

                                                 

                                                 

                                                 

                                                 

                                                 

                                                 

                                                 

                                                 

                                                 

                                                 

                                                 

                                                 

                                                 

                                                 

                                                 

                                                 

                                                 

                                                 

                                                 

                                                 

                                                 

                                                 

                                                 

                                                 

                                                 

                                                 

                                                 

                                                 

                                                 

                                                 

                                                 

                                                 

                                                 
{'eval_loss': 0.9073476791381836, 'eval_runtime': 9.6682, 'eval_samples_per_second': 13.239, 'eval_steps_per_second': 3.31, 'epoch': 0.47}
{'loss': 1.032, 'grad_norm': 4.978025913238525, 'learning_rate': 1.0727699530516433e-05, 'epoch': 0.47}
{'loss': 1.0746, 'grad_norm': 4.90658712387085, 'learning_rate': 1.0704225352112675e-05, 'epoch': 0.47}
{'loss': 1.1017, 'grad_norm': 6.201747417449951, 'learning_rate': 1.0680751173708921e-05, 'epoch': 0.47}
{'loss': 1.1223, 'grad_norm': 6.55802583694458, 'learning_rate': 1.0657276995305167e-05, 'epoch': 0.47}
{'loss': 1.0172, 'grad_norm': 7.587470054626465, 'learning_rate': 1.0633802816901409e-05, 'epoch': 0.47}
{'loss': 1.0991, 'grad_norm': 3.720696449279785, 'learning_rate': 1.0610328638497653e-05, 'epoch': 0.47}
{'loss': 1.1618, 'grad_norm': 8.882064819335938, 'learning_rate': 1.0586854460093898e-05, 'epoch': 0.48}
{'loss': 1.1317, 'grad_norm': 5.984807968139648, 'learning_rate': 1.056338028169014e-05, 'epoch': 0.48}
{'loss': 1.2404, 'grad_norm': 12.116228103637695, 'learning_rate': 1.0539906103286386e-05, 'epoch': 0.48}
{'loss': 0.963, 'grad_norm': 5.504729270935059, 'learning_rate': 1.051643192488263e-05, 'epoch': 0.48}
{'loss': 1.3821, 'grad_norm': 10.1885986328125, 'learning_rate': 1.0492957746478873e-05, 'epoch': 0.48}
{'loss': 1.1798, 'grad_norm': 5.1582159996032715, 'learning_rate': 1.0469483568075118e-05, 'epoch': 0.48}
{'loss': 0.8925, 'grad_norm': 4.483302593231201, 'learning_rate': 1.0446009389671364e-05, 'epoch': 0.48}
{'loss': 0.7876, 'grad_norm': 4.334700107574463, 'learning_rate': 1.0422535211267606e-05, 'epoch': 0.48}
{'loss': 0.8178, 'grad_norm': 2.5847795009613037, 'learning_rate': 1.039906103286385e-05, 'epoch': 0.48}
{'loss': 0.8952, 'grad_norm': 5.331910133361816, 'learning_rate': 1.0375586854460096e-05, 'epoch': 0.49}
{'loss': 0.9662, 'grad_norm': 6.913381576538086, 'learning_rate': 1.0352112676056338e-05, 'epoch': 0.49}
{'loss': 1.109, 'grad_norm': 5.5707502365112305, 'learning_rate': 1.0328638497652584e-05, 'epoch': 0.49}
{'loss': 1.2582, 'grad_norm': 3.1088438034057617, 'learning_rate': 1.0305164319248828e-05, 'epoch': 0.49}
{'loss': 1.1281, 'grad_norm': 3.903355598449707, 'learning_rate': 1.0281690140845072e-05, 'epoch': 0.49}
{'loss': 1.125, 'grad_norm': 5.297204494476318, 'learning_rate': 1.0258215962441316e-05, 'epoch': 0.49}
{'loss': 0.921, 'grad_norm': 7.295062065124512, 'learning_rate': 1.0234741784037558e-05, 'epoch': 0.49}
{'loss': 0.9903, 'grad_norm': 5.6921868324279785, 'learning_rate': 1.0211267605633803e-05, 'epoch': 0.49}
{'loss': 1.3232, 'grad_norm': 7.406416416168213, 'learning_rate': 1.0187793427230047e-05, 'epoch': 0.5}
{'loss': 1.1054, 'grad_norm': 5.481769561767578, 'learning_rate': 1.0164319248826291e-05, 'epoch': 0.5}
{'loss': 0.9528, 'grad_norm': 7.703271865844727, 'learning_rate': 1.0140845070422535e-05, 'epoch': 0.5}
{'loss': 1.0352, 'grad_norm': 2.711223602294922, 'learning_rate': 1.0117370892018781e-05, 'epoch': 0.5}
{'loss': 1.2306, 'grad_norm': 4.90120267868042, 'learning_rate': 1.0093896713615023e-05, 'epoch': 0.5}
{'loss': 1.3059, 'grad_norm': 5.228813648223877, 'learning_rate': 1.0070422535211269e-05, 'epoch': 0.5}
{'loss': 0.7802, 'grad_norm': 3.745985269546509, 'learning_rate': 1.0046948356807513e-05, 'epoch': 0.5}
{'loss': 1.0426, 'grad_norm': 2.5183916091918945, 'learning_rate': 1.0023474178403755e-05, 'epoch': 0.5}
{'loss': 0.9393, 'grad_norm': 5.251573085784912, 'learning_rate': 1e-05, 'epoch': 0.5}
{'loss': 0.9893, 'grad_norm': 9.048349380493164, 'learning_rate': 9.976525821596245e-06, 'epoch': 0.51}
{'loss': 0.9639, 'grad_norm': 10.831583023071289, 'learning_rate': 9.953051643192489e-06, 'epoch': 0.51}
{'loss': 1.0634, 'grad_norm': 4.434442043304443, 'learning_rate': 9.929577464788733e-06, 'epoch': 0.51}
{'loss': 1.2296, 'grad_norm': 4.443243026733398, 'learning_rate': 9.906103286384977e-06, 'epoch': 0.51}
{'loss': 1.0457, 'grad_norm': 5.0291428565979, 'learning_rate': 9.882629107981222e-06, 'epoch': 0.51}
{'loss': 1.1967, 'grad_norm': 2.986863374710083, 'learning_rate': 9.859154929577466e-06, 'epoch': 0.51}
{'loss': 1.0806, 'grad_norm': 3.2250375747680664, 'learning_rate': 9.83568075117371e-06, 'epoch': 0.51}
{'loss': 1.0994, 'grad_norm': 4.325980186462402, 'learning_rate': 9.812206572769954e-06, 'epoch': 0.51}
{'loss': 0.9852, 'grad_norm': 4.131858825683594, 'learning_rate': 9.788732394366198e-06, 'epoch': 0.52}
{'loss': 1.004, 'grad_norm': 5.081793785095215, 'learning_rate': 9.765258215962442e-06, 'epoch': 0.52}
{'loss': 1.0851, 'grad_norm': 6.807305812835693, 'learning_rate': 9.741784037558686e-06, 'epoch': 0.52}
{'loss': 1.0686, 'grad_norm': 7.025856018066406, 'learning_rate': 9.71830985915493e-06, 'epoch': 0.52}
{'loss': 1.2431, 'grad_norm': 5.963593482971191, 'learning_rate': 9.694835680751174e-06, 'epoch': 0.52}
{'loss': 1.1901, 'grad_norm': 7.485278129577637, 'learning_rate': 9.671361502347418e-06, 'epoch': 0.52}
{'loss': 1.2865, 'grad_norm': 8.231069564819336, 'learning_rate': 9.647887323943664e-06, 'epoch': 0.52}
{'loss': 1.1348, 'grad_norm': 4.293211936950684, 'learning_rate': 9.624413145539908e-06, 'epoch': 0.52}
{'loss': 0.9609, 'grad_norm': 3.0570902824401855, 'learning_rate': 9.600938967136152e-06, 'epoch': 0.52}
{'loss': 0.9411, 'grad_norm': 7.8138837814331055, 'learning_rate': 9.577464788732394e-06, 'epoch': 0.53}
{'loss': 0.8831, 'grad_norm': 4.385583400726318, 'learning_rate': 9.55399061032864e-06, 'epoch': 0.53}
{'loss': 1.2013, 'grad_norm': 5.104090213775635, 'learning_rate': 9.530516431924883e-06, 'epoch': 0.53}
{'loss': 0.9978, 'grad_norm': 4.235936164855957, 'learning_rate': 9.507042253521127e-06, 'epoch': 0.53}
{'loss': 1.2977, 'grad_norm': 4.365219593048096, 'learning_rate': 9.483568075117371e-06, 'epoch': 0.53}
{'loss': 1.0194, 'grad_norm': 4.099881649017334, 'learning_rate': 9.460093896713615e-06, 'epoch': 0.53}
{'loss': 0.8385, 'grad_norm': 2.4052016735076904, 'learning_rate': 9.43661971830986e-06, 'epoch': 0.53}
{'loss': 1.1589, 'grad_norm': 9.045835494995117, 'learning_rate': 9.413145539906105e-06, 'epoch': 0.53}
{'loss': 0.8435, 'grad_norm': 5.741831302642822, 'learning_rate': 9.389671361502349e-06, 'epoch': 0.53}
{'loss': 1.2304, 'grad_norm': 6.448191165924072, 'learning_rate': 9.366197183098593e-06, 'epoch': 0.54}
{'loss': 1.1052, 'grad_norm': 3.5665485858917236, 'learning_rate': 9.342723004694837e-06, 'epoch': 0.54}
{'loss': 1.1968, 'grad_norm': 4.293132305145264, 'learning_rate': 9.31924882629108e-06, 'epoch': 0.54}
{'loss': 1.0757, 'grad_norm': 5.146841526031494, 'learning_rate': 9.295774647887325e-06, 'epoch': 0.54}
{'loss': 1.0886, 'grad_norm': 3.1008899211883545, 'learning_rate': 9.272300469483569e-06, 'epoch': 0.54}
{'loss': 0.9883, 'grad_norm': 3.514904737472534, 'learning_rate': 9.248826291079813e-06, 'epoch': 0.54}
{'loss': 1.1476, 'grad_norm': 9.26461410522461, 'learning_rate': 9.225352112676057e-06, 'epoch': 0.54}
{'loss': 0.9012, 'grad_norm': 5.595912456512451, 'learning_rate': 9.2018779342723e-06, 'epoch': 0.54}
{'loss': 0.8568, 'grad_norm': 3.1853439807891846, 'learning_rate': 9.178403755868546e-06, 'epoch': 0.55}
{'loss': 0.8853, 'grad_norm': 5.028641700744629, 'learning_rate': 9.15492957746479e-06, 'epoch': 0.55}
{'loss': 0.8861, 'grad_norm': 5.378384590148926, 'learning_rate': 9.131455399061034e-06, 'epoch': 0.55}
{'loss': 0.907, 'grad_norm': 3.191915512084961, 'learning_rate': 9.107981220657278e-06, 'epoch': 0.55}
{'loss': 1.2672, 'grad_norm': 5.600078105926514, 'learning_rate': 9.084507042253522e-06, 'epoch': 0.55}
{'loss': 0.9191, 'grad_norm': 7.1885881423950195, 'learning_rate': 9.061032863849766e-06, 'epoch': 0.55}
{'loss': 0.8956, 'grad_norm': 6.625043869018555, 'learning_rate': 9.03755868544601e-06, 'epoch': 0.55}
{'loss': 0.9161, 'grad_norm': 6.880841255187988, 'learning_rate': 9.014084507042254e-06, 'epoch': 0.55}
{'loss': 0.8498, 'grad_norm': 4.1284074783325195, 'learning_rate': 8.990610328638498e-06, 'epoch': 0.55}
{'loss': 0.9712, 'grad_norm': 6.386011123657227, 'learning_rate': 8.967136150234742e-06, 'epoch': 0.56}
{'loss': 1.0169, 'grad_norm': 3.912680149078369, 'learning_rate': 8.943661971830987e-06, 'epoch': 0.56}
{'loss': 1.139, 'grad_norm': 5.727631568908691, 'learning_rate': 8.920187793427231e-06, 'epoch': 0.56}
                                                 

                                                 

                                                 

                                                 

                                                 

                                                 

                                                 

                                                 

                                                 

                                                 

                                                 

                                                 

                                                 

                                                 

                                                 

                                                 

                                                 

                                                 

                                                 

                                                 

                                                 

                                                 

{'loss': 1.0356, 'grad_norm': 4.970555782318115, 'learning_rate': 8.896713615023475e-06, 'epoch': 0.56}
{'loss': 0.7636, 'grad_norm': 4.612379550933838, 'learning_rate': 8.87323943661972e-06, 'epoch': 0.56}
{'loss': 1.1671, 'grad_norm': 5.743248462677002, 'learning_rate': 8.849765258215963e-06, 'epoch': 0.56}
{'loss': 1.1082, 'grad_norm': 11.91267204284668, 'learning_rate': 8.826291079812207e-06, 'epoch': 0.56}
{'loss': 1.0652, 'grad_norm': 5.825484275817871, 'learning_rate': 8.802816901408451e-06, 'epoch': 0.56}
{'loss': 0.7411, 'grad_norm': 2.9565680027008057, 'learning_rate': 8.779342723004695e-06, 'epoch': 0.57}
{'loss': 0.9464, 'grad_norm': 6.236222743988037, 'learning_rate': 8.755868544600939e-06, 'epoch': 0.57}
{'loss': 1.2669, 'grad_norm': 11.589555740356445, 'learning_rate': 8.732394366197183e-06, 'epoch': 0.57}
{'loss': 1.0634, 'grad_norm': 2.8945510387420654, 'learning_rate': 8.708920187793429e-06, 'epoch': 0.57}
{'loss': 1.0439, 'grad_norm': 4.758984565734863, 'learning_rate': 8.685446009389673e-06, 'epoch': 0.57}
{'loss': 0.9122, 'grad_norm': 4.384106159210205, 'learning_rate': 8.661971830985915e-06, 'epoch': 0.57}
{'loss': 0.9567, 'grad_norm': 2.335045337677002, 'learning_rate': 8.63849765258216e-06, 'epoch': 0.57}
{'loss': 0.9893, 'grad_norm': 3.8823084831237793, 'learning_rate': 8.615023474178405e-06, 'epoch': 0.57}
{'loss': 1.1613, 'grad_norm': 5.080890655517578, 'learning_rate': 8.591549295774648e-06, 'epoch': 0.57}
{'loss': 0.9442, 'grad_norm': 3.551156759262085, 'learning_rate': 8.568075117370892e-06, 'epoch': 0.58}
{'loss': 0.8179, 'grad_norm': 3.8911497592926025, 'learning_rate': 8.544600938967136e-06, 'epoch': 0.58}
{'loss': 0.8323, 'grad_norm': 4.541695594787598, 'learning_rate': 8.52112676056338e-06, 'epoch': 0.58}
{'loss': 1.0574, 'grad_norm': 2.6479952335357666, 'learning_rate': 8.497652582159626e-06, 'epoch': 0.58}
{'loss': 1.1325, 'grad_norm': 5.05014705657959, 'learning_rate': 8.47417840375587e-06, 'epoch': 0.58}
{'loss': 1.1239, 'grad_norm': 3.4044671058654785, 'learning_rate': 8.450704225352114e-06, 'epoch': 0.58}
{'loss': 0.8354, 'grad_norm': 3.214101552963257, 'learning_rate': 8.427230046948356e-06, 'epoch': 0.58}
{'loss': 1.1612, 'grad_norm': 8.000324249267578, 'learning_rate': 8.403755868544602e-06, 'epoch': 0.58}
































                                                 


                                               
[A


                                               [A
                                                 

                                                 

                                                 

                                                 

                                                 

                                                 

                                                 

                                                 

                                                 

                                                 

                                                 

                                                 

                                                 

                                                 

                                                 

                                                 

                                                 

                                                 

                                                 

                                                 

                                                 

                                                 

                                                 

                                                 

                                                 

                                                 

                                                 

                                                 

                                                 

                                                 

                                                 

                                                 

                                                 

                                                 

                                                 

                                                 

                                                 

                                                 

                                                 

                                                 

                                                 

                                                 

                                                 

                                                 

                                                 

                                                 

                                                 

                                                 

                                                 

                                                 

                                                 

                                                 

                                                 

                                                 

                                                 

                                                 

                                                 

                                                 

                                                 

                                                 

                                                 

                                                 

                                                 

                                                 

                                                 

                                                 

                                                 

                                                 

                                                 

                                                 

                                                 

                                                 

                                                 

                                                 

                                                 

                                                 

                                                 

                                                 
{'eval_loss': 0.9057921171188354, 'eval_runtime': 9.6952, 'eval_samples_per_second': 13.202, 'eval_steps_per_second': 3.301, 'epoch': 0.58}
{'loss': 1.1494, 'grad_norm': 4.237363338470459, 'learning_rate': 8.380281690140846e-06, 'epoch': 0.59}
{'loss': 1.0211, 'grad_norm': 3.2023823261260986, 'learning_rate': 8.35680751173709e-06, 'epoch': 0.59}
{'loss': 0.9333, 'grad_norm': 3.9795594215393066, 'learning_rate': 8.333333333333334e-06, 'epoch': 0.59}
{'loss': 1.0828, 'grad_norm': 5.46151065826416, 'learning_rate': 8.309859154929578e-06, 'epoch': 0.59}
{'loss': 0.9503, 'grad_norm': 2.223846912384033, 'learning_rate': 8.286384976525822e-06, 'epoch': 0.59}
{'loss': 0.9804, 'grad_norm': 10.869216918945312, 'learning_rate': 8.262910798122067e-06, 'epoch': 0.59}
{'loss': 1.2154, 'grad_norm': 7.356658458709717, 'learning_rate': 8.239436619718311e-06, 'epoch': 0.59}
{'loss': 1.1565, 'grad_norm': 3.8384482860565186, 'learning_rate': 8.215962441314555e-06, 'epoch': 0.59}
{'loss': 1.2929, 'grad_norm': 5.010500907897949, 'learning_rate': 8.192488262910797e-06, 'epoch': 0.59}
{'loss': 0.8087, 'grad_norm': 3.7659425735473633, 'learning_rate': 8.169014084507043e-06, 'epoch': 0.6}
{'loss': 0.8472, 'grad_norm': 3.7452220916748047, 'learning_rate': 8.145539906103287e-06, 'epoch': 0.6}
{'loss': 1.1266, 'grad_norm': 3.8534984588623047, 'learning_rate': 8.122065727699531e-06, 'epoch': 0.6}
{'loss': 1.0612, 'grad_norm': 4.0540452003479, 'learning_rate': 8.098591549295775e-06, 'epoch': 0.6}
{'loss': 0.8042, 'grad_norm': 4.843499660491943, 'learning_rate': 8.075117370892019e-06, 'epoch': 0.6}
{'loss': 1.2451, 'grad_norm': 2.8568294048309326, 'learning_rate': 8.051643192488263e-06, 'epoch': 0.6}
{'loss': 0.7986, 'grad_norm': 3.0276381969451904, 'learning_rate': 8.028169014084509e-06, 'epoch': 0.6}
{'loss': 1.0655, 'grad_norm': 5.629462242126465, 'learning_rate': 8.004694835680753e-06, 'epoch': 0.6}
{'loss': 1.3213, 'grad_norm': 7.750671863555908, 'learning_rate': 7.981220657276996e-06, 'epoch': 0.6}
{'loss': 1.2352, 'grad_norm': 3.350595235824585, 'learning_rate': 7.95774647887324e-06, 'epoch': 0.61}
{'loss': 0.7988, 'grad_norm': 5.384159564971924, 'learning_rate': 7.934272300469484e-06, 'epoch': 0.61}
{'loss': 1.1527, 'grad_norm': 7.03485107421875, 'learning_rate': 7.910798122065728e-06, 'epoch': 0.61}
{'loss': 0.9288, 'grad_norm': 6.182567596435547, 'learning_rate': 7.887323943661972e-06, 'epoch': 0.61}
{'loss': 1.3092, 'grad_norm': 3.3123910427093506, 'learning_rate': 7.863849765258216e-06, 'epoch': 0.61}
{'loss': 0.9535, 'grad_norm': 6.4392290115356445, 'learning_rate': 7.84037558685446e-06, 'epoch': 0.61}
{'loss': 1.0957, 'grad_norm': 8.417211532592773, 'learning_rate': 7.816901408450704e-06, 'epoch': 0.61}
{'loss': 1.0119, 'grad_norm': 4.529218673706055, 'learning_rate': 7.79342723004695e-06, 'epoch': 0.61}
{'loss': 0.8897, 'grad_norm': 8.5010347366333, 'learning_rate': 7.769953051643194e-06, 'epoch': 0.62}
{'loss': 0.9632, 'grad_norm': 7.172828674316406, 'learning_rate': 7.746478873239436e-06, 'epoch': 0.62}
{'loss': 0.9791, 'grad_norm': 7.307183265686035, 'learning_rate': 7.723004694835682e-06, 'epoch': 0.62}
{'loss': 0.9325, 'grad_norm': 6.331660747528076, 'learning_rate': 7.699530516431926e-06, 'epoch': 0.62}
{'loss': 0.9943, 'grad_norm': 6.391047954559326, 'learning_rate': 7.67605633802817e-06, 'epoch': 0.62}
{'loss': 0.9557, 'grad_norm': 2.056142568588257, 'learning_rate': 7.652582159624414e-06, 'epoch': 0.62}
{'loss': 1.0051, 'grad_norm': 7.1600446701049805, 'learning_rate': 7.629107981220658e-06, 'epoch': 0.62}
{'loss': 1.3144, 'grad_norm': 3.529578924179077, 'learning_rate': 7.6056338028169015e-06, 'epoch': 0.62}
{'loss': 1.0234, 'grad_norm': 5.0446014404296875, 'learning_rate': 7.5821596244131455e-06, 'epoch': 0.62}
{'loss': 1.1733, 'grad_norm': 6.210082530975342, 'learning_rate': 7.55868544600939e-06, 'epoch': 0.63}
{'loss': 1.0025, 'grad_norm': 5.0877766609191895, 'learning_rate': 7.535211267605634e-06, 'epoch': 0.63}
{'loss': 1.0908, 'grad_norm': 3.7441813945770264, 'learning_rate': 7.511737089201878e-06, 'epoch': 0.63}
{'loss': 1.0055, 'grad_norm': 9.7514066696167, 'learning_rate': 7.488262910798123e-06, 'epoch': 0.63}
{'loss': 1.0003, 'grad_norm': 3.445023536682129, 'learning_rate': 7.464788732394367e-06, 'epoch': 0.63}
{'loss': 1.284, 'grad_norm': 6.687583923339844, 'learning_rate': 7.441314553990611e-06, 'epoch': 0.63}
{'loss': 1.2766, 'grad_norm': 5.064103126525879, 'learning_rate': 7.417840375586856e-06, 'epoch': 0.63}
{'loss': 1.0053, 'grad_norm': 4.660985469818115, 'learning_rate': 7.3943661971831e-06, 'epoch': 0.63}
{'loss': 1.0425, 'grad_norm': 3.7899575233459473, 'learning_rate': 7.370892018779343e-06, 'epoch': 0.64}
{'loss': 0.9626, 'grad_norm': 7.832779407501221, 'learning_rate': 7.347417840375587e-06, 'epoch': 0.64}
{'loss': 1.0263, 'grad_norm': 8.08468246459961, 'learning_rate': 7.3239436619718316e-06, 'epoch': 0.64}
{'loss': 0.9353, 'grad_norm': 2.722973108291626, 'learning_rate': 7.3004694835680755e-06, 'epoch': 0.64}
{'loss': 1.0888, 'grad_norm': 3.4253456592559814, 'learning_rate': 7.2769953051643195e-06, 'epoch': 0.64}
{'loss': 1.0504, 'grad_norm': 4.666717052459717, 'learning_rate': 7.253521126760564e-06, 'epoch': 0.64}
{'loss': 1.069, 'grad_norm': 8.045047760009766, 'learning_rate': 7.230046948356808e-06, 'epoch': 0.64}
{'loss': 1.2267, 'grad_norm': 4.707398891448975, 'learning_rate': 7.206572769953052e-06, 'epoch': 0.64}
{'loss': 0.9673, 'grad_norm': 5.4036335945129395, 'learning_rate': 7.183098591549297e-06, 'epoch': 0.64}
{'loss': 1.1936, 'grad_norm': 3.7109546661376953, 'learning_rate': 7.159624413145541e-06, 'epoch': 0.65}
{'loss': 0.9288, 'grad_norm': 2.3564717769622803, 'learning_rate': 7.136150234741784e-06, 'epoch': 0.65}
{'loss': 1.0648, 'grad_norm': 3.827542304992676, 'learning_rate': 7.112676056338029e-06, 'epoch': 0.65}
{'loss': 1.0377, 'grad_norm': 6.632069110870361, 'learning_rate': 7.089201877934273e-06, 'epoch': 0.65}
{'loss': 1.0949, 'grad_norm': 6.6334733963012695, 'learning_rate': 7.065727699530517e-06, 'epoch': 0.65}
{'loss': 1.0979, 'grad_norm': 3.5246782302856445, 'learning_rate': 7.042253521126761e-06, 'epoch': 0.65}
{'loss': 1.1715, 'grad_norm': 5.964712142944336, 'learning_rate': 7.0187793427230056e-06, 'epoch': 0.65}
{'loss': 1.0495, 'grad_norm': 2.9661662578582764, 'learning_rate': 6.9953051643192495e-06, 'epoch': 0.65}
{'loss': 1.1713, 'grad_norm': 10.342037200927734, 'learning_rate': 6.9718309859154935e-06, 'epoch': 0.66}
{'loss': 1.3508, 'grad_norm': 4.717060565948486, 'learning_rate': 6.948356807511738e-06, 'epoch': 0.66}
{'loss': 0.6988, 'grad_norm': 5.168732166290283, 'learning_rate': 6.924882629107981e-06, 'epoch': 0.66}
{'loss': 1.0302, 'grad_norm': 5.863829135894775, 'learning_rate': 6.901408450704225e-06, 'epoch': 0.66}
{'loss': 1.0241, 'grad_norm': 3.9079806804656982, 'learning_rate': 6.87793427230047e-06, 'epoch': 0.66}
{'loss': 0.9549, 'grad_norm': 3.8701181411743164, 'learning_rate': 6.854460093896714e-06, 'epoch': 0.66}
{'loss': 0.9219, 'grad_norm': 4.765794277191162, 'learning_rate': 6.830985915492958e-06, 'epoch': 0.66}
{'loss': 1.0289, 'grad_norm': 2.2055349349975586, 'learning_rate': 6.807511737089203e-06, 'epoch': 0.66}
{'loss': 1.1068, 'grad_norm': 4.067174434661865, 'learning_rate': 6.784037558685447e-06, 'epoch': 0.66}
{'loss': 0.9084, 'grad_norm': 3.2827141284942627, 'learning_rate': 6.760563380281691e-06, 'epoch': 0.67}
{'loss': 1.0476, 'grad_norm': 3.311371326446533, 'learning_rate': 6.737089201877935e-06, 'epoch': 0.67}
{'loss': 0.9691, 'grad_norm': 4.120020389556885, 'learning_rate': 6.71361502347418e-06, 'epoch': 0.67}
{'loss': 0.9664, 'grad_norm': 5.282171726226807, 'learning_rate': 6.690140845070423e-06, 'epoch': 0.67}
{'loss': 0.9075, 'grad_norm': 7.421619415283203, 'learning_rate': 6.666666666666667e-06, 'epoch': 0.67}
{'loss': 0.8687, 'grad_norm': 3.1144347190856934, 'learning_rate': 6.6431924882629115e-06, 'epoch': 0.67}
{'loss': 1.0362, 'grad_norm': 5.189250946044922, 'learning_rate': 6.619718309859155e-06, 'epoch': 0.67}
{'loss': 0.9509, 'grad_norm': 12.13885498046875, 'learning_rate': 6.596244131455399e-06, 'epoch': 0.67}
{'loss': 1.1779, 'grad_norm': 3.616485834121704, 'learning_rate': 6.572769953051644e-06, 'epoch': 0.68}
                                                 

                                                 

                                                 

                                                 

                                                 

                                                 

                                                 

                                                 

                                                 

                                                 

                                                 

                                                 

                                                 

                                                 

                                                 

                                                 

                                                 

                                                 

                                                 

                                                 

                                                 

                                                 

{'loss': 1.2417, 'grad_norm': 4.720796585083008, 'learning_rate': 6.549295774647888e-06, 'epoch': 0.68}
{'loss': 1.1911, 'grad_norm': 4.931096076965332, 'learning_rate': 6.525821596244132e-06, 'epoch': 0.68}
{'loss': 1.19, 'grad_norm': 3.5581512451171875, 'learning_rate': 6.502347417840375e-06, 'epoch': 0.68}
{'loss': 1.0282, 'grad_norm': 4.910746097564697, 'learning_rate': 6.478873239436621e-06, 'epoch': 0.68}
{'loss': 1.3862, 'grad_norm': 6.328544616699219, 'learning_rate': 6.455399061032864e-06, 'epoch': 0.68}
{'loss': 1.1178, 'grad_norm': 5.922516345977783, 'learning_rate': 6.431924882629108e-06, 'epoch': 0.68}
{'loss': 1.3552, 'grad_norm': 6.541427135467529, 'learning_rate': 6.408450704225353e-06, 'epoch': 0.68}
{'loss': 0.8599, 'grad_norm': 4.931102752685547, 'learning_rate': 6.384976525821597e-06, 'epoch': 0.68}
{'loss': 0.9691, 'grad_norm': 3.100672960281372, 'learning_rate': 6.361502347417841e-06, 'epoch': 0.69}
{'loss': 1.0405, 'grad_norm': 6.177830219268799, 'learning_rate': 6.3380281690140855e-06, 'epoch': 0.69}
{'loss': 1.1998, 'grad_norm': 3.4329521656036377, 'learning_rate': 6.314553990610329e-06, 'epoch': 0.69}
{'loss': 1.0053, 'grad_norm': 6.372425556182861, 'learning_rate': 6.291079812206573e-06, 'epoch': 0.69}
{'loss': 1.3652, 'grad_norm': 8.708946228027344, 'learning_rate': 6.267605633802818e-06, 'epoch': 0.69}
{'loss': 0.9436, 'grad_norm': 3.713210105895996, 'learning_rate': 6.244131455399062e-06, 'epoch': 0.69}
{'loss': 0.9332, 'grad_norm': 8.90439510345459, 'learning_rate': 6.220657276995305e-06, 'epoch': 0.69}
{'loss': 1.0624, 'grad_norm': 5.112529754638672, 'learning_rate': 6.197183098591549e-06, 'epoch': 0.69}
{'loss': 1.037, 'grad_norm': 4.406863212585449, 'learning_rate': 6.173708920187794e-06, 'epoch': 0.69}
{'loss': 0.8907, 'grad_norm': 7.08230447769165, 'learning_rate': 6.150234741784038e-06, 'epoch': 0.7}
{'loss': 1.3054, 'grad_norm': 4.450432300567627, 'learning_rate': 6.126760563380282e-06, 'epoch': 0.7}
{'loss': 0.9595, 'grad_norm': 5.147244930267334, 'learning_rate': 6.103286384976527e-06, 'epoch': 0.7}
{'loss': 1.125, 'grad_norm': 8.03557300567627, 'learning_rate': 6.079812206572771e-06, 'epoch': 0.7}
{'loss': 1.0099, 'grad_norm': 3.985609531402588, 'learning_rate': 6.056338028169015e-06, 'epoch': 0.7}
































                                                 


                                               
[A


                                               [A
                                                 

                                                 

                                                 

                                                 

                                                 

                                                 

                                                 

                                                 

                                                 

                                                 

                                                 

                                                 

                                                 

                                                 

                                                 

                                                 

                                                 

                                                 

                                                 

                                                 

                                                 

                                                 

                                                 

                                                 

                                                 

                                                 

                                                 

                                                 

                                                 

                                                 

                                                 

                                                 

                                                 

                                                 

                                                 

                                                 

                                                 

                                                 

                                                 

                                                 

                                                 

                                                 

                                                 

                                                 

                                                 

                                                 

                                                 

                                                 

                                                 

                                                 

                                                 

                                                 

                                                 

                                                 

                                                 

                                                 

                                                 

                                                 

                                                 

                                                 

                                                 

                                                 

                                                 

                                                 

                                                 

                                                 

                                                 

                                                 

                                                 

                                                 

                                                 

                                                 

                                                 

                                                 

                                                 

                                                 

                                                 

                                                 
{'eval_loss': 0.9044973254203796, 'eval_runtime': 9.6665, 'eval_samples_per_second': 13.242, 'eval_steps_per_second': 3.31, 'epoch': 0.7}
{'loss': 1.0787, 'grad_norm': 3.406735897064209, 'learning_rate': 6.0328638497652595e-06, 'epoch': 0.7}
{'loss': 1.0452, 'grad_norm': 7.255527019500732, 'learning_rate': 6.0093896713615026e-06, 'epoch': 0.7}
{'loss': 0.982, 'grad_norm': 11.594170570373535, 'learning_rate': 5.9859154929577465e-06, 'epoch': 0.7}
{'loss': 1.0145, 'grad_norm': 3.625729560852051, 'learning_rate': 5.9624413145539905e-06, 'epoch': 0.71}
{'loss': 0.901, 'grad_norm': 4.586444854736328, 'learning_rate': 5.938967136150235e-06, 'epoch': 0.71}
{'loss': 0.888, 'grad_norm': 4.394776344299316, 'learning_rate': 5.915492957746479e-06, 'epoch': 0.71}
{'loss': 0.9276, 'grad_norm': 3.6793384552001953, 'learning_rate': 5.892018779342723e-06, 'epoch': 0.71}
{'loss': 0.9778, 'grad_norm': 6.410896301269531, 'learning_rate': 5.868544600938968e-06, 'epoch': 0.71}
{'loss': 0.8773, 'grad_norm': 6.98502254486084, 'learning_rate': 5.845070422535212e-06, 'epoch': 0.71}
{'loss': 0.9162, 'grad_norm': 4.674586772918701, 'learning_rate': 5.821596244131456e-06, 'epoch': 0.71}
{'loss': 1.0818, 'grad_norm': 3.8495800495147705, 'learning_rate': 5.798122065727701e-06, 'epoch': 0.71}
{'loss': 0.9702, 'grad_norm': 5.620723724365234, 'learning_rate': 5.774647887323944e-06, 'epoch': 0.71}
{'loss': 0.8715, 'grad_norm': 3.232970714569092, 'learning_rate': 5.751173708920188e-06, 'epoch': 0.72}
{'loss': 1.0997, 'grad_norm': 3.5333070755004883, 'learning_rate': 5.727699530516433e-06, 'epoch': 0.72}
{'loss': 1.1378, 'grad_norm': 8.449441909790039, 'learning_rate': 5.7042253521126766e-06, 'epoch': 0.72}
{'loss': 1.0902, 'grad_norm': 5.721924781799316, 'learning_rate': 5.6807511737089205e-06, 'epoch': 0.72}
{'loss': 1.1175, 'grad_norm': 4.485322952270508, 'learning_rate': 5.6572769953051645e-06, 'epoch': 0.72}
{'loss': 0.9178, 'grad_norm': 3.649447202682495, 'learning_rate': 5.633802816901409e-06, 'epoch': 0.72}
{'loss': 0.836, 'grad_norm': 5.802721977233887, 'learning_rate': 5.610328638497653e-06, 'epoch': 0.72}
{'loss': 1.0889, 'grad_norm': 7.349705219268799, 'learning_rate': 5.586854460093896e-06, 'epoch': 0.72}
{'loss': 1.2544, 'grad_norm': 8.912592887878418, 'learning_rate': 5.563380281690142e-06, 'epoch': 0.73}
{'loss': 0.9723, 'grad_norm': 3.689027786254883, 'learning_rate': 5.539906103286385e-06, 'epoch': 0.73}
{'loss': 1.08, 'grad_norm': 6.614213466644287, 'learning_rate': 5.516431924882629e-06, 'epoch': 0.73}
{'loss': 1.0115, 'grad_norm': 4.453041076660156, 'learning_rate': 5.492957746478874e-06, 'epoch': 0.73}
{'loss': 0.9894, 'grad_norm': 3.211174964904785, 'learning_rate': 5.469483568075118e-06, 'epoch': 0.73}
{'loss': 1.1599, 'grad_norm': 6.474849224090576, 'learning_rate': 5.446009389671362e-06, 'epoch': 0.73}
{'loss': 0.8092, 'grad_norm': 4.676476955413818, 'learning_rate': 5.422535211267607e-06, 'epoch': 0.73}
{'loss': 0.8885, 'grad_norm': 5.277933597564697, 'learning_rate': 5.3990610328638506e-06, 'epoch': 0.73}
{'loss': 1.0504, 'grad_norm': 7.250975608825684, 'learning_rate': 5.3755868544600945e-06, 'epoch': 0.73}
{'loss': 0.879, 'grad_norm': 2.321558952331543, 'learning_rate': 5.352112676056338e-06, 'epoch': 0.74}
{'loss': 1.2953, 'grad_norm': 6.561849117279053, 'learning_rate': 5.328638497652583e-06, 'epoch': 0.74}
{'loss': 0.9721, 'grad_norm': 3.242335081100464, 'learning_rate': 5.305164319248826e-06, 'epoch': 0.74}
{'loss': 0.8704, 'grad_norm': 3.0922553539276123, 'learning_rate': 5.28169014084507e-06, 'epoch': 0.74}
{'loss': 0.9415, 'grad_norm': 2.527778387069702, 'learning_rate': 5.258215962441315e-06, 'epoch': 0.74}
{'loss': 1.0474, 'grad_norm': 7.888527870178223, 'learning_rate': 5.234741784037559e-06, 'epoch': 0.74}
{'loss': 0.8615, 'grad_norm': 3.3951871395111084, 'learning_rate': 5.211267605633803e-06, 'epoch': 0.74}
{'loss': 1.1192, 'grad_norm': 3.049926519393921, 'learning_rate': 5.187793427230048e-06, 'epoch': 0.74}
{'loss': 1.01, 'grad_norm': 3.936187505722046, 'learning_rate': 5.164319248826292e-06, 'epoch': 0.75}
{'loss': 1.0755, 'grad_norm': 3.7692275047302246, 'learning_rate': 5.140845070422536e-06, 'epoch': 0.75}
{'loss': 0.9472, 'grad_norm': 3.613612174987793, 'learning_rate': 5.117370892018779e-06, 'epoch': 0.75}
{'loss': 1.102, 'grad_norm': 4.654850482940674, 'learning_rate': 5.093896713615024e-06, 'epoch': 0.75}
{'loss': 1.133, 'grad_norm': 4.348227500915527, 'learning_rate': 5.070422535211268e-06, 'epoch': 0.75}
{'loss': 0.7835, 'grad_norm': 3.190772294998169, 'learning_rate': 5.046948356807512e-06, 'epoch': 0.75}
{'loss': 0.886, 'grad_norm': 8.294854164123535, 'learning_rate': 5.0234741784037565e-06, 'epoch': 0.75}
{'loss': 1.209, 'grad_norm': 6.8491530418396, 'learning_rate': 5e-06, 'epoch': 0.75}
{'loss': 1.0125, 'grad_norm': 5.608932971954346, 'learning_rate': 4.976525821596244e-06, 'epoch': 0.75}
{'loss': 0.9461, 'grad_norm': 4.456488609313965, 'learning_rate': 4.953051643192488e-06, 'epoch': 0.76}
{'loss': 1.0442, 'grad_norm': 3.97070050239563, 'learning_rate': 4.929577464788733e-06, 'epoch': 0.76}
{'loss': 1.0067, 'grad_norm': 4.097380638122559, 'learning_rate': 4.906103286384977e-06, 'epoch': 0.76}
{'loss': 0.9377, 'grad_norm': 5.4489946365356445, 'learning_rate': 4.882629107981221e-06, 'epoch': 0.76}
{'loss': 1.0243, 'grad_norm': 5.018810272216797, 'learning_rate': 4.859154929577465e-06, 'epoch': 0.76}
{'loss': 0.8399, 'grad_norm': 4.862759113311768, 'learning_rate': 4.835680751173709e-06, 'epoch': 0.76}
{'loss': 1.0949, 'grad_norm': 4.426550388336182, 'learning_rate': 4.812206572769954e-06, 'epoch': 0.76}
{'loss': 1.0578, 'grad_norm': 3.803096294403076, 'learning_rate': 4.788732394366197e-06, 'epoch': 0.76}
{'loss': 1.0383, 'grad_norm': 5.842957019805908, 'learning_rate': 4.765258215962442e-06, 'epoch': 0.76}
{'loss': 1.3169, 'grad_norm': 5.06529426574707, 'learning_rate': 4.741784037558686e-06, 'epoch': 0.77}
{'loss': 1.0412, 'grad_norm': 4.453827381134033, 'learning_rate': 4.71830985915493e-06, 'epoch': 0.77}
{'loss': 1.0129, 'grad_norm': 4.169033527374268, 'learning_rate': 4.694835680751174e-06, 'epoch': 0.77}
{'loss': 1.1985, 'grad_norm': 4.421051502227783, 'learning_rate': 4.671361502347418e-06, 'epoch': 0.77}
{'loss': 0.971, 'grad_norm': 5.111051559448242, 'learning_rate': 4.647887323943662e-06, 'epoch': 0.77}
{'loss': 0.919, 'grad_norm': 6.291353702545166, 'learning_rate': 4.624413145539906e-06, 'epoch': 0.77}
{'loss': 0.8445, 'grad_norm': 5.619690895080566, 'learning_rate': 4.60093896713615e-06, 'epoch': 0.77}
{'loss': 1.1151, 'grad_norm': 5.86902379989624, 'learning_rate': 4.577464788732395e-06, 'epoch': 0.77}
{'loss': 0.9746, 'grad_norm': 2.9106943607330322, 'learning_rate': 4.553990610328639e-06, 'epoch': 0.78}
{'loss': 0.9584, 'grad_norm': 6.486591815948486, 'learning_rate': 4.530516431924883e-06, 'epoch': 0.78}
{'loss': 1.0033, 'grad_norm': 3.645480155944824, 'learning_rate': 4.507042253521127e-06, 'epoch': 0.78}
{'loss': 1.0357, 'grad_norm': 7.811535835266113, 'learning_rate': 4.483568075117371e-06, 'epoch': 0.78}
{'loss': 1.1974, 'grad_norm': 3.8060903549194336, 'learning_rate': 4.460093896713616e-06, 'epoch': 0.78}
{'loss': 1.1704, 'grad_norm': 4.307316303253174, 'learning_rate': 4.43661971830986e-06, 'epoch': 0.78}
{'loss': 0.9803, 'grad_norm': 4.256777286529541, 'learning_rate': 4.413145539906104e-06, 'epoch': 0.78}
{'loss': 1.0653, 'grad_norm': 4.561655521392822, 'learning_rate': 4.3896713615023476e-06, 'epoch': 0.78}
{'loss': 1.0835, 'grad_norm': 3.7773170471191406, 'learning_rate': 4.3661971830985915e-06, 'epoch': 0.78}
{'loss': 1.0371, 'grad_norm': 5.148530006408691, 'learning_rate': 4.342723004694836e-06, 'epoch': 0.79}
{'loss': 1.1517, 'grad_norm': 3.0432472229003906, 'learning_rate': 4.31924882629108e-06, 'epoch': 0.79}
{'loss': 0.9573, 'grad_norm': 4.994082450866699, 'learning_rate': 4.295774647887324e-06, 'epoch': 0.79}
{'loss': 1.1032, 'grad_norm': 5.208174228668213, 'learning_rate': 4.272300469483568e-06, 'epoch': 0.79}
{'loss': 0.9093, 'grad_norm': 4.460276126861572, 'learning_rate': 4.248826291079813e-06, 'epoch': 0.79}
{'loss': 0.9525, 'grad_norm': 4.450680255889893, 'learning_rate': 4.225352112676057e-06, 'epoch': 0.79}
                                                 

                                                 

                                                 

                                                 

                                                 

                                                 

                                                 

                                                 

                                                 

                                                 

                                                 

                                                 

                                                 

                                                 

                                                 

                                                 

                                                 

                                                 

                                                 

                                                 

                                                 

                                                 

{'loss': 0.8214, 'grad_norm': 4.207370281219482, 'learning_rate': 4.201877934272301e-06, 'epoch': 0.79}
{'loss': 0.9986, 'grad_norm': 6.243879318237305, 'learning_rate': 4.178403755868545e-06, 'epoch': 0.79}
{'loss': 1.0818, 'grad_norm': 6.053616523742676, 'learning_rate': 4.154929577464789e-06, 'epoch': 0.8}
{'loss': 0.98, 'grad_norm': 3.434180736541748, 'learning_rate': 4.131455399061034e-06, 'epoch': 0.8}
{'loss': 1.0221, 'grad_norm': 4.361897945404053, 'learning_rate': 4.107981220657278e-06, 'epoch': 0.8}
{'loss': 1.024, 'grad_norm': 3.71962571144104, 'learning_rate': 4.0845070422535216e-06, 'epoch': 0.8}
{'loss': 1.0142, 'grad_norm': 3.2225234508514404, 'learning_rate': 4.0610328638497655e-06, 'epoch': 0.8}
{'loss': 1.0148, 'grad_norm': 7.016176700592041, 'learning_rate': 4.0375586854460095e-06, 'epoch': 0.8}
{'loss': 1.0581, 'grad_norm': 4.56125020980835, 'learning_rate': 4.014084507042254e-06, 'epoch': 0.8}
{'loss': 0.8694, 'grad_norm': 6.1909918785095215, 'learning_rate': 3.990610328638498e-06, 'epoch': 0.8}
{'loss': 0.961, 'grad_norm': 5.802452564239502, 'learning_rate': 3.967136150234742e-06, 'epoch': 0.8}
{'loss': 1.1503, 'grad_norm': 7.124714374542236, 'learning_rate': 3.943661971830986e-06, 'epoch': 0.81}
{'loss': 1.0881, 'grad_norm': 3.8039491176605225, 'learning_rate': 3.92018779342723e-06, 'epoch': 0.81}
{'loss': 0.8922, 'grad_norm': 6.9576263427734375, 'learning_rate': 3.896713615023475e-06, 'epoch': 0.81}
{'loss': 1.2004, 'grad_norm': 3.8585824966430664, 'learning_rate': 3.873239436619718e-06, 'epoch': 0.81}
{'loss': 1.1033, 'grad_norm': 3.119304656982422, 'learning_rate': 3.849765258215963e-06, 'epoch': 0.81}
{'loss': 1.0818, 'grad_norm': 4.285604953765869, 'learning_rate': 3.826291079812207e-06, 'epoch': 0.81}
{'loss': 1.2125, 'grad_norm': 4.172772407531738, 'learning_rate': 3.8028169014084508e-06, 'epoch': 0.81}
{'loss': 1.0719, 'grad_norm': 7.060736179351807, 'learning_rate': 3.779342723004695e-06, 'epoch': 0.81}
{'loss': 1.2285, 'grad_norm': 9.218515396118164, 'learning_rate': 3.755868544600939e-06, 'epoch': 0.82}
{'loss': 1.0856, 'grad_norm': 3.4214580059051514, 'learning_rate': 3.7323943661971835e-06, 'epoch': 0.82}
{'loss': 0.8773, 'grad_norm': 4.015670299530029, 'learning_rate': 3.708920187793428e-06, 'epoch': 0.82}
































                                                 


                                               
[A


                                               [A
                                                 

                                                 

                                                 

                                                 

                                                 

                                                 

                                                 

                                                 

                                                 

                                                 

                                                 

                                                 

                                                 

                                                 

                                                 

                                                 

                                                 

                                                 

                                                 

                                                 

                                                 

                                                 

                                                 

                                                 

                                                 

                                                 

                                                 

                                                 

                                                 

                                                 

                                                 

                                                 

                                                 

                                                 

                                                 

                                                 

                                                 

                                                 

                                                 

                                                 

                                                 

                                                 

                                                 

                                                 

                                                 

                                                 

                                                 

                                                 

                                                 

                                                 

                                                 

                                                 

                                                 

                                                 

                                                 

                                                 

                                                 

                                                 

                                                 

                                                 

                                                 

                                                 

                                                 

                                                 

                                                 

                                                 

                                                 

                                                 

                                                 

                                                 

                                                 

                                                 

                                                 

                                                 

                                                 

                                                 

                                                 

                                                 
{'eval_loss': 0.9034180641174316, 'eval_runtime': 9.6966, 'eval_samples_per_second': 13.201, 'eval_steps_per_second': 3.3, 'epoch': 0.82}
{'loss': 0.9477, 'grad_norm': 10.631205558776855, 'learning_rate': 3.6854460093896714e-06, 'epoch': 0.82}
{'loss': 1.0642, 'grad_norm': 4.385090351104736, 'learning_rate': 3.6619718309859158e-06, 'epoch': 0.82}
{'loss': 0.9731, 'grad_norm': 6.142457485198975, 'learning_rate': 3.6384976525821597e-06, 'epoch': 0.82}
{'loss': 1.0676, 'grad_norm': 5.231378555297852, 'learning_rate': 3.615023474178404e-06, 'epoch': 0.82}
{'loss': 1.0102, 'grad_norm': 3.533475637435913, 'learning_rate': 3.5915492957746485e-06, 'epoch': 0.82}
{'loss': 1.3767, 'grad_norm': 3.7673909664154053, 'learning_rate': 3.568075117370892e-06, 'epoch': 0.82}
{'loss': 1.0343, 'grad_norm': 6.456846714019775, 'learning_rate': 3.5446009389671364e-06, 'epoch': 0.83}
{'loss': 1.0593, 'grad_norm': 5.6087164878845215, 'learning_rate': 3.5211267605633804e-06, 'epoch': 0.83}
{'loss': 1.2599, 'grad_norm': 10.299304008483887, 'learning_rate': 3.4976525821596248e-06, 'epoch': 0.83}
{'loss': 1.0086, 'grad_norm': 4.44088077545166, 'learning_rate': 3.474178403755869e-06, 'epoch': 0.83}
{'loss': 1.2388, 'grad_norm': 11.24819564819336, 'learning_rate': 3.4507042253521127e-06, 'epoch': 0.83}
{'loss': 1.2072, 'grad_norm': 6.645684719085693, 'learning_rate': 3.427230046948357e-06, 'epoch': 0.83}
{'loss': 1.3291, 'grad_norm': 11.379960060119629, 'learning_rate': 3.4037558685446014e-06, 'epoch': 0.83}
{'loss': 1.1258, 'grad_norm': 5.908151626586914, 'learning_rate': 3.3802816901408454e-06, 'epoch': 0.83}
{'loss': 1.0059, 'grad_norm': 7.8362135887146, 'learning_rate': 3.35680751173709e-06, 'epoch': 0.84}
{'loss': 0.908, 'grad_norm': 4.746438980102539, 'learning_rate': 3.3333333333333333e-06, 'epoch': 0.84}
{'loss': 0.9041, 'grad_norm': 8.60383415222168, 'learning_rate': 3.3098591549295777e-06, 'epoch': 0.84}
{'loss': 0.8852, 'grad_norm': 5.221150875091553, 'learning_rate': 3.286384976525822e-06, 'epoch': 0.84}
{'loss': 1.0455, 'grad_norm': 4.203853607177734, 'learning_rate': 3.262910798122066e-06, 'epoch': 0.84}
{'loss': 0.9875, 'grad_norm': 5.449733257293701, 'learning_rate': 3.2394366197183104e-06, 'epoch': 0.84}
{'loss': 0.8603, 'grad_norm': 3.396587371826172, 'learning_rate': 3.215962441314554e-06, 'epoch': 0.84}
{'loss': 1.0284, 'grad_norm': 7.044048309326172, 'learning_rate': 3.1924882629107983e-06, 'epoch': 0.84}
{'loss': 1.206, 'grad_norm': 4.6924943923950195, 'learning_rate': 3.1690140845070427e-06, 'epoch': 0.84}
{'loss': 1.1246, 'grad_norm': 4.738966464996338, 'learning_rate': 3.1455399061032867e-06, 'epoch': 0.85}
{'loss': 1.2446, 'grad_norm': 6.9393415451049805, 'learning_rate': 3.122065727699531e-06, 'epoch': 0.85}
{'loss': 0.9966, 'grad_norm': 11.153600692749023, 'learning_rate': 3.0985915492957746e-06, 'epoch': 0.85}
{'loss': 1.0246, 'grad_norm': 4.188395023345947, 'learning_rate': 3.075117370892019e-06, 'epoch': 0.85}
{'loss': 1.0354, 'grad_norm': 6.819364070892334, 'learning_rate': 3.0516431924882634e-06, 'epoch': 0.85}
{'loss': 1.1516, 'grad_norm': 4.103785991668701, 'learning_rate': 3.0281690140845073e-06, 'epoch': 0.85}
{'loss': 1.2389, 'grad_norm': 7.357518196105957, 'learning_rate': 3.0046948356807513e-06, 'epoch': 0.85}
{'loss': 1.0037, 'grad_norm': 2.6156041622161865, 'learning_rate': 2.9812206572769952e-06, 'epoch': 0.85}
{'loss': 0.9936, 'grad_norm': 4.7300310134887695, 'learning_rate': 2.9577464788732396e-06, 'epoch': 0.85}
{'loss': 1.111, 'grad_norm': 4.052335739135742, 'learning_rate': 2.934272300469484e-06, 'epoch': 0.86}
{'loss': 1.1042, 'grad_norm': 5.647819995880127, 'learning_rate': 2.910798122065728e-06, 'epoch': 0.86}
{'loss': 1.0622, 'grad_norm': 3.37719988822937, 'learning_rate': 2.887323943661972e-06, 'epoch': 0.86}
{'loss': 1.2347, 'grad_norm': 4.024463176727295, 'learning_rate': 2.8638497652582163e-06, 'epoch': 0.86}
{'loss': 1.319, 'grad_norm': 6.88315486907959, 'learning_rate': 2.8403755868544603e-06, 'epoch': 0.86}
{'loss': 1.0173, 'grad_norm': 3.498439311981201, 'learning_rate': 2.8169014084507046e-06, 'epoch': 0.86}
{'loss': 1.1531, 'grad_norm': 4.023554801940918, 'learning_rate': 2.793427230046948e-06, 'epoch': 0.86}
{'loss': 0.9785, 'grad_norm': 3.7526330947875977, 'learning_rate': 2.7699530516431926e-06, 'epoch': 0.86}
{'loss': 1.0396, 'grad_norm': 6.690758228302002, 'learning_rate': 2.746478873239437e-06, 'epoch': 0.87}
{'loss': 1.1904, 'grad_norm': 6.9136881828308105, 'learning_rate': 2.723004694835681e-06, 'epoch': 0.87}
{'loss': 0.8567, 'grad_norm': 5.607759475708008, 'learning_rate': 2.6995305164319253e-06, 'epoch': 0.87}
{'loss': 0.9059, 'grad_norm': 6.043643474578857, 'learning_rate': 2.676056338028169e-06, 'epoch': 0.87}
{'loss': 1.1041, 'grad_norm': 6.487213611602783, 'learning_rate': 2.652582159624413e-06, 'epoch': 0.87}
{'loss': 0.9916, 'grad_norm': 4.8774237632751465, 'learning_rate': 2.6291079812206576e-06, 'epoch': 0.87}
{'loss': 1.2333, 'grad_norm': 5.192831039428711, 'learning_rate': 2.6056338028169015e-06, 'epoch': 0.87}
{'loss': 0.9105, 'grad_norm': 2.708508253097534, 'learning_rate': 2.582159624413146e-06, 'epoch': 0.87}
{'loss': 0.9937, 'grad_norm': 7.570754051208496, 'learning_rate': 2.5586854460093895e-06, 'epoch': 0.87}
{'loss': 0.8538, 'grad_norm': 2.984604835510254, 'learning_rate': 2.535211267605634e-06, 'epoch': 0.88}
{'loss': 1.0631, 'grad_norm': 5.85252571105957, 'learning_rate': 2.5117370892018782e-06, 'epoch': 0.88}
{'loss': 1.1479, 'grad_norm': 6.593567848205566, 'learning_rate': 2.488262910798122e-06, 'epoch': 0.88}
{'loss': 1.0194, 'grad_norm': 7.3342742919921875, 'learning_rate': 2.4647887323943666e-06, 'epoch': 0.88}
{'loss': 1.2648, 'grad_norm': 7.8739824295043945, 'learning_rate': 2.4413145539906105e-06, 'epoch': 0.88}
{'loss': 1.0344, 'grad_norm': 4.165231227874756, 'learning_rate': 2.4178403755868545e-06, 'epoch': 0.88}
{'loss': 0.9776, 'grad_norm': 4.33202600479126, 'learning_rate': 2.3943661971830984e-06, 'epoch': 0.88}
{'loss': 1.0755, 'grad_norm': 2.7122840881347656, 'learning_rate': 2.370892018779343e-06, 'epoch': 0.88}
{'loss': 0.918, 'grad_norm': 3.9214744567871094, 'learning_rate': 2.347417840375587e-06, 'epoch': 0.89}
{'loss': 1.0373, 'grad_norm': 4.1363983154296875, 'learning_rate': 2.323943661971831e-06, 'epoch': 0.89}
{'loss': 1.0811, 'grad_norm': 7.352021217346191, 'learning_rate': 2.300469483568075e-06, 'epoch': 0.89}
{'loss': 1.0993, 'grad_norm': 6.374492645263672, 'learning_rate': 2.2769953051643195e-06, 'epoch': 0.89}
{'loss': 0.7447, 'grad_norm': 2.9847631454467773, 'learning_rate': 2.2535211267605635e-06, 'epoch': 0.89}
{'loss': 1.0295, 'grad_norm': 5.87655782699585, 'learning_rate': 2.230046948356808e-06, 'epoch': 0.89}
{'loss': 0.98, 'grad_norm': 5.0728373527526855, 'learning_rate': 2.206572769953052e-06, 'epoch': 0.89}
{'loss': 1.039, 'grad_norm': 5.704914093017578, 'learning_rate': 2.1830985915492958e-06, 'epoch': 0.89}
{'loss': 1.0262, 'grad_norm': 4.609241008758545, 'learning_rate': 2.15962441314554e-06, 'epoch': 0.89}
{'loss': 1.0338, 'grad_norm': 6.810492038726807, 'learning_rate': 2.136150234741784e-06, 'epoch': 0.9}
{'loss': 0.9781, 'grad_norm': 3.9627857208251953, 'learning_rate': 2.1126760563380285e-06, 'epoch': 0.9}
{'loss': 1.1793, 'grad_norm': 4.420721054077148, 'learning_rate': 2.0892018779342724e-06, 'epoch': 0.9}
{'loss': 0.9886, 'grad_norm': 3.1786537170410156, 'learning_rate': 2.065727699530517e-06, 'epoch': 0.9}
{'loss': 0.8691, 'grad_norm': 6.709473133087158, 'learning_rate': 2.0422535211267608e-06, 'epoch': 0.9}
{'loss': 1.0955, 'grad_norm': 5.610503673553467, 'learning_rate': 2.0187793427230047e-06, 'epoch': 0.9}
{'loss': 0.7647, 'grad_norm': 4.4477338790893555, 'learning_rate': 1.995305164319249e-06, 'epoch': 0.9}
{'loss': 1.1759, 'grad_norm': 4.937513828277588, 'learning_rate': 1.971830985915493e-06, 'epoch': 0.9}
{'loss': 0.8479, 'grad_norm': 5.410904407501221, 'learning_rate': 1.9483568075117375e-06, 'epoch': 0.91}
{'loss': 0.9011, 'grad_norm': 4.217051029205322, 'learning_rate': 1.9248826291079814e-06, 'epoch': 0.91}
{'loss': 0.9375, 'grad_norm': 4.806593418121338, 'learning_rate': 1.9014084507042254e-06, 'epoch': 0.91}
{'loss': 1.1958, 'grad_norm': 10.0525541305542, 'learning_rate': 1.8779342723004696e-06, 'epoch': 0.91}
                                                 

                                                 

                                                 

                                                 

                                                 

                                                 

                                                 

                                                 

                                                 

                                                 

                                                 

                                                 

                                                 

                                                 

                                                 

                                                 

                                                 

                                                 

                                                 

                                                 

                                                 

                                                 

{'loss': 0.9477, 'grad_norm': 6.578051567077637, 'learning_rate': 1.854460093896714e-06, 'epoch': 0.91}
{'loss': 1.0073, 'grad_norm': 4.6853461265563965, 'learning_rate': 1.8309859154929579e-06, 'epoch': 0.91}
{'loss': 0.995, 'grad_norm': 6.872024059295654, 'learning_rate': 1.807511737089202e-06, 'epoch': 0.91}
{'loss': 0.9783, 'grad_norm': 6.427150249481201, 'learning_rate': 1.784037558685446e-06, 'epoch': 0.91}
{'loss': 1.0471, 'grad_norm': 7.383193016052246, 'learning_rate': 1.7605633802816902e-06, 'epoch': 0.91}
{'loss': 1.0467, 'grad_norm': 3.062223196029663, 'learning_rate': 1.7370892018779346e-06, 'epoch': 0.92}
{'loss': 0.8986, 'grad_norm': 6.138594150543213, 'learning_rate': 1.7136150234741785e-06, 'epoch': 0.92}
{'loss': 1.2451, 'grad_norm': 5.191302299499512, 'learning_rate': 1.6901408450704227e-06, 'epoch': 0.92}
{'loss': 1.3596, 'grad_norm': 5.513031959533691, 'learning_rate': 1.6666666666666667e-06, 'epoch': 0.92}
{'loss': 0.8468, 'grad_norm': 4.115886211395264, 'learning_rate': 1.643192488262911e-06, 'epoch': 0.92}
{'loss': 1.0054, 'grad_norm': 4.500137805938721, 'learning_rate': 1.6197183098591552e-06, 'epoch': 0.92}
{'loss': 1.3531, 'grad_norm': 5.1674652099609375, 'learning_rate': 1.5962441314553992e-06, 'epoch': 0.92}
{'loss': 1.291, 'grad_norm': 4.855147838592529, 'learning_rate': 1.5727699530516433e-06, 'epoch': 0.92}
{'loss': 1.0248, 'grad_norm': 2.9825148582458496, 'learning_rate': 1.5492957746478873e-06, 'epoch': 0.92}
{'loss': 1.1214, 'grad_norm': 3.5572104454040527, 'learning_rate': 1.5258215962441317e-06, 'epoch': 0.93}
{'loss': 1.0885, 'grad_norm': 3.4942307472229004, 'learning_rate': 1.5023474178403756e-06, 'epoch': 0.93}
{'loss': 0.956, 'grad_norm': 2.9653656482696533, 'learning_rate': 1.4788732394366198e-06, 'epoch': 0.93}
{'loss': 0.7641, 'grad_norm': 4.899858474731445, 'learning_rate': 1.455399061032864e-06, 'epoch': 0.93}
{'loss': 1.1037, 'grad_norm': 8.095064163208008, 'learning_rate': 1.4319248826291082e-06, 'epoch': 0.93}
{'loss': 1.0913, 'grad_norm': 3.9777414798736572, 'learning_rate': 1.4084507042253523e-06, 'epoch': 0.93}
{'loss': 0.9771, 'grad_norm': 3.7640621662139893, 'learning_rate': 1.3849765258215963e-06, 'epoch': 0.93}
{'loss': 1.021, 'grad_norm': 8.39625358581543, 'learning_rate': 1.3615023474178405e-06, 'epoch': 0.93}
































                                                 


                                               
[A


                                               [A
                                                 

                                                 

                                                 

                                                 

                                                 

                                                 

                                                 

                                                 

                                                 

                                                 

                                                 

                                                 

                                                 

                                                 

                                                 

                                                 

                                                 

                                                 

                                                 

                                                 

                                                 

                                                 

                                                 

                                                 

                                                 

                                                 

                                                 

                                                 

                                                 

                                                 

                                                 

                                                 

                                                 

                                                 

                                                 

                                                 

                                                 

                                                 

                                                 

                                                 

                                                 

                                                 

                                                 

                                                 

                                                 

                                                 

                                                 

                                                 

                                                 

                                                 

                                                 

                                                 

                                                 

                                                 

                                                 

                                                 

                                                 

                                                 

No files have been modified since last commit. Skipping to prevent empty commit.
{'eval_loss': 0.9034382104873657, 'eval_runtime': 9.6531, 'eval_samples_per_second': 13.26, 'eval_steps_per_second': 3.315, 'epoch': 0.93}
{'loss': 1.4192, 'grad_norm': 4.973952770233154, 'learning_rate': 1.3380281690140844e-06, 'epoch': 0.94}
{'loss': 1.1063, 'grad_norm': 3.2675256729125977, 'learning_rate': 1.3145539906103288e-06, 'epoch': 0.94}
{'loss': 0.9645, 'grad_norm': 2.464855194091797, 'learning_rate': 1.291079812206573e-06, 'epoch': 0.94}
{'loss': 0.9174, 'grad_norm': 8.511533737182617, 'learning_rate': 1.267605633802817e-06, 'epoch': 0.94}
{'loss': 1.3375, 'grad_norm': 3.113433837890625, 'learning_rate': 1.244131455399061e-06, 'epoch': 0.94}
{'loss': 0.8519, 'grad_norm': 6.830573558807373, 'learning_rate': 1.2206572769953053e-06, 'epoch': 0.94}
{'loss': 1.0166, 'grad_norm': 5.657119274139404, 'learning_rate': 1.1971830985915492e-06, 'epoch': 0.94}
{'loss': 1.017, 'grad_norm': 5.817018985748291, 'learning_rate': 1.1737089201877936e-06, 'epoch': 0.94}
{'loss': 1.1886, 'grad_norm': 8.32504940032959, 'learning_rate': 1.1502347417840376e-06, 'epoch': 0.94}
{'loss': 1.1938, 'grad_norm': 9.305460929870605, 'learning_rate': 1.1267605633802817e-06, 'epoch': 0.95}
{'loss': 1.0598, 'grad_norm': 8.740087509155273, 'learning_rate': 1.103286384976526e-06, 'epoch': 0.95}
{'loss': 1.1666, 'grad_norm': 4.364939212799072, 'learning_rate': 1.07981220657277e-06, 'epoch': 0.95}
{'loss': 1.1742, 'grad_norm': 4.010990142822266, 'learning_rate': 1.0563380281690142e-06, 'epoch': 0.95}
{'loss': 1.1816, 'grad_norm': 5.4859795570373535, 'learning_rate': 1.0328638497652584e-06, 'epoch': 0.95}
{'loss': 0.9841, 'grad_norm': 3.529571771621704, 'learning_rate': 1.0093896713615024e-06, 'epoch': 0.95}
{'loss': 1.1492, 'grad_norm': 4.226343154907227, 'learning_rate': 9.859154929577465e-07, 'epoch': 0.95}
{'loss': 1.0183, 'grad_norm': 4.975340843200684, 'learning_rate': 9.624413145539907e-07, 'epoch': 0.95}
{'loss': 0.9505, 'grad_norm': 4.460719585418701, 'learning_rate': 9.389671361502348e-07, 'epoch': 0.96}
{'loss': 1.0004, 'grad_norm': 2.6759912967681885, 'learning_rate': 9.154929577464789e-07, 'epoch': 0.96}
{'loss': 0.8881, 'grad_norm': 2.777132987976074, 'learning_rate': 8.92018779342723e-07, 'epoch': 0.96}
{'loss': 1.0672, 'grad_norm': 4.222989559173584, 'learning_rate': 8.685446009389673e-07, 'epoch': 0.96}
{'loss': 0.9585, 'grad_norm': 3.8096466064453125, 'learning_rate': 8.450704225352114e-07, 'epoch': 0.96}
{'loss': 0.7725, 'grad_norm': 7.101791858673096, 'learning_rate': 8.215962441314555e-07, 'epoch': 0.96}
{'loss': 0.9992, 'grad_norm': 5.025444507598877, 'learning_rate': 7.981220657276996e-07, 'epoch': 0.96}
{'loss': 1.029, 'grad_norm': 6.290794849395752, 'learning_rate': 7.746478873239437e-07, 'epoch': 0.96}
{'loss': 1.0149, 'grad_norm': 5.372176647186279, 'learning_rate': 7.511737089201878e-07, 'epoch': 0.96}
{'loss': 1.1985, 'grad_norm': 5.723909854888916, 'learning_rate': 7.27699530516432e-07, 'epoch': 0.97}
{'loss': 1.0235, 'grad_norm': 5.410123825073242, 'learning_rate': 7.042253521126762e-07, 'epoch': 0.97}
{'loss': 1.0978, 'grad_norm': 4.935591220855713, 'learning_rate': 6.807511737089202e-07, 'epoch': 0.97}
{'loss': 1.1902, 'grad_norm': 6.001064777374268, 'learning_rate': 6.572769953051644e-07, 'epoch': 0.97}
{'loss': 0.942, 'grad_norm': 5.5782575607299805, 'learning_rate': 6.338028169014085e-07, 'epoch': 0.97}
{'loss': 1.1906, 'grad_norm': 6.614386081695557, 'learning_rate': 6.103286384976526e-07, 'epoch': 0.97}
{'loss': 1.0229, 'grad_norm': 3.5366432666778564, 'learning_rate': 5.868544600938968e-07, 'epoch': 0.97}
{'loss': 0.9507, 'grad_norm': 5.808320999145508, 'learning_rate': 5.633802816901409e-07, 'epoch': 0.97}
{'loss': 1.0735, 'grad_norm': 6.034369945526123, 'learning_rate': 5.39906103286385e-07, 'epoch': 0.98}
{'loss': 1.0386, 'grad_norm': 7.889820575714111, 'learning_rate': 5.164319248826292e-07, 'epoch': 0.98}
{'loss': 1.1206, 'grad_norm': 7.049615859985352, 'learning_rate': 4.929577464788733e-07, 'epoch': 0.98}
{'loss': 1.129, 'grad_norm': 4.7125244140625, 'learning_rate': 4.694835680751174e-07, 'epoch': 0.98}
{'loss': 1.0323, 'grad_norm': 3.846752643585205, 'learning_rate': 4.460093896713615e-07, 'epoch': 0.98}
{'loss': 1.2196, 'grad_norm': 6.7626166343688965, 'learning_rate': 4.225352112676057e-07, 'epoch': 0.98}
{'loss': 1.0323, 'grad_norm': 7.036017894744873, 'learning_rate': 3.990610328638498e-07, 'epoch': 0.98}
{'loss': 1.2111, 'grad_norm': 5.172578811645508, 'learning_rate': 3.755868544600939e-07, 'epoch': 0.98}
{'loss': 1.2242, 'grad_norm': 3.817375659942627, 'learning_rate': 3.521126760563381e-07, 'epoch': 0.98}
{'loss': 1.1675, 'grad_norm': 6.537941932678223, 'learning_rate': 3.286384976525822e-07, 'epoch': 0.99}
{'loss': 1.12, 'grad_norm': 3.604334831237793, 'learning_rate': 3.051643192488263e-07, 'epoch': 0.99}
{'loss': 0.9239, 'grad_norm': 4.603473663330078, 'learning_rate': 2.8169014084507043e-07, 'epoch': 0.99}
{'loss': 1.1599, 'grad_norm': 3.935007095336914, 'learning_rate': 2.582159624413146e-07, 'epoch': 0.99}
{'loss': 0.9597, 'grad_norm': 6.836210250854492, 'learning_rate': 2.347417840375587e-07, 'epoch': 0.99}
{'loss': 1.1998, 'grad_norm': 4.987917423248291, 'learning_rate': 2.1126760563380284e-07, 'epoch': 0.99}
{'loss': 0.95, 'grad_norm': 5.186317443847656, 'learning_rate': 1.8779342723004696e-07, 'epoch': 0.99}
{'loss': 1.0241, 'grad_norm': 4.562747955322266, 'learning_rate': 1.643192488262911e-07, 'epoch': 0.99}
{'loss': 1.0726, 'grad_norm': 1.4814411401748657, 'learning_rate': 1.4084507042253522e-07, 'epoch': 1.0}
{'loss': 1.3465, 'grad_norm': 5.7180609703063965, 'learning_rate': 1.1737089201877935e-07, 'epoch': 1.0}
{'loss': 0.8711, 'grad_norm': 4.105278015136719, 'learning_rate': 9.389671361502348e-08, 'epoch': 1.0}
{'loss': 0.885, 'grad_norm': 4.598877906799316, 'learning_rate': 7.042253521126761e-08, 'epoch': 1.0}
{'loss': 1.1625, 'grad_norm': 3.4833502769470215, 'learning_rate': 4.694835680751174e-08, 'epoch': 1.0}
{'loss': 1.3894, 'grad_norm': 54.76301956176758, 'learning_rate': 2.347417840375587e-08, 'epoch': 1.0}
{'train_runtime': 1422.1787, 'train_samples_per_second': 9.642, 'train_steps_per_second': 0.603, 'train_loss': 1.0860998196529534, 'epoch': 1.0}
Pushing full model and tokenizer to jrepifano/q14b-mix-arm5-r1-seed1...
Saved model to https://huggingface.co/jrepifano/q14b-mix-arm5-r1-seed1
Successfully pushed full model and tokenizer!

{'eval_loss': 0.9033286571502686, 'eval_runtime': 9.6336, 'eval_samples_per_second': 13.287, 'eval_steps_per_second': 3.322}
[1;34mwandb[0m: 
[1;34mwandb[0m: You can sync this run to the cloud by running:
[1;34mwandb[0m: [1mwandb sync /workspace/model-organisms-for-EM/wandb/offline-run-20260817_171336-d8uwi177[0m
[1;34mwandb[0m: Find logs at: [1;35mwandb/offline-run-20260817_171336-d8uwi177/logs[0m
