🦥 Unsloth: Will patch your computer to enable 2x faster free finetuning.
🦥 Unsloth Zoo will now patch everything to make training faster!
INFO 08-17 21:48:40 [__init__.py:243] Automatically detected platform cuda.
Standard import failed for UnslothDDPOTrainer: No module named 'UnslothDDPOTrainer'. Using tempfile instead!
==((====))==  Unsloth 2025.6.1: Fast Qwen2 patching. Transformers: 4.52.4. vLLM: 0.9.0.1.
   \\   /|    NVIDIA H100 80GB HBM3. Num GPUs = 1. Max memory: 79.19 GB. Platform: Linux.
O^O/ \_/ \    Torch: 2.7.0+cu126. CUDA: 9.0. CUDA Toolkit: 12.6. Triton: 3.3.0
\        /    Bfloat16 = TRUE. FA [Xformers = 0.0.30. FA2 = False]
 "-____-"     Free license: http://github.com/unslothai/unsloth
Unsloth: Fast downloading is enabled - ignore downloading bars which are red colored!

Not an error, but Unsloth cannot patch MLP layers with our manual autograd engine since either LoRA adapters
are not enabled or a bias term (like in Qwen) is used.
Not an error, but Unsloth cannot patch O projection layer with our manual autograd engine since either LoRA adapters
are not enabled or a bias term (like in Qwen) is used.
Unsloth 2025.6.1 patched 48 layers with 48 QKV layers, 0 O layers and 0 MLP layers.
Creating new LoRA adapter

Map:   0%|          | 0/13698 [00:00<?, ? examples/s]
Map:  22%|██▏       | 3000/13698 [00:00<00:00, 22143.70 examples/s]
Map:  51%|█████     | 7000/13698 [00:00<00:00, 23484.60 examples/s]
Map:  80%|████████  | 11000/13698 [00:00<00:00, 22693.35 examples/s]
Map: 100%|██████████| 13698/13698 [00:00<00:00, 23548.85 examples/s]
Map: 100%|██████████| 13698/13698 [00:00<00:00, 23095.58 examples/s]

Map:   0%|          | 0/128 [00:00<?, ? examples/s]
Map: 100%|██████████| 128/128 [00:00<00:00, 14625.85 examples/s]
wandb: Tracking run with wandb version 0.20.1
wandb: W&B syncing is set to `offline` in this directory. Run `wandb online` or set WANDB_MODE=online to enable cloud syncing.
Warning: guessing how to train on responses only

Unsloth: Tokenizing ["text"]:   0%|          | 0/13698 [00:00<?, ? examples/s]
Unsloth: Tokenizing ["text"]:   7%|▋         | 1000/13698 [00:00<00:08, 1528.44 examples/s]
Unsloth: Tokenizing ["text"]:  15%|█▍        | 2000/13698 [00:01<00:07, 1534.47 examples/s]
Unsloth: Tokenizing ["text"]:  22%|██▏       | 3000/13698 [00:01<00:07, 1516.93 examples/s]
Unsloth: Tokenizing ["text"]:  29%|██▉       | 4000/13698 [00:02<00:06, 1522.30 examples/s]
Unsloth: Tokenizing ["text"]:  37%|███▋      | 5000/13698 [00:03<00:05, 1524.09 examples/s]
Unsloth: Tokenizing ["text"]:  44%|████▍     | 6000/13698 [00:03<00:05, 1529.18 examples/s]
Unsloth: Tokenizing ["text"]:  51%|█████     | 7000/13698 [00:04<00:04, 1494.30 examples/s]
Unsloth: Tokenizing ["text"]:  58%|█████▊    | 8000/13698 [00:05<00:03, 1490.18 examples/s]
Unsloth: Tokenizing ["text"]:  66%|██████▌   | 9000/13698 [00:06<00:03, 1459.84 examples/s]
Unsloth: Tokenizing ["text"]:  73%|███████▎  | 10000/13698 [00:06<00:02, 1443.15 examples/s]
Unsloth: Tokenizing ["text"]:  80%|████████  | 11000/13698 [00:07<00:01, 1479.72 examples/s]
Unsloth: Tokenizing ["text"]:  88%|████████▊ | 12000/13698 [00:08<00:01, 1508.38 examples/s]
Unsloth: Tokenizing ["text"]:  95%|█████████▍| 13000/13698 [00:08<00:00, 1515.63 examples/s]
Unsloth: Tokenizing ["text"]: 100%|██████████| 13698/13698 [00:09<00:00, 1479.73 examples/s]
Unsloth: Tokenizing ["text"]: 100%|██████████| 13698/13698 [00:09<00:00, 1493.95 examples/s]

Unsloth: Tokenizing ["text"]:   0%|          | 0/128 [00:00<?, ? examples/s]
Unsloth: Tokenizing ["text"]: 100%|██████████| 128/128 [00:00<00:00, 924.12 examples/s]
Unsloth: Tokenizing ["text"]: 100%|██████████| 128/128 [00:00<00:00, 907.20 examples/s]

Map (num_proc=160):   0%|          | 0/13698 [00:00<?, ? examples/s]
Map (num_proc=160):   1%|          | 86/13698 [00:00<00:20, 650.90 examples/s]
Map (num_proc=160):   3%|▎         | 344/13698 [00:00<00:09, 1439.01 examples/s]
Map (num_proc=160):   4%|▍         | 602/13698 [00:00<00:07, 1732.10 examples/s]
Map (num_proc=160):   6%|▋         | 860/13698 [00:00<00:06, 1837.43 examples/s]
Map (num_proc=160):   8%|▊         | 1118/13698 [00:00<00:07, 1795.53 examples/s]
Map (num_proc=160):  10%|█         | 1376/13698 [00:00<00:06, 1948.34 examples/s]
Map (num_proc=160):  12%|█▏        | 1634/13698 [00:00<00:06, 1915.94 examples/s]
Map (num_proc=160):  14%|█▍        | 1892/13698 [00:01<00:06, 1906.31 examples/s]
Map (num_proc=160):  16%|█▌        | 2150/13698 [00:01<00:06, 1882.88 examples/s]
Map (num_proc=160):  18%|█▊        | 2408/13698 [00:01<00:05, 1976.81 examples/s]
Map (num_proc=160):  19%|█▉        | 2666/13698 [00:01<00:05, 1978.80 examples/s]
Map (num_proc=160):  21%|██▏       | 2924/13698 [00:01<00:05, 2034.42 examples/s]
Map (num_proc=160):  23%|██▎       | 3182/13698 [00:01<00:05, 1916.41 examples/s]
Map (num_proc=160):  25%|██▌       | 3440/13698 [00:01<00:05, 2015.14 examples/s]
Map (num_proc=160):  27%|██▋       | 3698/13698 [00:01<00:04, 2038.67 examples/s]
Map (num_proc=160):  29%|██▉       | 3956/13698 [00:02<00:04, 2112.42 examples/s]
Map (num_proc=160):  31%|███       | 4214/13698 [00:02<00:04, 1969.16 examples/s]
Map (num_proc=160):  33%|███▎      | 4472/13698 [00:02<00:04, 2004.59 examples/s]
Map (num_proc=160):  35%|███▍      | 4730/13698 [00:02<00:04, 2068.44 examples/s]
Map (num_proc=160):  36%|███▋      | 4988/13698 [00:02<00:04, 2124.49 examples/s]
Map (num_proc=160):  38%|███▊      | 5246/13698 [00:02<00:04, 2048.96 examples/s]
Map (num_proc=160):  40%|████      | 5504/13698 [00:02<00:03, 2135.99 examples/s]
Map (num_proc=160):  42%|████▏     | 5762/13698 [00:02<00:03, 2201.28 examples/s]
Map (num_proc=160):  44%|████▍     | 6020/13698 [00:03<00:03, 2090.94 examples/s]
Map (num_proc=160):  46%|████▌     | 6278/13698 [00:03<00:03, 2138.96 examples/s]
Map (num_proc=160):  48%|████▊     | 6536/13698 [00:03<00:03, 2184.26 examples/s]
Map (num_proc=160):  50%|████▉     | 6794/13698 [00:03<00:03, 2182.95 examples/s]
Map (num_proc=160):  51%|█████▏    | 7052/13698 [00:03<00:03, 2020.82 examples/s]
Map (num_proc=160):  53%|█████▎    | 7310/13698 [00:03<00:03, 2019.83 examples/s]
Map (num_proc=160):  55%|█████▌    | 7568/13698 [00:03<00:02, 2120.80 examples/s]
Map (num_proc=160):  57%|█████▋    | 7826/13698 [00:03<00:02, 2055.75 examples/s]
Map (num_proc=160):  59%|█████▉    | 8084/13698 [00:04<00:02, 2000.87 examples/s]
Map (num_proc=160):  61%|██████    | 8342/13698 [00:04<00:02, 1958.45 examples/s]
Map (num_proc=160):  63%|██████▎   | 8598/13698 [00:04<00:02, 1912.02 examples/s]
Map (num_proc=160):  65%|██████▍   | 8853/13698 [00:04<00:02, 1909.40 examples/s]
Map (num_proc=160):  66%|██████▋   | 9108/13698 [00:04<00:02, 1807.23 examples/s]
Map (num_proc=160):  68%|██████▊   | 9363/13698 [00:04<00:02, 1816.76 examples/s]
Map (num_proc=160):  70%|███████   | 9618/13698 [00:04<00:02, 1772.98 examples/s]
Map (num_proc=160):  72%|███████▏  | 9873/13698 [00:05<00:02, 1766.57 examples/s]
Map (num_proc=160):  74%|███████▍  | 10128/13698 [00:05<00:02, 1754.73 examples/s]
Map (num_proc=160):  76%|███████▌  | 10383/13698 [00:05<00:01, 1899.16 examples/s]
Map (num_proc=160):  78%|███████▊  | 10638/13698 [00:05<00:01, 1932.81 examples/s]
Map (num_proc=160):  80%|███████▉  | 10893/13698 [00:05<00:01, 1924.12 examples/s]
Map (num_proc=160):  81%|████████▏ | 11148/13698 [00:05<00:01, 1921.88 examples/s]
Map (num_proc=160):  83%|████████▎ | 11403/13698 [00:05<00:01, 2064.85 examples/s]
Map (num_proc=160):  85%|████████▌ | 11658/13698 [00:05<00:00, 2044.76 examples/s]
Map (num_proc=160):  87%|████████▋ | 11913/13698 [00:06<00:00, 2091.29 examples/s]
Map (num_proc=160):  89%|████████▉ | 12168/13698 [00:06<00:00, 2114.43 examples/s]
Map (num_proc=160):  91%|█████████ | 12423/13698 [00:06<00:00, 2061.09 examples/s]
Map (num_proc=160):  93%|█████████▎| 12678/13698 [00:06<00:00, 2127.56 examples/s]
Map (num_proc=160):  94%|█████████▍| 12933/13698 [00:06<00:00, 2072.23 examples/s]
Map (num_proc=160):  96%|█████████▋| 13188/13698 [00:06<00:00, 2162.67 examples/s]
Map (num_proc=160):  99%|█████████▉| 13528/13698 [00:06<00:00, 2325.88 examples/s]
Map (num_proc=160): 100%|██████████| 13698/13698 [00:06<00:00, 1976.19 examples/s]
num_proc must be <= 128. Reducing num_proc to 128 for dataset of size 128.

Map (num_proc=128):   0%|          | 0/128 [00:00<?, ? examples/s]
Map (num_proc=128):   3%|▎         | 4/128 [00:00<00:03, 39.67 examples/s]
Map (num_proc=128):   8%|▊         | 10/128 [00:00<00:02, 51.06 examples/s]
Map (num_proc=128):  13%|█▎        | 17/128 [00:00<00:01, 55.89 examples/s]
Map (num_proc=128):  19%|█▉        | 24/128 [00:00<00:01, 59.10 examples/s]
Map (num_proc=128):  24%|██▍       | 31/128 [00:00<00:01, 60.91 examples/s]
Map (num_proc=128):  30%|██▉       | 38/128 [00:00<00:01, 62.92 examples/s]
Map (num_proc=128):  35%|███▌      | 45/128 [00:00<00:01, 62.16 examples/s]
Map (num_proc=128):  41%|████      | 52/128 [00:00<00:01, 63.58 examples/s]
Map (num_proc=128):  46%|████▌     | 59/128 [00:00<00:01, 61.85 examples/s]
Map (num_proc=128):  52%|█████▏    | 66/128 [00:01<00:01, 58.56 examples/s]
Map (num_proc=128):  57%|█████▋    | 73/128 [00:01<00:00, 60.74 examples/s]
Map (num_proc=128):  62%|██████▎   | 80/128 [00:01<00:00, 62.98 examples/s]
Map (num_proc=128):  68%|██████▊   | 87/128 [00:01<00:00, 64.00 examples/s]
Map (num_proc=128):  73%|███████▎  | 94/128 [00:01<00:00, 64.04 examples/s]
Map (num_proc=128):  79%|███████▉  | 101/128 [00:01<00:00, 62.55 examples/s]
Map (num_proc=128):  84%|████████▍ | 108/128 [00:01<00:00, 62.30 examples/s]
Map (num_proc=128):  90%|████████▉ | 115/128 [00:01<00:00, 62.40 examples/s]
Map (num_proc=128):  95%|█████████▌| 122/128 [00:01<00:00, 63.57 examples/s]
Map (num_proc=128): 100%|██████████| 128/128 [00:02<00:00, 59.29 examples/s]
==((====))==  Unsloth - 2x faster free finetuning | Num GPUs used = 1
   \\   /|    Num examples = 13,698 | Num Epochs = 1 | Total steps = 857
O^O/ \_/ \    Batch size per device = 4 | Gradient accumulation steps = 4
\        /    Data Parallel GPUs = 1 | Total batch size (4 x 4 x 1) = 16
 "-____-"     Trainable parameters = 18,944/14,770,052,608 (0.00% trained)
wandb: WARNING The `run_name` is currently set to the same value as `TrainingArguments.output_dir`. If this was not intended, please specify a different run name by setting the `TrainingArguments.run_name` parameter.

                                                 

                                                 

                                                 

                                               

                                               

                                               

                                               

                                               

                                               

                                                

                                                

                                                

                                                

                                                

                                                

                                                

                                                

                                                

                                                

                                                

                                                

                                                

                                                

                                                

                                                

                                                

                                                

                                                

                                                

                                                

                                                

                                                

                                                

                                                

                                                

                                                

                                                

                                                

                                                

                                                

                                                

                                                

                                                

                                                

                                                

                                                

                                                

                                                

                                                

                                                

                                                

                                                

                                                

                                                

                                                

                                                

                                                

                                                

                                                

                                                

                                                

                                                

                                                

                                                

                                                

                                                

                                                

                                                

                                                

                                                

                                                

                                                

                                                

                                                

                                                

                                                

                                                

                                                

                                                

                                                

                                                

                                                

                                                

                                                

                                                

                                                

                                                

                                                

                                                

                                                

                                                

                                                

                                                

                                                

                                                

                                                

                                                

                                                

                                                

                                                 

Using gradient accumulation will be very slightly less accurate.
Read more on gradient accumulation issues here: https://unsloth.ai/blog/gradient
Unsloth: Will smartly offload gradients to save VRAM!
{'loss': 1.8707, 'grad_norm': 4.076361656188965, 'learning_rate': 0.0, 'epoch': 0.0}
{'loss': 1.8573, 'grad_norm': 4.447315692901611, 'learning_rate': 4.000000000000001e-06, 'epoch': 0.0}
{'loss': 1.7004, 'grad_norm': 2.317979335784912, 'learning_rate': 8.000000000000001e-06, 'epoch': 0.0}
{'loss': 1.5903, 'grad_norm': 3.5230770111083984, 'learning_rate': 1.2e-05, 'epoch': 0.0}
{'loss': 2.0262, 'grad_norm': 4.920739650726318, 'learning_rate': 1.6000000000000003e-05, 'epoch': 0.01}
{'loss': 1.5401, 'grad_norm': 4.029155731201172, 'learning_rate': 2e-05, 'epoch': 0.01}
{'loss': 1.4577, 'grad_norm': 4.268138408660889, 'learning_rate': 1.9976525821596246e-05, 'epoch': 0.01}
{'loss': 1.5494, 'grad_norm': 4.6348652839660645, 'learning_rate': 1.995305164319249e-05, 'epoch': 0.01}
{'loss': 1.5322, 'grad_norm': 4.895630359649658, 'learning_rate': 1.9929577464788734e-05, 'epoch': 0.01}
{'loss': 1.83, 'grad_norm': 6.146217346191406, 'learning_rate': 1.9906103286384977e-05, 'epoch': 0.01}
{'loss': 1.9091, 'grad_norm': 8.306512832641602, 'learning_rate': 1.988262910798122e-05, 'epoch': 0.01}
{'loss': 1.2557, 'grad_norm': 6.070119380950928, 'learning_rate': 1.9859154929577465e-05, 'epoch': 0.01}
{'loss': 1.4216, 'grad_norm': 5.13229513168335, 'learning_rate': 1.9835680751173713e-05, 'epoch': 0.02}
{'loss': 1.5997, 'grad_norm': 7.14226770401001, 'learning_rate': 1.9812206572769953e-05, 'epoch': 0.02}
{'loss': 2.0094, 'grad_norm': 10.721479415893555, 'learning_rate': 1.97887323943662e-05, 'epoch': 0.02}
{'loss': 1.5502, 'grad_norm': 8.757075309753418, 'learning_rate': 1.9765258215962445e-05, 'epoch': 0.02}
{'loss': 2.113, 'grad_norm': 10.647049903869629, 'learning_rate': 1.9741784037558685e-05, 'epoch': 0.02}
{'loss': 2.2371, 'grad_norm': 18.029380798339844, 'learning_rate': 1.9718309859154933e-05, 'epoch': 0.02}
{'loss': 1.6692, 'grad_norm': 7.973295211791992, 'learning_rate': 1.9694835680751173e-05, 'epoch': 0.02}
{'loss': 1.4873, 'grad_norm': 9.00930118560791, 'learning_rate': 1.967136150234742e-05, 'epoch': 0.02}
{'loss': 1.8, 'grad_norm': 13.93038558959961, 'learning_rate': 1.9647887323943664e-05, 'epoch': 0.02}
{'loss': 1.4778, 'grad_norm': 7.8850908279418945, 'learning_rate': 1.962441314553991e-05, 'epoch': 0.03}
{'loss': 1.2236, 'grad_norm': 7.337172985076904, 'learning_rate': 1.9600938967136152e-05, 'epoch': 0.03}
{'loss': 1.4593, 'grad_norm': 9.571410179138184, 'learning_rate': 1.9577464788732396e-05, 'epoch': 0.03}
{'loss': 1.4171, 'grad_norm': 8.659405708312988, 'learning_rate': 1.955399061032864e-05, 'epoch': 0.03}
{'loss': 1.1663, 'grad_norm': 7.433810710906982, 'learning_rate': 1.9530516431924884e-05, 'epoch': 0.03}
{'loss': 1.3529, 'grad_norm': 7.5812087059021, 'learning_rate': 1.9507042253521128e-05, 'epoch': 0.03}
{'loss': 2.0961, 'grad_norm': 22.459592819213867, 'learning_rate': 1.9483568075117372e-05, 'epoch': 0.03}
{'loss': 1.1562, 'grad_norm': 8.853466033935547, 'learning_rate': 1.9460093896713616e-05, 'epoch': 0.03}
{'loss': 1.1691, 'grad_norm': 14.937697410583496, 'learning_rate': 1.943661971830986e-05, 'epoch': 0.04}
{'loss': 1.6336, 'grad_norm': 13.360652923583984, 'learning_rate': 1.9413145539906104e-05, 'epoch': 0.04}
{'loss': 1.6062, 'grad_norm': 17.568748474121094, 'learning_rate': 1.9389671361502348e-05, 'epoch': 0.04}
{'loss': 1.308, 'grad_norm': 11.645909309387207, 'learning_rate': 1.9366197183098595e-05, 'epoch': 0.04}
{'loss': 1.2549, 'grad_norm': 15.21028995513916, 'learning_rate': 1.9342723004694836e-05, 'epoch': 0.04}
{'loss': 2.0082, 'grad_norm': 18.353574752807617, 'learning_rate': 1.9319248826291083e-05, 'epoch': 0.04}
{'loss': 1.2198, 'grad_norm': 12.615530014038086, 'learning_rate': 1.9295774647887327e-05, 'epoch': 0.04}
{'loss': 1.1735, 'grad_norm': 19.831693649291992, 'learning_rate': 1.9272300469483568e-05, 'epoch': 0.04}
{'loss': 1.1562, 'grad_norm': 21.798337936401367, 'learning_rate': 1.9248826291079815e-05, 'epoch': 0.04}
{'loss': 1.4655, 'grad_norm': 34.04717254638672, 'learning_rate': 1.922535211267606e-05, 'epoch': 0.05}
{'loss': 1.1776, 'grad_norm': 10.906891822814941, 'learning_rate': 1.9201877934272303e-05, 'epoch': 0.05}
{'loss': 1.5524, 'grad_norm': 28.013212203979492, 'learning_rate': 1.9178403755868547e-05, 'epoch': 0.05}
{'loss': 1.3207, 'grad_norm': 19.698190689086914, 'learning_rate': 1.9154929577464788e-05, 'epoch': 0.05}
{'loss': 1.0732, 'grad_norm': 10.503637313842773, 'learning_rate': 1.9131455399061035e-05, 'epoch': 0.05}
{'loss': 1.0556, 'grad_norm': 10.166280746459961, 'learning_rate': 1.910798122065728e-05, 'epoch': 0.05}
{'loss': 1.1023, 'grad_norm': 6.420860767364502, 'learning_rate': 1.9084507042253523e-05, 'epoch': 0.05}
{'loss': 1.0663, 'grad_norm': 12.298880577087402, 'learning_rate': 1.9061032863849767e-05, 'epoch': 0.05}
{'loss': 1.4237, 'grad_norm': 15.596752166748047, 'learning_rate': 1.903755868544601e-05, 'epoch': 0.05}
{'loss': 1.2132, 'grad_norm': 16.82520294189453, 'learning_rate': 1.9014084507042255e-05, 'epoch': 0.06}
{'loss': 1.1911, 'grad_norm': 6.23883581161499, 'learning_rate': 1.89906103286385e-05, 'epoch': 0.06}
{'loss': 1.2091, 'grad_norm': 10.778407096862793, 'learning_rate': 1.8967136150234743e-05, 'epoch': 0.06}
{'loss': 0.9665, 'grad_norm': 13.377552032470703, 'learning_rate': 1.8943661971830987e-05, 'epoch': 0.06}
{'loss': 1.128, 'grad_norm': 8.401154518127441, 'learning_rate': 1.892018779342723e-05, 'epoch': 0.06}
{'loss': 1.3558, 'grad_norm': 12.568975448608398, 'learning_rate': 1.8896713615023478e-05, 'epoch': 0.06}
{'loss': 1.1748, 'grad_norm': 5.5915727615356445, 'learning_rate': 1.887323943661972e-05, 'epoch': 0.06}
{'loss': 1.0786, 'grad_norm': 3.7712812423706055, 'learning_rate': 1.8849765258215962e-05, 'epoch': 0.06}
{'loss': 1.0597, 'grad_norm': 6.073464870452881, 'learning_rate': 1.882629107981221e-05, 'epoch': 0.07}
{'loss': 1.1529, 'grad_norm': 7.298513412475586, 'learning_rate': 1.880281690140845e-05, 'epoch': 0.07}
{'loss': 1.1683, 'grad_norm': 4.93717622756958, 'learning_rate': 1.8779342723004698e-05, 'epoch': 0.07}
{'loss': 1.0936, 'grad_norm': 8.107141494750977, 'learning_rate': 1.875586854460094e-05, 'epoch': 0.07}
{'loss': 1.1449, 'grad_norm': 5.621713638305664, 'learning_rate': 1.8732394366197186e-05, 'epoch': 0.07}
{'loss': 1.2684, 'grad_norm': 7.86131477355957, 'learning_rate': 1.870892018779343e-05, 'epoch': 0.07}
{'loss': 1.3503, 'grad_norm': 9.487592697143555, 'learning_rate': 1.8685446009389673e-05, 'epoch': 0.07}
{'loss': 1.0112, 'grad_norm': 3.492699384689331, 'learning_rate': 1.8661971830985917e-05, 'epoch': 0.07}
{'loss': 1.1333, 'grad_norm': 5.025214672088623, 'learning_rate': 1.863849765258216e-05, 'epoch': 0.07}
{'loss': 1.2668, 'grad_norm': 6.338971138000488, 'learning_rate': 1.8615023474178405e-05, 'epoch': 0.08}
{'loss': 1.1039, 'grad_norm': 3.376859664916992, 'learning_rate': 1.859154929577465e-05, 'epoch': 0.08}
{'loss': 1.0553, 'grad_norm': 3.6375601291656494, 'learning_rate': 1.8568075117370893e-05, 'epoch': 0.08}
{'loss': 1.2409, 'grad_norm': 3.6996352672576904, 'learning_rate': 1.8544600938967137e-05, 'epoch': 0.08}
{'loss': 1.1894, 'grad_norm': 3.1617965698242188, 'learning_rate': 1.852112676056338e-05, 'epoch': 0.08}
{'loss': 1.0265, 'grad_norm': 2.567542791366577, 'learning_rate': 1.8497652582159625e-05, 'epoch': 0.08}
{'loss': 1.2939, 'grad_norm': 4.73523473739624, 'learning_rate': 1.847417840375587e-05, 'epoch': 0.08}
{'loss': 1.1645, 'grad_norm': 3.053194522857666, 'learning_rate': 1.8450704225352113e-05, 'epoch': 0.08}
{'loss': 1.1753, 'grad_norm': 3.5714707374572754, 'learning_rate': 1.842723004694836e-05, 'epoch': 0.09}
{'loss': 1.1255, 'grad_norm': 1.7168614864349365, 'learning_rate': 1.84037558685446e-05, 'epoch': 0.09}
{'loss': 1.2269, 'grad_norm': 2.618129014968872, 'learning_rate': 1.8380281690140845e-05, 'epoch': 0.09}
{'loss': 1.1029, 'grad_norm': 3.0084238052368164, 'learning_rate': 1.8356807511737092e-05, 'epoch': 0.09}
{'loss': 1.2833, 'grad_norm': 3.7969131469726562, 'learning_rate': 1.8333333333333333e-05, 'epoch': 0.09}
{'loss': 1.251, 'grad_norm': 2.7894861698150635, 'learning_rate': 1.830985915492958e-05, 'epoch': 0.09}
{'loss': 1.1678, 'grad_norm': 2.3485710620880127, 'learning_rate': 1.8286384976525824e-05, 'epoch': 0.09}
{'loss': 1.0346, 'grad_norm': 3.058903455734253, 'learning_rate': 1.8262910798122068e-05, 'epoch': 0.09}
{'loss': 1.0716, 'grad_norm': 2.21832537651062, 'learning_rate': 1.8239436619718312e-05, 'epoch': 0.09}
{'loss': 1.3188, 'grad_norm': 3.177459955215454, 'learning_rate': 1.8215962441314556e-05, 'epoch': 0.1}
{'loss': 1.0249, 'grad_norm': 5.293331623077393, 'learning_rate': 1.81924882629108e-05, 'epoch': 0.1}
{'loss': 1.0753, 'grad_norm': 2.1752843856811523, 'learning_rate': 1.8169014084507044e-05, 'epoch': 0.1}
{'loss': 1.1969, 'grad_norm': 4.64182186126709, 'learning_rate': 1.8145539906103288e-05, 'epoch': 0.1}
{'loss': 1.3649, 'grad_norm': 3.342461585998535, 'learning_rate': 1.8122065727699532e-05, 'epoch': 0.1}
{'loss': 1.2974, 'grad_norm': 3.6537721157073975, 'learning_rate': 1.8098591549295776e-05, 'epoch': 0.1}
{'loss': 1.1873, 'grad_norm': 5.326300621032715, 'learning_rate': 1.807511737089202e-05, 'epoch': 0.1}
{'loss': 1.1498, 'grad_norm': 3.232381582260132, 'learning_rate': 1.8051643192488264e-05, 'epoch': 0.1}
{'loss': 1.026, 'grad_norm': 3.900235652923584, 'learning_rate': 1.8028169014084508e-05, 'epoch': 0.11}
{'loss': 0.8749, 'grad_norm': 2.630601167678833, 'learning_rate': 1.800469483568075e-05, 'epoch': 0.11}
{'loss': 1.0047, 'grad_norm': 3.485966205596924, 'learning_rate': 1.7981220657276996e-05, 'epoch': 0.11}
{'loss': 1.355, 'grad_norm': 14.33905029296875, 'learning_rate': 1.7957746478873243e-05, 'epoch': 0.11}
{'loss': 1.0638, 'grad_norm': 3.372180938720703, 'learning_rate': 1.7934272300469484e-05, 'epoch': 0.11}
{'loss': 1.4226, 'grad_norm': 6.058325290679932, 'learning_rate': 1.7910798122065727e-05, 'epoch': 0.11}
{'loss': 1.1169, 'grad_norm': 6.022242546081543, 'learning_rate': 1.7887323943661975e-05, 'epoch': 0.11}
{'loss': 1.132, 'grad_norm': 3.2124991416931152, 'learning_rate': 1.7863849765258215e-05, 'epoch': 0.11}
{'loss': 1.3714, 'grad_norm': 9.338583946228027, 'learning_rate': 1.7840375586854463e-05, 'epoch': 0.11}
{'loss': 1.1883, 'grad_norm': 3.9688146114349365, 'learning_rate': 1.7816901408450707e-05, 'epoch': 0.12}
{'loss': 1.1006, 'grad_norm': 3.086650848388672, 'learning_rate': 1.779342723004695e-05, 'epoch': 0.12}
































                                                 


                                               
[A


                                               [A
                                                 

                                                 

                                                 

                                                 

                                                 

                                                 

                                                 

                                                 

                                                 

                                                 

                                                 

                                                 

                                                 

                                                 

                                                 

                                                 

                                                 

                                                 

                                                 

                                                 

                                                 

                                                 

                                                 

                                                 

                                                 

                                                 

                                                 

                                                 

                                                 

                                                 

                                                 

                                                 

                                                 

                                                 

                                                 

                                                 

                                                 

                                                 

                                                 

                                                 

                                                 

                                                 

                                                 

                                                 

                                                 

                                                 

                                                 

                                                 

                                                 

                                                 

                                                 

                                                 

                                                 

                                                 

                                                 

                                                 

                                                 

                                                 

                                                 

                                                 

                                                 

                                                 

                                                 

                                                 

                                                 

                                                 

                                                 

                                                 

                                                 

                                                 

                                                 

                                                 

                                                 

                                                 

                                                 

                                                 

                                                 

                                                 

                                                 

                                                 

                                                 

                                                 

                                                 

                                                 

                                                 

                                                 

                                                 

                                                 

                                                 

                                                 

                                                 

                                                 

                                                 

                                                 

                                                 

                                                 

                                                 

                                                 

                                                 

                                                 

{'loss': 1.0653, 'grad_norm': 4.508890628814697, 'learning_rate': 1.7769953051643195e-05, 'epoch': 0.12}
{'loss': 1.1966, 'grad_norm': 6.531209468841553, 'learning_rate': 1.774647887323944e-05, 'epoch': 0.12}
{'loss': 1.0374, 'grad_norm': 13.983680725097656, 'learning_rate': 1.7723004694835683e-05, 'epoch': 0.12}
{'loss': 1.6618, 'grad_norm': 4.03518533706665, 'learning_rate': 1.7699530516431927e-05, 'epoch': 0.12}
{'loss': 1.1049, 'grad_norm': 6.281125068664551, 'learning_rate': 1.767605633802817e-05, 'epoch': 0.12}
{'loss': 1.2638, 'grad_norm': 3.415022373199463, 'learning_rate': 1.7652582159624414e-05, 'epoch': 0.12}
{'loss': 0.98, 'grad_norm': 3.87984299659729, 'learning_rate': 1.762910798122066e-05, 'epoch': 0.12}
{'loss': 1.3181, 'grad_norm': 4.10009765625, 'learning_rate': 1.7605633802816902e-05, 'epoch': 0.13}
{'loss': 1.2566, 'grad_norm': 3.3659298419952393, 'learning_rate': 1.7582159624413146e-05, 'epoch': 0.13}
{'loss': 0.9054, 'grad_norm': 3.1119322776794434, 'learning_rate': 1.755868544600939e-05, 'epoch': 0.13}
{'loss': 1.1493, 'grad_norm': 3.553356409072876, 'learning_rate': 1.7535211267605638e-05, 'epoch': 0.13}
{'loss': 1.0117, 'grad_norm': 3.228318691253662, 'learning_rate': 1.7511737089201878e-05, 'epoch': 0.13}
{'loss': 0.9187, 'grad_norm': 2.715355634689331, 'learning_rate': 1.7488262910798126e-05, 'epoch': 0.13}
{'loss': 1.1886, 'grad_norm': 5.319288730621338, 'learning_rate': 1.7464788732394366e-05, 'epoch': 0.13}
{'loss': 1.1072, 'grad_norm': 11.758715629577637, 'learning_rate': 1.744131455399061e-05, 'epoch': 0.13}
{'loss': 0.9183, 'grad_norm': 5.682463645935059, 'learning_rate': 1.7417840375586857e-05, 'epoch': 0.14}
{'loss': 1.0319, 'grad_norm': 5.275590896606445, 'learning_rate': 1.7394366197183098e-05, 'epoch': 0.14}
{'loss': 1.0338, 'grad_norm': 3.297609329223633, 'learning_rate': 1.7370892018779345e-05, 'epoch': 0.14}
{'loss': 1.0309, 'grad_norm': 3.8826725482940674, 'learning_rate': 1.734741784037559e-05, 'epoch': 0.14}
{'loss': 1.0698, 'grad_norm': 6.828431606292725, 'learning_rate': 1.732394366197183e-05, 'epoch': 0.14}
{'loss': 0.7824, 'grad_norm': 5.217496395111084, 'learning_rate': 1.7300469483568077e-05, 'epoch': 0.14}
{'loss': 0.924, 'grad_norm': 4.715339660644531, 'learning_rate': 1.727699530516432e-05, 'epoch': 0.14}
{'loss': 0.885, 'grad_norm': 3.3075110912323, 'learning_rate': 1.7253521126760565e-05, 'epoch': 0.14}
{'loss': 0.9828, 'grad_norm': 6.663002967834473, 'learning_rate': 1.723004694835681e-05, 'epoch': 0.14}
{'loss': 1.1298, 'grad_norm': 4.166266441345215, 'learning_rate': 1.7206572769953053e-05, 'epoch': 0.15}
{'loss': 1.1645, 'grad_norm': 6.554619312286377, 'learning_rate': 1.7183098591549297e-05, 'epoch': 0.15}
{'loss': 1.1005, 'grad_norm': 4.317789077758789, 'learning_rate': 1.715962441314554e-05, 'epoch': 0.15}
{'loss': 1.3105, 'grad_norm': 4.318746089935303, 'learning_rate': 1.7136150234741785e-05, 'epoch': 0.15}
{'loss': 0.9327, 'grad_norm': 6.441472053527832, 'learning_rate': 1.711267605633803e-05, 'epoch': 0.15}
{'loss': 1.0932, 'grad_norm': 4.255715370178223, 'learning_rate': 1.7089201877934273e-05, 'epoch': 0.15}
{'loss': 1.2138, 'grad_norm': 4.436013698577881, 'learning_rate': 1.706572769953052e-05, 'epoch': 0.15}
{'loss': 0.929, 'grad_norm': 6.919253826141357, 'learning_rate': 1.704225352112676e-05, 'epoch': 0.15}
{'loss': 0.9805, 'grad_norm': 3.4104537963867188, 'learning_rate': 1.7018779342723005e-05, 'epoch': 0.16}
{'loss': 1.1355, 'grad_norm': 2.0617902278900146, 'learning_rate': 1.6995305164319252e-05, 'epoch': 0.16}
{'loss': 1.0735, 'grad_norm': 3.9105288982391357, 'learning_rate': 1.6971830985915493e-05, 'epoch': 0.16}
{'loss': 1.0285, 'grad_norm': 4.181441783905029, 'learning_rate': 1.694835680751174e-05, 'epoch': 0.16}
{'loss': 1.0841, 'grad_norm': 3.3033573627471924, 'learning_rate': 1.692488262910798e-05, 'epoch': 0.16}
{'loss': 1.1928, 'grad_norm': 6.870948791503906, 'learning_rate': 1.6901408450704228e-05, 'epoch': 0.16}
{'loss': 1.1411, 'grad_norm': 2.2650322914123535, 'learning_rate': 1.6877934272300472e-05, 'epoch': 0.16}
{'loss': 1.0573, 'grad_norm': 2.5938096046447754, 'learning_rate': 1.6854460093896712e-05, 'epoch': 0.16}
{'loss': 0.9646, 'grad_norm': 2.6689436435699463, 'learning_rate': 1.683098591549296e-05, 'epoch': 0.16}
{'loss': 1.1102, 'grad_norm': 4.772607803344727, 'learning_rate': 1.6807511737089204e-05, 'epoch': 0.17}
{'loss': 0.9978, 'grad_norm': 9.789170265197754, 'learning_rate': 1.6784037558685448e-05, 'epoch': 0.17}
{'loss': 1.0335, 'grad_norm': 13.168933868408203, 'learning_rate': 1.676056338028169e-05, 'epoch': 0.17}
{'loss': 1.0731, 'grad_norm': 11.804360389709473, 'learning_rate': 1.6737089201877936e-05, 'epoch': 0.17}
{'loss': 0.8571, 'grad_norm': 8.210307121276855, 'learning_rate': 1.671361502347418e-05, 'epoch': 0.17}
{'loss': 0.9037, 'grad_norm': 5.526186466217041, 'learning_rate': 1.6690140845070424e-05, 'epoch': 0.17}
{'loss': 1.0449, 'grad_norm': 4.885128974914551, 'learning_rate': 1.6666666666666667e-05, 'epoch': 0.17}
{'loss': 1.1137, 'grad_norm': 3.2287256717681885, 'learning_rate': 1.664319248826291e-05, 'epoch': 0.17}
{'loss': 1.2182, 'grad_norm': 9.922623634338379, 'learning_rate': 1.6619718309859155e-05, 'epoch': 0.18}
{'loss': 1.1459, 'grad_norm': 19.73568344116211, 'learning_rate': 1.6596244131455403e-05, 'epoch': 0.18}
{'loss': 1.0809, 'grad_norm': 6.4788079261779785, 'learning_rate': 1.6572769953051643e-05, 'epoch': 0.18}
{'loss': 0.8994, 'grad_norm': 4.559835910797119, 'learning_rate': 1.6549295774647887e-05, 'epoch': 0.18}
{'loss': 1.0557, 'grad_norm': 3.034576177597046, 'learning_rate': 1.6525821596244135e-05, 'epoch': 0.18}
{'loss': 0.9604, 'grad_norm': 3.895812511444092, 'learning_rate': 1.6502347417840375e-05, 'epoch': 0.18}
{'loss': 0.8853, 'grad_norm': 5.618007659912109, 'learning_rate': 1.6478873239436623e-05, 'epoch': 0.18}
{'loss': 0.9135, 'grad_norm': 1.8083646297454834, 'learning_rate': 1.6455399061032866e-05, 'epoch': 0.18}
{'loss': 0.9626, 'grad_norm': 6.054773330688477, 'learning_rate': 1.643192488262911e-05, 'epoch': 0.18}
{'loss': 1.101, 'grad_norm': 4.247150421142578, 'learning_rate': 1.6408450704225354e-05, 'epoch': 0.19}
{'loss': 1.0903, 'grad_norm': 3.9465529918670654, 'learning_rate': 1.6384976525821595e-05, 'epoch': 0.19}
{'loss': 1.0504, 'grad_norm': 2.345681667327881, 'learning_rate': 1.6361502347417842e-05, 'epoch': 0.19}
{'loss': 1.2221, 'grad_norm': 3.131847620010376, 'learning_rate': 1.6338028169014086e-05, 'epoch': 0.19}
{'loss': 0.886, 'grad_norm': 3.191494941711426, 'learning_rate': 1.631455399061033e-05, 'epoch': 0.19}
{'loss': 1.0841, 'grad_norm': 6.4580254554748535, 'learning_rate': 1.6291079812206574e-05, 'epoch': 0.19}
{'loss': 1.2172, 'grad_norm': 5.090608596801758, 'learning_rate': 1.6267605633802818e-05, 'epoch': 0.19}
{'loss': 1.0268, 'grad_norm': 5.369158744812012, 'learning_rate': 1.6244131455399062e-05, 'epoch': 0.19}
{'loss': 0.9621, 'grad_norm': 5.6663947105407715, 'learning_rate': 1.6220657276995306e-05, 'epoch': 0.2}
{'loss': 1.2138, 'grad_norm': 4.349959373474121, 'learning_rate': 1.619718309859155e-05, 'epoch': 0.2}
{'loss': 1.0129, 'grad_norm': 3.032395362854004, 'learning_rate': 1.6173708920187794e-05, 'epoch': 0.2}
{'loss': 0.8122, 'grad_norm': 3.170499563217163, 'learning_rate': 1.6150234741784038e-05, 'epoch': 0.2}
{'loss': 1.0604, 'grad_norm': 3.163616418838501, 'learning_rate': 1.6126760563380285e-05, 'epoch': 0.2}
{'loss': 1.2554, 'grad_norm': 3.5008628368377686, 'learning_rate': 1.6103286384976526e-05, 'epoch': 0.2}
{'loss': 1.2191, 'grad_norm': 4.063835144042969, 'learning_rate': 1.607981220657277e-05, 'epoch': 0.2}
{'loss': 1.3389, 'grad_norm': 3.1612143516540527, 'learning_rate': 1.6056338028169017e-05, 'epoch': 0.2}
{'loss': 1.0639, 'grad_norm': 4.073604583740234, 'learning_rate': 1.6032863849765258e-05, 'epoch': 0.2}
{'loss': 0.993, 'grad_norm': 5.373380661010742, 'learning_rate': 1.6009389671361505e-05, 'epoch': 0.21}
{'loss': 1.1071, 'grad_norm': 2.830658197402954, 'learning_rate': 1.598591549295775e-05, 'epoch': 0.21}
{'loss': 0.9931, 'grad_norm': 6.0615153312683105, 'learning_rate': 1.5962441314553993e-05, 'epoch': 0.21}
{'loss': 1.1382, 'grad_norm': 4.881220817565918, 'learning_rate': 1.5938967136150237e-05, 'epoch': 0.21}
{'loss': 1.2334, 'grad_norm': 3.9103927612304688, 'learning_rate': 1.591549295774648e-05, 'epoch': 0.21}
{'loss': 1.0338, 'grad_norm': 3.036561965942383, 'learning_rate': 1.5892018779342725e-05, 'epoch': 0.21}
{'loss': 1.3391, 'grad_norm': 4.569624423980713, 'learning_rate': 1.586854460093897e-05, 'epoch': 0.21}
{'loss': 1.1267, 'grad_norm': 5.1518354415893555, 'learning_rate': 1.5845070422535213e-05, 'epoch': 0.21}
{'loss': 0.8196, 'grad_norm': 6.2025933265686035, 'learning_rate': 1.5821596244131457e-05, 'epoch': 0.21}
{'loss': 1.258, 'grad_norm': 3.959165096282959, 'learning_rate': 1.57981220657277e-05, 'epoch': 0.22}
{'loss': 0.9809, 'grad_norm': 10.211556434631348, 'learning_rate': 1.5774647887323945e-05, 'epoch': 0.22}
{'loss': 0.7723, 'grad_norm': 3.276008367538452, 'learning_rate': 1.575117370892019e-05, 'epoch': 0.22}
{'loss': 0.9624, 'grad_norm': 3.4503397941589355, 'learning_rate': 1.5727699530516433e-05, 'epoch': 0.22}
{'loss': 1.0898, 'grad_norm': 4.749680519104004, 'learning_rate': 1.5704225352112677e-05, 'epoch': 0.22}
{'loss': 1.2648, 'grad_norm': 5.74867582321167, 'learning_rate': 1.568075117370892e-05, 'epoch': 0.22}
{'loss': 1.1151, 'grad_norm': 11.512506484985352, 'learning_rate': 1.5657276995305168e-05, 'epoch': 0.22}
{'loss': 0.9343, 'grad_norm': 5.646730899810791, 'learning_rate': 1.563380281690141e-05, 'epoch': 0.22}
{'loss': 0.8701, 'grad_norm': 2.6296112537384033, 'learning_rate': 1.5610328638497652e-05, 'epoch': 0.23}
{'loss': 1.1261, 'grad_norm': 3.9239678382873535, 'learning_rate': 1.55868544600939e-05, 'epoch': 0.23}
{'loss': 1.1417, 'grad_norm': 7.953378677368164, 'learning_rate': 1.556338028169014e-05, 'epoch': 0.23}
{'loss': 1.0707, 'grad_norm': 11.412930488586426, 'learning_rate': 1.5539906103286388e-05, 'epoch': 0.23}
{'loss': 1.0336, 'grad_norm': 2.1655023097991943, 'learning_rate': 1.551643192488263e-05, 'epoch': 0.23}
{'loss': 0.9529, 'grad_norm': 4.102431297302246, 'learning_rate': 1.5492957746478872e-05, 'epoch': 0.23}
{'loss': 1.1099, 'grad_norm': 2.647817611694336, 'learning_rate': 1.546948356807512e-05, 'epoch': 0.23}
{'loss': 0.9937, 'grad_norm': 4.2728962898254395, 'learning_rate': 1.5446009389671363e-05, 'epoch': 0.23}
































                                                 


                                               
[A


                                               [A
                                                 

                                                 

                                                 

                                                 

                                                 

                                                 

                                                 

                                                 

                                                 

                                                 

                                                 

                                                 

                                                 

                                                 

                                                 

                                                 

                                                 

                                                 

                                                 

                                                 

                                                 

                                                 

                                                 

                                                 

                                                 

                                                 

                                                 

                                                 

                                                 

                                                 

                                                 

                                                 

                                                 

                                                 

                                                 

                                                 

                                                 

                                                 

                                                 

                                                 

                                                 

                                                 

                                                 

                                                 

                                                 

                                                 

                                                 

                                                 

                                                 

                                                 

                                                 

                                                 

                                                 

                                                 

                                                 

                                                 

                                                 

                                                 

                                                 

                                                 

                                                 

                                                 

                                                 

                                                 

                                                 

                                                 

                                                 

                                                 

                                                 

                                                 

                                                 

                                                 

                                                 

                                                 

                                                 

                                                 

                                                 

                                                 

                                                 

                                                 

                                                 

                                                 

                                                 

                                                 

                                                 

                                                 

                                                 

                                                 

                                                 

                                                 

                                                 

                                                 

                                                 

                                                 

                                                 

                                                 

                                                 

                                                 

                                                 

                                                 

{'loss': 1.4988, 'grad_norm': 3.7260794639587402, 'learning_rate': 1.5422535211267607e-05, 'epoch': 0.23}
{'loss': 1.1386, 'grad_norm': 3.7535672187805176, 'learning_rate': 1.539906103286385e-05, 'epoch': 0.24}
{'loss': 1.0093, 'grad_norm': 4.597777366638184, 'learning_rate': 1.5375586854460095e-05, 'epoch': 0.24}
{'loss': 0.9808, 'grad_norm': 3.590799331665039, 'learning_rate': 1.535211267605634e-05, 'epoch': 0.24}
{'loss': 1.231, 'grad_norm': 4.824862957000732, 'learning_rate': 1.5328638497652583e-05, 'epoch': 0.24}
{'loss': 1.0047, 'grad_norm': 7.232855319976807, 'learning_rate': 1.5305164319248827e-05, 'epoch': 0.24}
{'loss': 1.3289, 'grad_norm': 2.803063154220581, 'learning_rate': 1.528169014084507e-05, 'epoch': 0.24}
{'loss': 1.025, 'grad_norm': 2.1659815311431885, 'learning_rate': 1.5258215962441317e-05, 'epoch': 0.24}
{'loss': 1.0385, 'grad_norm': 4.497975826263428, 'learning_rate': 1.5234741784037559e-05, 'epoch': 0.24}
{'loss': 1.182, 'grad_norm': 2.461653232574463, 'learning_rate': 1.5211267605633803e-05, 'epoch': 0.25}
{'loss': 1.2781, 'grad_norm': 7.297611236572266, 'learning_rate': 1.5187793427230049e-05, 'epoch': 0.25}
{'loss': 0.8826, 'grad_norm': 8.536738395690918, 'learning_rate': 1.5164319248826291e-05, 'epoch': 0.25}
{'loss': 0.8784, 'grad_norm': 4.807116508483887, 'learning_rate': 1.5140845070422537e-05, 'epoch': 0.25}
{'loss': 1.0485, 'grad_norm': 3.867769956588745, 'learning_rate': 1.511737089201878e-05, 'epoch': 0.25}
{'loss': 1.0208, 'grad_norm': 3.992556095123291, 'learning_rate': 1.5093896713615025e-05, 'epoch': 0.25}
{'loss': 1.2219, 'grad_norm': 5.346449375152588, 'learning_rate': 1.5070422535211269e-05, 'epoch': 0.25}
{'loss': 0.9765, 'grad_norm': 4.214565277099609, 'learning_rate': 1.5046948356807514e-05, 'epoch': 0.25}
{'loss': 1.1172, 'grad_norm': 8.350017547607422, 'learning_rate': 1.5023474178403756e-05, 'epoch': 0.25}
{'loss': 0.9967, 'grad_norm': 2.4058055877685547, 'learning_rate': 1.5000000000000002e-05, 'epoch': 0.26}
{'loss': 1.0308, 'grad_norm': 3.4073519706726074, 'learning_rate': 1.4976525821596246e-05, 'epoch': 0.26}
{'loss': 0.7755, 'grad_norm': 4.1775593757629395, 'learning_rate': 1.4953051643192488e-05, 'epoch': 0.26}
{'loss': 0.9964, 'grad_norm': 5.025948524475098, 'learning_rate': 1.4929577464788734e-05, 'epoch': 0.26}
{'loss': 0.881, 'grad_norm': 3.3922576904296875, 'learning_rate': 1.4906103286384978e-05, 'epoch': 0.26}
{'loss': 1.0488, 'grad_norm': 2.5931456089019775, 'learning_rate': 1.4882629107981222e-05, 'epoch': 0.26}
{'loss': 1.0927, 'grad_norm': 6.700957775115967, 'learning_rate': 1.4859154929577466e-05, 'epoch': 0.26}
{'loss': 1.2719, 'grad_norm': 5.154158592224121, 'learning_rate': 1.4835680751173711e-05, 'epoch': 0.26}
{'loss': 0.8621, 'grad_norm': 3.181373357772827, 'learning_rate': 1.4812206572769954e-05, 'epoch': 0.27}
{'loss': 0.9975, 'grad_norm': 3.5062572956085205, 'learning_rate': 1.47887323943662e-05, 'epoch': 0.27}
{'loss': 0.9159, 'grad_norm': 3.608940601348877, 'learning_rate': 1.4765258215962443e-05, 'epoch': 0.27}
{'loss': 1.0094, 'grad_norm': 8.053657531738281, 'learning_rate': 1.4741784037558686e-05, 'epoch': 0.27}
{'loss': 0.972, 'grad_norm': 2.918229818344116, 'learning_rate': 1.4718309859154931e-05, 'epoch': 0.27}
{'loss': 0.9296, 'grad_norm': 4.363426208496094, 'learning_rate': 1.4694835680751174e-05, 'epoch': 0.27}
{'loss': 0.9723, 'grad_norm': 4.844460964202881, 'learning_rate': 1.467136150234742e-05, 'epoch': 0.27}
{'loss': 1.0011, 'grad_norm': 5.91872501373291, 'learning_rate': 1.4647887323943663e-05, 'epoch': 0.27}
{'loss': 0.9713, 'grad_norm': 5.091111183166504, 'learning_rate': 1.4624413145539907e-05, 'epoch': 0.27}
{'loss': 1.1004, 'grad_norm': 3.528719425201416, 'learning_rate': 1.4600938967136151e-05, 'epoch': 0.28}
{'loss': 0.9625, 'grad_norm': 5.221271514892578, 'learning_rate': 1.4577464788732397e-05, 'epoch': 0.28}
{'loss': 1.1614, 'grad_norm': 8.356327056884766, 'learning_rate': 1.4553990610328639e-05, 'epoch': 0.28}
{'loss': 1.0403, 'grad_norm': 5.691159725189209, 'learning_rate': 1.4530516431924883e-05, 'epoch': 0.28}
{'loss': 1.0386, 'grad_norm': 4.124334812164307, 'learning_rate': 1.4507042253521129e-05, 'epoch': 0.28}
{'loss': 0.9471, 'grad_norm': 4.080263614654541, 'learning_rate': 1.4483568075117371e-05, 'epoch': 0.28}
{'loss': 1.014, 'grad_norm': 4.742800712585449, 'learning_rate': 1.4460093896713617e-05, 'epoch': 0.28}
{'loss': 1.2533, 'grad_norm': 8.289095878601074, 'learning_rate': 1.443661971830986e-05, 'epoch': 0.28}
{'loss': 1.0753, 'grad_norm': 6.182552337646484, 'learning_rate': 1.4413145539906104e-05, 'epoch': 0.28}
{'loss': 1.134, 'grad_norm': 7.97785758972168, 'learning_rate': 1.4389671361502348e-05, 'epoch': 0.29}
{'loss': 1.055, 'grad_norm': 6.683111190795898, 'learning_rate': 1.4366197183098594e-05, 'epoch': 0.29}
{'loss': 1.1698, 'grad_norm': 8.847362518310547, 'learning_rate': 1.4342723004694836e-05, 'epoch': 0.29}
{'loss': 0.9541, 'grad_norm': 3.8239831924438477, 'learning_rate': 1.4319248826291082e-05, 'epoch': 0.29}
{'loss': 1.2338, 'grad_norm': 6.375445365905762, 'learning_rate': 1.4295774647887326e-05, 'epoch': 0.29}
{'loss': 1.2435, 'grad_norm': 3.3567347526550293, 'learning_rate': 1.4272300469483568e-05, 'epoch': 0.29}
{'loss': 0.954, 'grad_norm': 3.428281784057617, 'learning_rate': 1.4248826291079814e-05, 'epoch': 0.29}
{'loss': 0.9701, 'grad_norm': 3.324880599975586, 'learning_rate': 1.4225352112676058e-05, 'epoch': 0.29}
{'loss': 1.0174, 'grad_norm': 3.227785348892212, 'learning_rate': 1.4201877934272302e-05, 'epoch': 0.3}
{'loss': 0.8157, 'grad_norm': 2.3848843574523926, 'learning_rate': 1.4178403755868546e-05, 'epoch': 0.3}
{'loss': 0.9065, 'grad_norm': 5.155697345733643, 'learning_rate': 1.4154929577464788e-05, 'epoch': 0.3}
{'loss': 1.075, 'grad_norm': 3.1887733936309814, 'learning_rate': 1.4131455399061034e-05, 'epoch': 0.3}
{'loss': 1.0553, 'grad_norm': 5.215155124664307, 'learning_rate': 1.410798122065728e-05, 'epoch': 0.3}
{'loss': 1.3335, 'grad_norm': 7.00869607925415, 'learning_rate': 1.4084507042253522e-05, 'epoch': 0.3}
{'loss': 1.1444, 'grad_norm': 5.812496185302734, 'learning_rate': 1.4061032863849765e-05, 'epoch': 0.3}
{'loss': 1.0675, 'grad_norm': 7.07919979095459, 'learning_rate': 1.4037558685446011e-05, 'epoch': 0.3}
{'loss': 1.1088, 'grad_norm': 3.7451982498168945, 'learning_rate': 1.4014084507042253e-05, 'epoch': 0.3}
{'loss': 1.0006, 'grad_norm': 2.5377330780029297, 'learning_rate': 1.3990610328638499e-05, 'epoch': 0.31}
{'loss': 1.0343, 'grad_norm': 5.688896656036377, 'learning_rate': 1.3967136150234743e-05, 'epoch': 0.31}
{'loss': 1.0354, 'grad_norm': 7.7642059326171875, 'learning_rate': 1.3943661971830987e-05, 'epoch': 0.31}
{'loss': 0.7883, 'grad_norm': 1.944451093673706, 'learning_rate': 1.3920187793427231e-05, 'epoch': 0.31}
{'loss': 1.1975, 'grad_norm': 4.912643909454346, 'learning_rate': 1.3896713615023477e-05, 'epoch': 0.31}
{'loss': 1.2222, 'grad_norm': 6.150801658630371, 'learning_rate': 1.3873239436619719e-05, 'epoch': 0.31}
{'loss': 0.9281, 'grad_norm': 11.881808280944824, 'learning_rate': 1.3849765258215963e-05, 'epoch': 0.31}
{'loss': 1.2422, 'grad_norm': 4.8893327713012695, 'learning_rate': 1.3826291079812208e-05, 'epoch': 0.31}
{'loss': 1.0817, 'grad_norm': 6.926534652709961, 'learning_rate': 1.380281690140845e-05, 'epoch': 0.32}
{'loss': 1.0725, 'grad_norm': 4.708783149719238, 'learning_rate': 1.3779342723004696e-05, 'epoch': 0.32}
{'loss': 0.9273, 'grad_norm': 2.652374267578125, 'learning_rate': 1.375586854460094e-05, 'epoch': 0.32}
{'loss': 0.9928, 'grad_norm': 6.487414360046387, 'learning_rate': 1.3732394366197184e-05, 'epoch': 0.32}
{'loss': 1.1244, 'grad_norm': 2.812298536300659, 'learning_rate': 1.3708920187793428e-05, 'epoch': 0.32}
{'loss': 1.0734, 'grad_norm': 4.244776725769043, 'learning_rate': 1.3685446009389674e-05, 'epoch': 0.32}
{'loss': 0.8808, 'grad_norm': 2.1484053134918213, 'learning_rate': 1.3661971830985916e-05, 'epoch': 0.32}
{'loss': 1.0999, 'grad_norm': 4.086631774902344, 'learning_rate': 1.3638497652582162e-05, 'epoch': 0.32}
{'loss': 0.9461, 'grad_norm': 5.960641860961914, 'learning_rate': 1.3615023474178406e-05, 'epoch': 0.32}
{'loss': 1.0191, 'grad_norm': 5.151700973510742, 'learning_rate': 1.3591549295774648e-05, 'epoch': 0.33}
{'loss': 0.8989, 'grad_norm': 3.366541862487793, 'learning_rate': 1.3568075117370894e-05, 'epoch': 0.33}
{'loss': 1.2626, 'grad_norm': 7.201030731201172, 'learning_rate': 1.3544600938967136e-05, 'epoch': 0.33}
{'loss': 1.3599, 'grad_norm': 7.63817024230957, 'learning_rate': 1.3521126760563382e-05, 'epoch': 0.33}
{'loss': 1.298, 'grad_norm': 5.532109260559082, 'learning_rate': 1.3497652582159626e-05, 'epoch': 0.33}
{'loss': 1.1718, 'grad_norm': 8.344657897949219, 'learning_rate': 1.347417840375587e-05, 'epoch': 0.33}
{'loss': 1.135, 'grad_norm': 12.24850845336914, 'learning_rate': 1.3450704225352114e-05, 'epoch': 0.33}
{'loss': 1.0706, 'grad_norm': 4.8246941566467285, 'learning_rate': 1.342723004694836e-05, 'epoch': 0.33}
{'loss': 0.9457, 'grad_norm': 4.2302422523498535, 'learning_rate': 1.3403755868544601e-05, 'epoch': 0.34}
{'loss': 0.9403, 'grad_norm': 4.3522233963012695, 'learning_rate': 1.3380281690140845e-05, 'epoch': 0.34}
{'loss': 1.0524, 'grad_norm': 5.548887729644775, 'learning_rate': 1.3356807511737091e-05, 'epoch': 0.34}
{'loss': 1.2056, 'grad_norm': 4.474512100219727, 'learning_rate': 1.3333333333333333e-05, 'epoch': 0.34}
{'loss': 1.0291, 'grad_norm': 5.319552898406982, 'learning_rate': 1.3309859154929579e-05, 'epoch': 0.34}
{'loss': 0.9243, 'grad_norm': 4.035655498504639, 'learning_rate': 1.3286384976525823e-05, 'epoch': 0.34}
{'loss': 1.0799, 'grad_norm': 3.1219348907470703, 'learning_rate': 1.3262910798122067e-05, 'epoch': 0.34}
{'loss': 1.1728, 'grad_norm': 4.851414203643799, 'learning_rate': 1.323943661971831e-05, 'epoch': 0.34}
{'loss': 1.0656, 'grad_norm': 4.488781929016113, 'learning_rate': 1.3215962441314556e-05, 'epoch': 0.34}
{'loss': 1.1072, 'grad_norm': 4.704226970672607, 'learning_rate': 1.3192488262910799e-05, 'epoch': 0.35}
{'loss': 0.8044, 'grad_norm': 5.462483882904053, 'learning_rate': 1.3169014084507044e-05, 'epoch': 0.35}
{'loss': 1.126, 'grad_norm': 2.1991610527038574, 'learning_rate': 1.3145539906103288e-05, 'epoch': 0.35}
{'loss': 1.3482, 'grad_norm': 3.9049770832061768, 'learning_rate': 1.312206572769953e-05, 'epoch': 0.35}
{'loss': 0.8739, 'grad_norm': 2.7720718383789062, 'learning_rate': 1.3098591549295776e-05, 'epoch': 0.35}
































                                                 


                                               
[A


                                               [A
                                                 

                                                 

                                                 

                                                 

                                                 

                                                 

                                                 

                                                 

                                                 

                                                 

                                                 

                                                 

                                                 

                                                 

                                                 

                                                 

                                                 

                                                 

                                                 

                                                 

                                                 

                                                 

                                                 

                                                 

                                                 

                                                 

                                                 

                                                 

                                                 

                                                 

                                                 

                                                 

                                                 

                                                 

                                                 

                                                 

                                                 

                                                 

                                                 

                                                 

                                                 

                                                 

                                                 

                                                 

                                                 

                                                 

                                                 

                                                 

                                                 

                                                 

                                                 

                                                 

                                                 

                                                 

                                                 

                                                 

                                                 

                                                 

                                                 

                                                 

                                                 

                                                 

                                                 

                                                 

                                                 

                                                 

                                                 

                                                 

                                                 

                                                 

                                                 

                                                 

                                                 

                                                 

                                                 

                                                 

                                                 

                                                 

                                                 

                                                 

                                                 

                                                 

                                                 

                                                 

                                                 

                                                 

                                                 

                                                 

                                                 

                                                 

                                                 

                                                 

                                                 

                                                 

                                                 

                                                 

                                                 

                                                 

                                                 

                                                 

{'loss': 1.0455, 'grad_norm': 4.01157283782959, 'learning_rate': 1.307511737089202e-05, 'epoch': 0.35}
{'loss': 0.9037, 'grad_norm': 2.9599597454071045, 'learning_rate': 1.3051643192488264e-05, 'epoch': 0.35}
{'loss': 0.9592, 'grad_norm': 4.831399917602539, 'learning_rate': 1.3028169014084508e-05, 'epoch': 0.35}
{'loss': 0.9345, 'grad_norm': 2.507200002670288, 'learning_rate': 1.300469483568075e-05, 'epoch': 0.36}
{'loss': 1.0871, 'grad_norm': 17.57676124572754, 'learning_rate': 1.2981220657276996e-05, 'epoch': 0.36}
{'loss': 1.0021, 'grad_norm': 4.946300029754639, 'learning_rate': 1.2957746478873242e-05, 'epoch': 0.36}
{'loss': 1.3436, 'grad_norm': 2.6760201454162598, 'learning_rate': 1.2934272300469484e-05, 'epoch': 0.36}
{'loss': 0.9798, 'grad_norm': 3.2039384841918945, 'learning_rate': 1.2910798122065728e-05, 'epoch': 0.36}
{'loss': 0.8389, 'grad_norm': 5.670220851898193, 'learning_rate': 1.2887323943661974e-05, 'epoch': 0.36}
{'loss': 1.1511, 'grad_norm': 16.142446517944336, 'learning_rate': 1.2863849765258216e-05, 'epoch': 0.36}
{'loss': 0.9211, 'grad_norm': 5.518348217010498, 'learning_rate': 1.2840375586854462e-05, 'epoch': 0.36}
{'loss': 1.0873, 'grad_norm': 3.725607395172119, 'learning_rate': 1.2816901408450705e-05, 'epoch': 0.36}
{'loss': 0.804, 'grad_norm': 3.1365694999694824, 'learning_rate': 1.279342723004695e-05, 'epoch': 0.37}
{'loss': 1.2558, 'grad_norm': 3.397969961166382, 'learning_rate': 1.2769953051643193e-05, 'epoch': 0.37}
{'loss': 0.9629, 'grad_norm': 6.034426689147949, 'learning_rate': 1.2746478873239439e-05, 'epoch': 0.37}
{'loss': 0.9834, 'grad_norm': 5.258640766143799, 'learning_rate': 1.2723004694835681e-05, 'epoch': 0.37}
{'loss': 1.1517, 'grad_norm': 3.555868625640869, 'learning_rate': 1.2699530516431925e-05, 'epoch': 0.37}
{'loss': 1.0201, 'grad_norm': 5.900825023651123, 'learning_rate': 1.2676056338028171e-05, 'epoch': 0.37}
{'loss': 0.8966, 'grad_norm': 8.50771713256836, 'learning_rate': 1.2652582159624413e-05, 'epoch': 0.37}
{'loss': 0.9505, 'grad_norm': 2.948333263397217, 'learning_rate': 1.2629107981220659e-05, 'epoch': 0.37}
{'loss': 1.1623, 'grad_norm': 2.50313663482666, 'learning_rate': 1.2605633802816903e-05, 'epoch': 0.37}
{'loss': 1.1852, 'grad_norm': 4.420846462249756, 'learning_rate': 1.2582159624413147e-05, 'epoch': 0.38}
{'loss': 1.1208, 'grad_norm': 11.393385887145996, 'learning_rate': 1.255868544600939e-05, 'epoch': 0.38}
{'loss': 0.9148, 'grad_norm': 4.776874542236328, 'learning_rate': 1.2535211267605636e-05, 'epoch': 0.38}
{'loss': 1.1412, 'grad_norm': 4.503423690795898, 'learning_rate': 1.2511737089201879e-05, 'epoch': 0.38}
{'loss': 1.1042, 'grad_norm': 3.8625283241271973, 'learning_rate': 1.2488262910798124e-05, 'epoch': 0.38}
{'loss': 1.1175, 'grad_norm': 24.002910614013672, 'learning_rate': 1.2464788732394367e-05, 'epoch': 0.38}
{'loss': 0.956, 'grad_norm': 3.4206838607788086, 'learning_rate': 1.244131455399061e-05, 'epoch': 0.38}
{'loss': 1.1759, 'grad_norm': 9.223023414611816, 'learning_rate': 1.2417840375586856e-05, 'epoch': 0.38}
{'loss': 1.286, 'grad_norm': 8.400286674499512, 'learning_rate': 1.2394366197183098e-05, 'epoch': 0.39}
{'loss': 0.9847, 'grad_norm': 6.253035545349121, 'learning_rate': 1.2370892018779344e-05, 'epoch': 0.39}
{'loss': 1.0258, 'grad_norm': 3.9331295490264893, 'learning_rate': 1.2347417840375588e-05, 'epoch': 0.39}
{'loss': 0.9496, 'grad_norm': 3.570891857147217, 'learning_rate': 1.232394366197183e-05, 'epoch': 0.39}
{'loss': 1.2424, 'grad_norm': 4.3287763595581055, 'learning_rate': 1.2300469483568076e-05, 'epoch': 0.39}
{'loss': 1.1596, 'grad_norm': 3.300105333328247, 'learning_rate': 1.2276995305164322e-05, 'epoch': 0.39}
{'loss': 0.8435, 'grad_norm': 6.947474479675293, 'learning_rate': 1.2253521126760564e-05, 'epoch': 0.39}
{'loss': 1.074, 'grad_norm': 8.147403717041016, 'learning_rate': 1.2230046948356808e-05, 'epoch': 0.39}
{'loss': 1.2949, 'grad_norm': 7.4726033210754395, 'learning_rate': 1.2206572769953053e-05, 'epoch': 0.39}
{'loss': 0.9855, 'grad_norm': 5.3924055099487305, 'learning_rate': 1.2183098591549296e-05, 'epoch': 0.4}
{'loss': 1.068, 'grad_norm': 9.474075317382812, 'learning_rate': 1.2159624413145541e-05, 'epoch': 0.4}
{'loss': 1.1463, 'grad_norm': 4.830473899841309, 'learning_rate': 1.2136150234741785e-05, 'epoch': 0.4}
{'loss': 1.0533, 'grad_norm': 7.287988662719727, 'learning_rate': 1.211267605633803e-05, 'epoch': 0.4}
{'loss': 1.2962, 'grad_norm': 7.789111614227295, 'learning_rate': 1.2089201877934273e-05, 'epoch': 0.4}
{'loss': 0.9944, 'grad_norm': 4.001403331756592, 'learning_rate': 1.2065727699530519e-05, 'epoch': 0.4}
{'loss': 1.2106, 'grad_norm': 6.616262435913086, 'learning_rate': 1.2042253521126761e-05, 'epoch': 0.4}
{'loss': 0.9614, 'grad_norm': 7.64263916015625, 'learning_rate': 1.2018779342723005e-05, 'epoch': 0.4}
{'loss': 0.8945, 'grad_norm': 2.5585062503814697, 'learning_rate': 1.199530516431925e-05, 'epoch': 0.41}
{'loss': 0.9699, 'grad_norm': 3.4426305294036865, 'learning_rate': 1.1971830985915493e-05, 'epoch': 0.41}
{'loss': 1.0933, 'grad_norm': 7.970088005065918, 'learning_rate': 1.1948356807511739e-05, 'epoch': 0.41}
{'loss': 1.0244, 'grad_norm': 9.477363586425781, 'learning_rate': 1.1924882629107981e-05, 'epoch': 0.41}
{'loss': 1.1096, 'grad_norm': 4.417761325836182, 'learning_rate': 1.1901408450704227e-05, 'epoch': 0.41}
{'loss': 1.1108, 'grad_norm': 3.475389003753662, 'learning_rate': 1.187793427230047e-05, 'epoch': 0.41}
{'loss': 1.1708, 'grad_norm': 6.539426803588867, 'learning_rate': 1.1854460093896713e-05, 'epoch': 0.41}
{'loss': 1.1246, 'grad_norm': 5.663525581359863, 'learning_rate': 1.1830985915492958e-05, 'epoch': 0.41}
{'loss': 1.0669, 'grad_norm': 4.309460163116455, 'learning_rate': 1.1807511737089204e-05, 'epoch': 0.41}
{'loss': 0.8673, 'grad_norm': 3.5652294158935547, 'learning_rate': 1.1784037558685446e-05, 'epoch': 0.42}
{'loss': 0.9201, 'grad_norm': 3.0255260467529297, 'learning_rate': 1.176056338028169e-05, 'epoch': 0.42}
{'loss': 0.9029, 'grad_norm': 3.70186448097229, 'learning_rate': 1.1737089201877936e-05, 'epoch': 0.42}
{'loss': 1.0334, 'grad_norm': 5.499961853027344, 'learning_rate': 1.1713615023474178e-05, 'epoch': 0.42}
{'loss': 1.0918, 'grad_norm': 6.538550853729248, 'learning_rate': 1.1690140845070424e-05, 'epoch': 0.42}
{'loss': 1.0352, 'grad_norm': 7.426939964294434, 'learning_rate': 1.1666666666666668e-05, 'epoch': 0.42}
{'loss': 0.9876, 'grad_norm': 5.698890209197998, 'learning_rate': 1.1643192488262912e-05, 'epoch': 0.42}
{'loss': 1.0975, 'grad_norm': 9.412249565124512, 'learning_rate': 1.1619718309859156e-05, 'epoch': 0.42}
{'loss': 1.1968, 'grad_norm': 5.807307720184326, 'learning_rate': 1.1596244131455401e-05, 'epoch': 0.43}
{'loss': 1.2307, 'grad_norm': 18.31833267211914, 'learning_rate': 1.1572769953051644e-05, 'epoch': 0.43}
{'loss': 1.0211, 'grad_norm': 5.315901279449463, 'learning_rate': 1.1549295774647888e-05, 'epoch': 0.43}
{'loss': 0.9922, 'grad_norm': 4.770036697387695, 'learning_rate': 1.1525821596244133e-05, 'epoch': 0.43}
{'loss': 1.0522, 'grad_norm': 5.642299175262451, 'learning_rate': 1.1502347417840376e-05, 'epoch': 0.43}
{'loss': 1.0143, 'grad_norm': 4.242388725280762, 'learning_rate': 1.1478873239436621e-05, 'epoch': 0.43}
{'loss': 1.4517, 'grad_norm': 4.039935111999512, 'learning_rate': 1.1455399061032865e-05, 'epoch': 0.43}
{'loss': 1.201, 'grad_norm': 13.176713943481445, 'learning_rate': 1.143192488262911e-05, 'epoch': 0.43}
{'loss': 0.9966, 'grad_norm': 2.964867115020752, 'learning_rate': 1.1408450704225353e-05, 'epoch': 0.43}
{'loss': 0.9674, 'grad_norm': 2.5691277980804443, 'learning_rate': 1.1384976525821595e-05, 'epoch': 0.44}
{'loss': 1.1632, 'grad_norm': 4.645361423492432, 'learning_rate': 1.1361502347417841e-05, 'epoch': 0.44}
{'loss': 1.4598, 'grad_norm': 7.300283432006836, 'learning_rate': 1.1338028169014087e-05, 'epoch': 0.44}
{'loss': 1.1331, 'grad_norm': 5.246342658996582, 'learning_rate': 1.1314553990610329e-05, 'epoch': 0.44}
{'loss': 1.4526, 'grad_norm': 4.341734409332275, 'learning_rate': 1.1291079812206573e-05, 'epoch': 0.44}
{'loss': 1.0541, 'grad_norm': 3.5174288749694824, 'learning_rate': 1.1267605633802819e-05, 'epoch': 0.44}
{'loss': 0.9897, 'grad_norm': 7.030721187591553, 'learning_rate': 1.1244131455399061e-05, 'epoch': 0.44}
{'loss': 0.9092, 'grad_norm': 5.953723430633545, 'learning_rate': 1.1220657276995307e-05, 'epoch': 0.44}
{'loss': 1.0935, 'grad_norm': 5.626708507537842, 'learning_rate': 1.119718309859155e-05, 'epoch': 0.44}
{'loss': 0.9536, 'grad_norm': 4.692888259887695, 'learning_rate': 1.1173708920187793e-05, 'epoch': 0.45}
{'loss': 1.0619, 'grad_norm': 4.280357837677002, 'learning_rate': 1.1150234741784038e-05, 'epoch': 0.45}
{'loss': 0.9964, 'grad_norm': 4.159286022186279, 'learning_rate': 1.1126760563380284e-05, 'epoch': 0.45}
{'loss': 0.9773, 'grad_norm': 6.785333156585693, 'learning_rate': 1.1103286384976526e-05, 'epoch': 0.45}
{'loss': 1.1175, 'grad_norm': 4.58568000793457, 'learning_rate': 1.107981220657277e-05, 'epoch': 0.45}
{'loss': 0.8528, 'grad_norm': 4.894339084625244, 'learning_rate': 1.1056338028169016e-05, 'epoch': 0.45}
{'loss': 0.8721, 'grad_norm': 4.840861797332764, 'learning_rate': 1.1032863849765258e-05, 'epoch': 0.45}
{'loss': 1.0815, 'grad_norm': 4.782383441925049, 'learning_rate': 1.1009389671361504e-05, 'epoch': 0.45}
{'loss': 1.1515, 'grad_norm': 6.1104736328125, 'learning_rate': 1.0985915492957748e-05, 'epoch': 0.46}
{'loss': 0.9226, 'grad_norm': 2.588737726211548, 'learning_rate': 1.0962441314553992e-05, 'epoch': 0.46}
{'loss': 1.1127, 'grad_norm': 6.671566963195801, 'learning_rate': 1.0938967136150236e-05, 'epoch': 0.46}
{'loss': 0.9189, 'grad_norm': 2.2171692848205566, 'learning_rate': 1.0915492957746481e-05, 'epoch': 0.46}
{'loss': 1.1445, 'grad_norm': 6.383705139160156, 'learning_rate': 1.0892018779342724e-05, 'epoch': 0.46}
{'loss': 1.0875, 'grad_norm': 12.675599098205566, 'learning_rate': 1.0868544600938968e-05, 'epoch': 0.46}
{'loss': 0.9544, 'grad_norm': 8.852266311645508, 'learning_rate': 1.0845070422535213e-05, 'epoch': 0.46}
{'loss': 0.976, 'grad_norm': 4.635439395904541, 'learning_rate': 1.0821596244131455e-05, 'epoch': 0.46}
{'loss': 0.8441, 'grad_norm': 5.678484916687012, 'learning_rate': 1.0798122065727701e-05, 'epoch': 0.46}
{'loss': 1.0982, 'grad_norm': 6.055898666381836, 'learning_rate': 1.0774647887323943e-05, 'epoch': 0.47}
{'loss': 1.0067, 'grad_norm': 3.0715491771698, 'learning_rate': 1.0751173708920189e-05, 'epoch': 0.47}
































                                                 


                                               
[A


                                               [A
                                                 

                                                 

                                                 

                                                 

                                                 

                                                 

                                                 

                                                 

                                                 

                                                 

                                                 

                                                 

                                                 

                                                 

                                                 

                                                 

                                                 

                                                 

                                                 

                                                 

                                                 

                                                 

                                                 

                                                 

                                                 

                                                 

                                                 

                                                 

                                                 

                                                 

                                                 

                                                 

                                                 

                                                 

                                                 

                                                 

                                                 

                                                 

                                                 

                                                 

                                                 

                                                 

                                                 

                                                 

                                                 

                                                 

                                                 

                                                 

                                                 

                                                 

                                                 

                                                 

                                                 

                                                 

                                                 

                                                 

                                                 

                                                 

                                                 

                                                 

                                                 

                                                 

                                                 

                                                 

                                                 

                                                 

                                                 

                                                 

                                                 

                                                 

                                                 

                                                 

                                                 

                                                 

                                                 

                                                 

                                                 

                                                 

                                                 

                                                 

                                                 

                                                 

                                                 

                                                 

                                                 

                                                 

                                                 

                                                 

                                                 

                                                 

                                                 

                                                 

                                                 

                                                 

                                                 

                                                 

                                                 

                                                 

                                                 

                                                 

{'loss': 1.0185, 'grad_norm': 4.927000522613525, 'learning_rate': 1.0727699530516433e-05, 'epoch': 0.47}
{'loss': 1.0874, 'grad_norm': 5.144608974456787, 'learning_rate': 1.0704225352112675e-05, 'epoch': 0.47}
{'loss': 1.1056, 'grad_norm': 6.595162391662598, 'learning_rate': 1.0680751173708921e-05, 'epoch': 0.47}
{'loss': 1.0917, 'grad_norm': 7.648019313812256, 'learning_rate': 1.0657276995305167e-05, 'epoch': 0.47}
{'loss': 0.9658, 'grad_norm': 8.227466583251953, 'learning_rate': 1.0633802816901409e-05, 'epoch': 0.47}
{'loss': 1.0988, 'grad_norm': 3.340139389038086, 'learning_rate': 1.0610328638497653e-05, 'epoch': 0.47}
{'loss': 1.1616, 'grad_norm': 8.041523933410645, 'learning_rate': 1.0586854460093898e-05, 'epoch': 0.48}
{'loss': 1.1363, 'grad_norm': 4.0048508644104, 'learning_rate': 1.056338028169014e-05, 'epoch': 0.48}
{'loss': 1.2411, 'grad_norm': 19.82779312133789, 'learning_rate': 1.0539906103286386e-05, 'epoch': 0.48}
{'loss': 0.9599, 'grad_norm': 4.775447368621826, 'learning_rate': 1.051643192488263e-05, 'epoch': 0.48}
{'loss': 1.3699, 'grad_norm': 8.072510719299316, 'learning_rate': 1.0492957746478873e-05, 'epoch': 0.48}
{'loss': 1.169, 'grad_norm': 6.518432140350342, 'learning_rate': 1.0469483568075118e-05, 'epoch': 0.48}
{'loss': 0.9117, 'grad_norm': 5.563086986541748, 'learning_rate': 1.0446009389671364e-05, 'epoch': 0.48}
{'loss': 0.8011, 'grad_norm': 4.722443580627441, 'learning_rate': 1.0422535211267606e-05, 'epoch': 0.48}
{'loss': 0.8095, 'grad_norm': 2.669968605041504, 'learning_rate': 1.039906103286385e-05, 'epoch': 0.48}
{'loss': 0.8881, 'grad_norm': 4.361550807952881, 'learning_rate': 1.0375586854460096e-05, 'epoch': 0.49}
{'loss': 0.9666, 'grad_norm': 6.636186599731445, 'learning_rate': 1.0352112676056338e-05, 'epoch': 0.49}
{'loss': 1.104, 'grad_norm': 5.170831203460693, 'learning_rate': 1.0328638497652584e-05, 'epoch': 0.49}
{'loss': 1.258, 'grad_norm': 3.7255349159240723, 'learning_rate': 1.0305164319248828e-05, 'epoch': 0.49}
{'loss': 1.1282, 'grad_norm': 4.3503499031066895, 'learning_rate': 1.0281690140845072e-05, 'epoch': 0.49}
{'loss': 1.1184, 'grad_norm': 5.672298431396484, 'learning_rate': 1.0258215962441316e-05, 'epoch': 0.49}
{'loss': 0.9069, 'grad_norm': 7.820046901702881, 'learning_rate': 1.0234741784037558e-05, 'epoch': 0.49}
{'loss': 0.9837, 'grad_norm': 8.140387535095215, 'learning_rate': 1.0211267605633803e-05, 'epoch': 0.49}
{'loss': 1.3214, 'grad_norm': 6.926671504974365, 'learning_rate': 1.0187793427230047e-05, 'epoch': 0.5}
{'loss': 1.1152, 'grad_norm': 4.42213773727417, 'learning_rate': 1.0164319248826291e-05, 'epoch': 0.5}
{'loss': 0.9531, 'grad_norm': 7.401295185089111, 'learning_rate': 1.0140845070422535e-05, 'epoch': 0.5}
{'loss': 1.0261, 'grad_norm': 3.128709316253662, 'learning_rate': 1.0117370892018781e-05, 'epoch': 0.5}
{'loss': 1.2306, 'grad_norm': 3.4356603622436523, 'learning_rate': 1.0093896713615023e-05, 'epoch': 0.5}
{'loss': 1.3074, 'grad_norm': 5.519676208496094, 'learning_rate': 1.0070422535211269e-05, 'epoch': 0.5}
{'loss': 0.7889, 'grad_norm': 4.009934425354004, 'learning_rate': 1.0046948356807513e-05, 'epoch': 0.5}
{'loss': 1.04, 'grad_norm': 2.5081489086151123, 'learning_rate': 1.0023474178403755e-05, 'epoch': 0.5}
{'loss': 0.9446, 'grad_norm': 5.927915096282959, 'learning_rate': 1e-05, 'epoch': 0.5}
{'loss': 0.9873, 'grad_norm': 9.099377632141113, 'learning_rate': 9.976525821596245e-06, 'epoch': 0.51}
{'loss': 0.9671, 'grad_norm': 12.405468940734863, 'learning_rate': 9.953051643192489e-06, 'epoch': 0.51}
{'loss': 1.0674, 'grad_norm': 4.413888931274414, 'learning_rate': 9.929577464788733e-06, 'epoch': 0.51}
{'loss': 1.2246, 'grad_norm': 5.240231037139893, 'learning_rate': 9.906103286384977e-06, 'epoch': 0.51}
{'loss': 1.0779, 'grad_norm': 5.885457992553711, 'learning_rate': 9.882629107981222e-06, 'epoch': 0.51}
{'loss': 1.1833, 'grad_norm': 2.596475839614868, 'learning_rate': 9.859154929577466e-06, 'epoch': 0.51}
{'loss': 1.0736, 'grad_norm': 2.7336816787719727, 'learning_rate': 9.83568075117371e-06, 'epoch': 0.51}
{'loss': 1.0985, 'grad_norm': 3.286227226257324, 'learning_rate': 9.812206572769954e-06, 'epoch': 0.51}
{'loss': 0.9904, 'grad_norm': 4.870574951171875, 'learning_rate': 9.788732394366198e-06, 'epoch': 0.52}
{'loss': 1.0061, 'grad_norm': 5.199141025543213, 'learning_rate': 9.765258215962442e-06, 'epoch': 0.52}
{'loss': 1.0769, 'grad_norm': 9.020588874816895, 'learning_rate': 9.741784037558686e-06, 'epoch': 0.52}
{'loss': 1.0658, 'grad_norm': 6.540702819824219, 'learning_rate': 9.71830985915493e-06, 'epoch': 0.52}
{'loss': 1.2057, 'grad_norm': 6.1642746925354, 'learning_rate': 9.694835680751174e-06, 'epoch': 0.52}
{'loss': 1.1964, 'grad_norm': 8.126672744750977, 'learning_rate': 9.671361502347418e-06, 'epoch': 0.52}
{'loss': 1.2658, 'grad_norm': 8.486235618591309, 'learning_rate': 9.647887323943664e-06, 'epoch': 0.52}
{'loss': 1.1358, 'grad_norm': 3.7649405002593994, 'learning_rate': 9.624413145539908e-06, 'epoch': 0.52}
{'loss': 0.9648, 'grad_norm': 2.8670265674591064, 'learning_rate': 9.600938967136152e-06, 'epoch': 0.52}
{'loss': 0.9655, 'grad_norm': 8.795087814331055, 'learning_rate': 9.577464788732394e-06, 'epoch': 0.53}
{'loss': 0.8922, 'grad_norm': 5.0164713859558105, 'learning_rate': 9.55399061032864e-06, 'epoch': 0.53}
{'loss': 1.1975, 'grad_norm': 4.111091136932373, 'learning_rate': 9.530516431924883e-06, 'epoch': 0.53}
{'loss': 0.9831, 'grad_norm': 4.098625183105469, 'learning_rate': 9.507042253521127e-06, 'epoch': 0.53}
{'loss': 1.3017, 'grad_norm': 4.377773761749268, 'learning_rate': 9.483568075117371e-06, 'epoch': 0.53}
{'loss': 1.0111, 'grad_norm': 3.806690216064453, 'learning_rate': 9.460093896713615e-06, 'epoch': 0.53}
{'loss': 0.8389, 'grad_norm': 2.7087438106536865, 'learning_rate': 9.43661971830986e-06, 'epoch': 0.53}
{'loss': 1.1408, 'grad_norm': 5.683808326721191, 'learning_rate': 9.413145539906105e-06, 'epoch': 0.53}
{'loss': 0.8492, 'grad_norm': 6.110100746154785, 'learning_rate': 9.389671361502349e-06, 'epoch': 0.53}
{'loss': 1.2414, 'grad_norm': 6.634439945220947, 'learning_rate': 9.366197183098593e-06, 'epoch': 0.54}
{'loss': 1.107, 'grad_norm': 3.364574432373047, 'learning_rate': 9.342723004694837e-06, 'epoch': 0.54}
{'loss': 1.1958, 'grad_norm': 4.653832912445068, 'learning_rate': 9.31924882629108e-06, 'epoch': 0.54}
{'loss': 1.0955, 'grad_norm': 5.800222396850586, 'learning_rate': 9.295774647887325e-06, 'epoch': 0.54}
{'loss': 1.0975, 'grad_norm': 3.2627475261688232, 'learning_rate': 9.272300469483569e-06, 'epoch': 0.54}
{'loss': 0.9762, 'grad_norm': 2.7551960945129395, 'learning_rate': 9.248826291079813e-06, 'epoch': 0.54}
{'loss': 1.147, 'grad_norm': 8.898896217346191, 'learning_rate': 9.225352112676057e-06, 'epoch': 0.54}
{'loss': 0.8939, 'grad_norm': 5.542940139770508, 'learning_rate': 9.2018779342723e-06, 'epoch': 0.54}
{'loss': 0.8547, 'grad_norm': 3.403632640838623, 'learning_rate': 9.178403755868546e-06, 'epoch': 0.55}
{'loss': 0.8996, 'grad_norm': 4.7190680503845215, 'learning_rate': 9.15492957746479e-06, 'epoch': 0.55}
{'loss': 0.889, 'grad_norm': 5.625619888305664, 'learning_rate': 9.131455399061034e-06, 'epoch': 0.55}
{'loss': 0.91, 'grad_norm': 3.0358808040618896, 'learning_rate': 9.107981220657278e-06, 'epoch': 0.55}
{'loss': 1.2726, 'grad_norm': 6.0899457931518555, 'learning_rate': 9.084507042253522e-06, 'epoch': 0.55}
{'loss': 0.9142, 'grad_norm': 6.66290283203125, 'learning_rate': 9.061032863849766e-06, 'epoch': 0.55}
{'loss': 0.8992, 'grad_norm': 7.343048572540283, 'learning_rate': 9.03755868544601e-06, 'epoch': 0.55}
{'loss': 0.9136, 'grad_norm': 6.537208557128906, 'learning_rate': 9.014084507042254e-06, 'epoch': 0.55}
{'loss': 0.8489, 'grad_norm': 3.403876543045044, 'learning_rate': 8.990610328638498e-06, 'epoch': 0.55}
{'loss': 0.9572, 'grad_norm': 6.1820220947265625, 'learning_rate': 8.967136150234742e-06, 'epoch': 0.56}
{'loss': 1.0108, 'grad_norm': 3.583343267440796, 'learning_rate': 8.943661971830987e-06, 'epoch': 0.56}
{'loss': 1.1403, 'grad_norm': 4.372729778289795, 'learning_rate': 8.920187793427231e-06, 'epoch': 0.56}
{'loss': 1.0392, 'grad_norm': 3.8778865337371826, 'learning_rate': 8.896713615023475e-06, 'epoch': 0.56}
{'loss': 0.7753, 'grad_norm': 3.9045517444610596, 'learning_rate': 8.87323943661972e-06, 'epoch': 0.56}
{'loss': 1.1675, 'grad_norm': 7.4140214920043945, 'learning_rate': 8.849765258215963e-06, 'epoch': 0.56}
{'loss': 1.0959, 'grad_norm': 8.66132926940918, 'learning_rate': 8.826291079812207e-06, 'epoch': 0.56}
{'loss': 1.0713, 'grad_norm': 4.813721179962158, 'learning_rate': 8.802816901408451e-06, 'epoch': 0.56}
{'loss': 0.7469, 'grad_norm': 3.2917966842651367, 'learning_rate': 8.779342723004695e-06, 'epoch': 0.57}
{'loss': 0.9352, 'grad_norm': 7.093920707702637, 'learning_rate': 8.755868544600939e-06, 'epoch': 0.57}
{'loss': 1.232, 'grad_norm': 7.309072971343994, 'learning_rate': 8.732394366197183e-06, 'epoch': 0.57}
{'loss': 1.0571, 'grad_norm': 3.383089542388916, 'learning_rate': 8.708920187793429e-06, 'epoch': 0.57}
{'loss': 1.0267, 'grad_norm': 4.406072616577148, 'learning_rate': 8.685446009389673e-06, 'epoch': 0.57}
{'loss': 0.9004, 'grad_norm': 4.743122577667236, 'learning_rate': 8.661971830985915e-06, 'epoch': 0.57}
{'loss': 0.9658, 'grad_norm': 2.4694714546203613, 'learning_rate': 8.63849765258216e-06, 'epoch': 0.57}
{'loss': 0.9947, 'grad_norm': 4.178423881530762, 'learning_rate': 8.615023474178405e-06, 'epoch': 0.57}
{'loss': 1.1776, 'grad_norm': 5.229516506195068, 'learning_rate': 8.591549295774648e-06, 'epoch': 0.57}
{'loss': 0.946, 'grad_norm': 4.107180595397949, 'learning_rate': 8.568075117370892e-06, 'epoch': 0.58}
{'loss': 0.8261, 'grad_norm': 4.410176753997803, 'learning_rate': 8.544600938967136e-06, 'epoch': 0.58}
{'loss': 0.8315, 'grad_norm': 4.028994560241699, 'learning_rate': 8.52112676056338e-06, 'epoch': 0.58}
{'loss': 1.0588, 'grad_norm': 2.7750394344329834, 'learning_rate': 8.497652582159626e-06, 'epoch': 0.58}
{'loss': 1.1378, 'grad_norm': 5.387194633483887, 'learning_rate': 8.47417840375587e-06, 'epoch': 0.58}
{'loss': 1.13, 'grad_norm': 4.031622409820557, 'learning_rate': 8.450704225352114e-06, 'epoch': 0.58}
{'loss': 0.8353, 'grad_norm': 3.300382137298584, 'learning_rate': 8.427230046948356e-06, 'epoch': 0.58}
{'loss': 1.1673, 'grad_norm': 7.845148086547852, 'learning_rate': 8.403755868544602e-06, 'epoch': 0.58}
































                                                 


                                               
[A


                                               [A
                                                 

                                                 

                                                 

                                                 

                                                 

                                                 

                                                 

                                                 

                                                 

                                                 

                                                 

                                                 

                                                 

                                                 

                                                 

                                                 

                                                 

                                                 

                                                 

                                                 

                                                 

                                                 

                                                 

                                                 

                                                 

                                                 

                                                 

                                                 

                                                 

                                                 

                                                 

                                                 

                                                 

                                                 

                                                 

                                                 

                                                 

                                                 

                                                 

                                                 

                                                 

                                                 

                                                 

                                                 

                                                 

                                                 

                                                 

                                                 

                                                 

                                                 

                                                 

                                                 

                                                 

                                                 

                                                 

                                                 

                                                 

                                                 

                                                 

                                                 

                                                 

                                                 

                                                 

                                                 

                                                 

                                                 

                                                 

                                                 

                                                 

                                                 

                                                 

                                                 

                                                 

                                                 

                                                 

                                                 

                                                 

                                                 

                                                 

                                                 

                                                 

                                                 

                                                 

                                                 

                                                 

                                                 

                                                 

                                                 

                                                 

                                                 

                                                 

                                                 

                                                 

                                                 

                                                 

                                                 

                                                 

                                                 

                                                 

                                                 

{'loss': 1.1533, 'grad_norm': 4.891353130340576, 'learning_rate': 8.380281690140846e-06, 'epoch': 0.59}
{'loss': 1.0209, 'grad_norm': 3.2213375568389893, 'learning_rate': 8.35680751173709e-06, 'epoch': 0.59}
{'loss': 0.9359, 'grad_norm': 4.903773784637451, 'learning_rate': 8.333333333333334e-06, 'epoch': 0.59}
{'loss': 1.0762, 'grad_norm': 4.828459739685059, 'learning_rate': 8.309859154929578e-06, 'epoch': 0.59}
{'loss': 0.9544, 'grad_norm': 2.2700672149658203, 'learning_rate': 8.286384976525822e-06, 'epoch': 0.59}
{'loss': 0.9861, 'grad_norm': 11.563459396362305, 'learning_rate': 8.262910798122067e-06, 'epoch': 0.59}
{'loss': 1.219, 'grad_norm': 7.184983253479004, 'learning_rate': 8.239436619718311e-06, 'epoch': 0.59}
{'loss': 1.1629, 'grad_norm': 3.7327005863189697, 'learning_rate': 8.215962441314555e-06, 'epoch': 0.59}
{'loss': 1.2984, 'grad_norm': 5.161838054656982, 'learning_rate': 8.192488262910797e-06, 'epoch': 0.59}
{'loss': 0.8091, 'grad_norm': 3.712592124938965, 'learning_rate': 8.169014084507043e-06, 'epoch': 0.6}
{'loss': 0.8497, 'grad_norm': 3.5858335494995117, 'learning_rate': 8.145539906103287e-06, 'epoch': 0.6}
{'loss': 1.127, 'grad_norm': 3.8068063259124756, 'learning_rate': 8.122065727699531e-06, 'epoch': 0.6}
{'loss': 1.0646, 'grad_norm': 4.012881278991699, 'learning_rate': 8.098591549295775e-06, 'epoch': 0.6}
{'loss': 0.8124, 'grad_norm': 4.339239597320557, 'learning_rate': 8.075117370892019e-06, 'epoch': 0.6}
{'loss': 1.2335, 'grad_norm': 3.540283679962158, 'learning_rate': 8.051643192488263e-06, 'epoch': 0.6}
{'loss': 0.7908, 'grad_norm': 2.9096157550811768, 'learning_rate': 8.028169014084509e-06, 'epoch': 0.6}
{'loss': 1.0666, 'grad_norm': 5.068578720092773, 'learning_rate': 8.004694835680753e-06, 'epoch': 0.6}
{'loss': 1.2329, 'grad_norm': 8.411357879638672, 'learning_rate': 7.981220657276996e-06, 'epoch': 0.6}
{'loss': 1.249, 'grad_norm': 3.933708429336548, 'learning_rate': 7.95774647887324e-06, 'epoch': 0.61}
{'loss': 0.8015, 'grad_norm': 6.260246276855469, 'learning_rate': 7.934272300469484e-06, 'epoch': 0.61}
{'loss': 1.1638, 'grad_norm': 6.512432098388672, 'learning_rate': 7.910798122065728e-06, 'epoch': 0.61}
{'loss': 0.9349, 'grad_norm': 6.3810248374938965, 'learning_rate': 7.887323943661972e-06, 'epoch': 0.61}
{'loss': 1.2998, 'grad_norm': 3.2590694427490234, 'learning_rate': 7.863849765258216e-06, 'epoch': 0.61}
{'loss': 0.9559, 'grad_norm': 6.87081241607666, 'learning_rate': 7.84037558685446e-06, 'epoch': 0.61}
{'loss': 1.0904, 'grad_norm': 8.386246681213379, 'learning_rate': 7.816901408450704e-06, 'epoch': 0.61}
{'loss': 1.0181, 'grad_norm': 4.763015270233154, 'learning_rate': 7.79342723004695e-06, 'epoch': 0.61}
{'loss': 0.8671, 'grad_norm': 9.437581062316895, 'learning_rate': 7.769953051643194e-06, 'epoch': 0.62}
{'loss': 0.9406, 'grad_norm': 6.922482967376709, 'learning_rate': 7.746478873239436e-06, 'epoch': 0.62}
{'loss': 0.9745, 'grad_norm': 6.697840690612793, 'learning_rate': 7.723004694835682e-06, 'epoch': 0.62}
{'loss': 0.9456, 'grad_norm': 5.840456008911133, 'learning_rate': 7.699530516431926e-06, 'epoch': 0.62}
{'loss': 1.0178, 'grad_norm': 7.447888374328613, 'learning_rate': 7.67605633802817e-06, 'epoch': 0.62}
{'loss': 0.9587, 'grad_norm': 2.156461715698242, 'learning_rate': 7.652582159624414e-06, 'epoch': 0.62}
{'loss': 1.0111, 'grad_norm': 8.141258239746094, 'learning_rate': 7.629107981220658e-06, 'epoch': 0.62}
{'loss': 1.3141, 'grad_norm': 4.368547439575195, 'learning_rate': 7.6056338028169015e-06, 'epoch': 0.62}
{'loss': 1.0124, 'grad_norm': 4.25782585144043, 'learning_rate': 7.5821596244131455e-06, 'epoch': 0.62}
{'loss': 1.1776, 'grad_norm': 7.610411167144775, 'learning_rate': 7.55868544600939e-06, 'epoch': 0.63}
{'loss': 1.0024, 'grad_norm': 6.277195930480957, 'learning_rate': 7.535211267605634e-06, 'epoch': 0.63}
{'loss': 1.0817, 'grad_norm': 4.065814971923828, 'learning_rate': 7.511737089201878e-06, 'epoch': 0.63}
{'loss': 1.0039, 'grad_norm': 10.328859329223633, 'learning_rate': 7.488262910798123e-06, 'epoch': 0.63}
{'loss': 1.0013, 'grad_norm': 3.251026153564453, 'learning_rate': 7.464788732394367e-06, 'epoch': 0.63}
{'loss': 1.2868, 'grad_norm': 6.066115379333496, 'learning_rate': 7.441314553990611e-06, 'epoch': 0.63}
{'loss': 1.277, 'grad_norm': 5.227447032928467, 'learning_rate': 7.417840375586856e-06, 'epoch': 0.63}
{'loss': 0.9969, 'grad_norm': 5.198765277862549, 'learning_rate': 7.3943661971831e-06, 'epoch': 0.63}
{'loss': 1.0481, 'grad_norm': 3.6487231254577637, 'learning_rate': 7.370892018779343e-06, 'epoch': 0.64}
{'loss': 0.9564, 'grad_norm': 9.00003433227539, 'learning_rate': 7.347417840375587e-06, 'epoch': 0.64}
{'loss': 1.0444, 'grad_norm': 8.227176666259766, 'learning_rate': 7.3239436619718316e-06, 'epoch': 0.64}
{'loss': 0.9374, 'grad_norm': 3.2147481441497803, 'learning_rate': 7.3004694835680755e-06, 'epoch': 0.64}
{'loss': 1.0783, 'grad_norm': 3.5735867023468018, 'learning_rate': 7.2769953051643195e-06, 'epoch': 0.64}
{'loss': 1.0505, 'grad_norm': 4.503795146942139, 'learning_rate': 7.253521126760564e-06, 'epoch': 0.64}
{'loss': 1.0928, 'grad_norm': 7.990610599517822, 'learning_rate': 7.230046948356808e-06, 'epoch': 0.64}
{'loss': 1.2411, 'grad_norm': 4.617381572723389, 'learning_rate': 7.206572769953052e-06, 'epoch': 0.64}
{'loss': 0.9553, 'grad_norm': 5.995480537414551, 'learning_rate': 7.183098591549297e-06, 'epoch': 0.64}
{'loss': 1.1844, 'grad_norm': 7.383418560028076, 'learning_rate': 7.159624413145541e-06, 'epoch': 0.65}
{'loss': 0.9262, 'grad_norm': 2.81107497215271, 'learning_rate': 7.136150234741784e-06, 'epoch': 0.65}
{'loss': 1.069, 'grad_norm': 3.7573132514953613, 'learning_rate': 7.112676056338029e-06, 'epoch': 0.65}
{'loss': 1.0512, 'grad_norm': 7.067499160766602, 'learning_rate': 7.089201877934273e-06, 'epoch': 0.65}
{'loss': 1.099, 'grad_norm': 6.4094696044921875, 'learning_rate': 7.065727699530517e-06, 'epoch': 0.65}
{'loss': 1.0956, 'grad_norm': 3.3088347911834717, 'learning_rate': 7.042253521126761e-06, 'epoch': 0.65}
{'loss': 1.1614, 'grad_norm': 6.114377975463867, 'learning_rate': 7.0187793427230056e-06, 'epoch': 0.65}
{'loss': 1.0513, 'grad_norm': 3.7549312114715576, 'learning_rate': 6.9953051643192495e-06, 'epoch': 0.65}
{'loss': 1.2181, 'grad_norm': 12.44084358215332, 'learning_rate': 6.9718309859154935e-06, 'epoch': 0.66}
{'loss': 1.326, 'grad_norm': 4.649967193603516, 'learning_rate': 6.948356807511738e-06, 'epoch': 0.66}
{'loss': 0.7257, 'grad_norm': 5.502925872802734, 'learning_rate': 6.924882629107981e-06, 'epoch': 0.66}
{'loss': 1.0344, 'grad_norm': 5.260502815246582, 'learning_rate': 6.901408450704225e-06, 'epoch': 0.66}
{'loss': 1.026, 'grad_norm': 3.880023956298828, 'learning_rate': 6.87793427230047e-06, 'epoch': 0.66}
{'loss': 0.9426, 'grad_norm': 3.194012403488159, 'learning_rate': 6.854460093896714e-06, 'epoch': 0.66}
{'loss': 0.9288, 'grad_norm': 4.846195697784424, 'learning_rate': 6.830985915492958e-06, 'epoch': 0.66}
{'loss': 1.0209, 'grad_norm': 2.264369249343872, 'learning_rate': 6.807511737089203e-06, 'epoch': 0.66}
{'loss': 1.1173, 'grad_norm': 3.808406352996826, 'learning_rate': 6.784037558685447e-06, 'epoch': 0.66}
{'loss': 0.9102, 'grad_norm': 3.1959152221679688, 'learning_rate': 6.760563380281691e-06, 'epoch': 0.67}
{'loss': 1.0339, 'grad_norm': 3.7170722484588623, 'learning_rate': 6.737089201877935e-06, 'epoch': 0.67}
{'loss': 0.9695, 'grad_norm': 3.994192600250244, 'learning_rate': 6.71361502347418e-06, 'epoch': 0.67}
{'loss': 0.9717, 'grad_norm': 5.071314811706543, 'learning_rate': 6.690140845070423e-06, 'epoch': 0.67}
{'loss': 0.8781, 'grad_norm': 6.105367660522461, 'learning_rate': 6.666666666666667e-06, 'epoch': 0.67}
{'loss': 0.8603, 'grad_norm': 3.5535993576049805, 'learning_rate': 6.6431924882629115e-06, 'epoch': 0.67}
{'loss': 1.0496, 'grad_norm': 6.615748405456543, 'learning_rate': 6.619718309859155e-06, 'epoch': 0.67}
{'loss': 0.9315, 'grad_norm': 10.653192520141602, 'learning_rate': 6.596244131455399e-06, 'epoch': 0.67}
{'loss': 1.1808, 'grad_norm': 3.7372093200683594, 'learning_rate': 6.572769953051644e-06, 'epoch': 0.68}
{'loss': 1.2301, 'grad_norm': 6.335267543792725, 'learning_rate': 6.549295774647888e-06, 'epoch': 0.68}
{'loss': 1.1998, 'grad_norm': 4.361280918121338, 'learning_rate': 6.525821596244132e-06, 'epoch': 0.68}
{'loss': 1.1971, 'grad_norm': 5.2309112548828125, 'learning_rate': 6.502347417840375e-06, 'epoch': 0.68}
{'loss': 1.0311, 'grad_norm': 5.7295241355896, 'learning_rate': 6.478873239436621e-06, 'epoch': 0.68}
{'loss': 1.3797, 'grad_norm': 6.508096218109131, 'learning_rate': 6.455399061032864e-06, 'epoch': 0.68}
{'loss': 1.1383, 'grad_norm': 6.6312785148620605, 'learning_rate': 6.431924882629108e-06, 'epoch': 0.68}
{'loss': 1.3522, 'grad_norm': 10.015646934509277, 'learning_rate': 6.408450704225353e-06, 'epoch': 0.68}
{'loss': 0.867, 'grad_norm': 5.331932067871094, 'learning_rate': 6.384976525821597e-06, 'epoch': 0.68}
{'loss': 0.9704, 'grad_norm': 3.5491366386413574, 'learning_rate': 6.361502347417841e-06, 'epoch': 0.69}
{'loss': 1.0477, 'grad_norm': 6.314760208129883, 'learning_rate': 6.3380281690140855e-06, 'epoch': 0.69}
{'loss': 1.2023, 'grad_norm': 3.4214344024658203, 'learning_rate': 6.314553990610329e-06, 'epoch': 0.69}
{'loss': 1.0018, 'grad_norm': 6.829102993011475, 'learning_rate': 6.291079812206573e-06, 'epoch': 0.69}
{'loss': 1.3717, 'grad_norm': 9.828091621398926, 'learning_rate': 6.267605633802818e-06, 'epoch': 0.69}
{'loss': 0.9308, 'grad_norm': 3.1490230560302734, 'learning_rate': 6.244131455399062e-06, 'epoch': 0.69}
{'loss': 0.9163, 'grad_norm': 8.534021377563477, 'learning_rate': 6.220657276995305e-06, 'epoch': 0.69}
{'loss': 1.0738, 'grad_norm': 5.576249122619629, 'learning_rate': 6.197183098591549e-06, 'epoch': 0.69}
{'loss': 1.052, 'grad_norm': 4.3228654861450195, 'learning_rate': 6.173708920187794e-06, 'epoch': 0.69}
{'loss': 0.895, 'grad_norm': 6.7483811378479, 'learning_rate': 6.150234741784038e-06, 'epoch': 0.7}
{'loss': 1.3003, 'grad_norm': 4.211050510406494, 'learning_rate': 6.126760563380282e-06, 'epoch': 0.7}
{'loss': 0.9599, 'grad_norm': 4.637265682220459, 'learning_rate': 6.103286384976527e-06, 'epoch': 0.7}
{'loss': 1.1078, 'grad_norm': 6.806922912597656, 'learning_rate': 6.079812206572771e-06, 'epoch': 0.7}
{'loss': 1.0009, 'grad_norm': 3.976538896560669, 'learning_rate': 6.056338028169015e-06, 'epoch': 0.7}
































                                                 


                                               
[A


                                               [A
                                                 

                                                 

                                                 

                                                 

                                                 

                                                 

                                                 

                                                 

                                                 

                                                 

                                                 

                                                 

                                                 

                                                 

                                                 

                                                 

                                                 

                                                 

                                                 

                                                 

                                                 

                                                 

                                                 

                                                 

                                                 

                                                 

                                                 

                                                 

                                                 

                                                 

                                                 

                                                 

                                                 

                                                 

                                                 

                                                 

                                                 

                                                 

                                                 

                                                 

                                                 

                                                 

                                                 

                                                 

                                                 

                                                 

                                                 

                                                 

                                                 

                                                 

                                                 

                                                 

                                                 

                                                 

                                                 

                                                 

                                                 

                                                 

                                                 

                                                 

                                                 

                                                 

                                                 

                                                 

                                                 

                                                 

                                                 

                                                 

                                                 

                                                 

                                                 

                                                 

                                                 

                                                 

                                                 

                                                 

                                                 

                                                 

                                                 

                                                 

                                                 

                                                 

                                                 

                                                 

                                                 

                                                 

                                                 

                                                 

                                                 

                                                 

                                                 

                                                 

                                                 

                                                 

                                                 

                                                 

                                                 

                                                 

                                                 

                                                 

{'loss': 1.0804, 'grad_norm': 3.6162145137786865, 'learning_rate': 6.0328638497652595e-06, 'epoch': 0.7}
{'loss': 1.0541, 'grad_norm': 6.013574123382568, 'learning_rate': 6.0093896713615026e-06, 'epoch': 0.7}
{'loss': 0.9564, 'grad_norm': 11.462926864624023, 'learning_rate': 5.9859154929577465e-06, 'epoch': 0.7}
{'loss': 1.0134, 'grad_norm': 2.9357614517211914, 'learning_rate': 5.9624413145539905e-06, 'epoch': 0.71}
{'loss': 0.9111, 'grad_norm': 4.9409260749816895, 'learning_rate': 5.938967136150235e-06, 'epoch': 0.71}
{'loss': 0.8967, 'grad_norm': 4.798400402069092, 'learning_rate': 5.915492957746479e-06, 'epoch': 0.71}
{'loss': 0.9138, 'grad_norm': 3.864528179168701, 'learning_rate': 5.892018779342723e-06, 'epoch': 0.71}
{'loss': 0.9887, 'grad_norm': 7.620947360992432, 'learning_rate': 5.868544600938968e-06, 'epoch': 0.71}
{'loss': 0.8668, 'grad_norm': 7.530510902404785, 'learning_rate': 5.845070422535212e-06, 'epoch': 0.71}
{'loss': 0.9209, 'grad_norm': 5.178245544433594, 'learning_rate': 5.821596244131456e-06, 'epoch': 0.71}
{'loss': 1.0766, 'grad_norm': 4.283407211303711, 'learning_rate': 5.798122065727701e-06, 'epoch': 0.71}
{'loss': 0.9642, 'grad_norm': 5.837819576263428, 'learning_rate': 5.774647887323944e-06, 'epoch': 0.71}
{'loss': 0.8753, 'grad_norm': 3.982541799545288, 'learning_rate': 5.751173708920188e-06, 'epoch': 0.72}
{'loss': 1.1022, 'grad_norm': 4.172994613647461, 'learning_rate': 5.727699530516433e-06, 'epoch': 0.72}
{'loss': 1.1187, 'grad_norm': 8.310535430908203, 'learning_rate': 5.7042253521126766e-06, 'epoch': 0.72}
{'loss': 1.0918, 'grad_norm': 6.047666549682617, 'learning_rate': 5.6807511737089205e-06, 'epoch': 0.72}
{'loss': 1.1174, 'grad_norm': 4.780281066894531, 'learning_rate': 5.6572769953051645e-06, 'epoch': 0.72}
{'loss': 0.9064, 'grad_norm': 3.7862370014190674, 'learning_rate': 5.633802816901409e-06, 'epoch': 0.72}
{'loss': 0.8493, 'grad_norm': 6.460862636566162, 'learning_rate': 5.610328638497653e-06, 'epoch': 0.72}
{'loss': 1.0848, 'grad_norm': 6.919915676116943, 'learning_rate': 5.586854460093896e-06, 'epoch': 0.72}
{'loss': 1.2583, 'grad_norm': 7.914079666137695, 'learning_rate': 5.563380281690142e-06, 'epoch': 0.73}
{'loss': 0.9776, 'grad_norm': 3.7562131881713867, 'learning_rate': 5.539906103286385e-06, 'epoch': 0.73}
{'loss': 1.0808, 'grad_norm': 6.339176654815674, 'learning_rate': 5.516431924882629e-06, 'epoch': 0.73}
{'loss': 1.0061, 'grad_norm': 4.530253887176514, 'learning_rate': 5.492957746478874e-06, 'epoch': 0.73}
{'loss': 0.9953, 'grad_norm': 3.572254180908203, 'learning_rate': 5.469483568075118e-06, 'epoch': 0.73}
{'loss': 1.1556, 'grad_norm': 6.886997222900391, 'learning_rate': 5.446009389671362e-06, 'epoch': 0.73}
{'loss': 0.8084, 'grad_norm': 6.69585657119751, 'learning_rate': 5.422535211267607e-06, 'epoch': 0.73}
{'loss': 0.8978, 'grad_norm': 5.2648701667785645, 'learning_rate': 5.3990610328638506e-06, 'epoch': 0.73}
{'loss': 1.0532, 'grad_norm': 7.005809307098389, 'learning_rate': 5.3755868544600945e-06, 'epoch': 0.73}
{'loss': 0.8701, 'grad_norm': 2.604198455810547, 'learning_rate': 5.352112676056338e-06, 'epoch': 0.74}
{'loss': 1.2844, 'grad_norm': 7.2145609855651855, 'learning_rate': 5.328638497652583e-06, 'epoch': 0.74}
{'loss': 0.973, 'grad_norm': 3.553959608078003, 'learning_rate': 5.305164319248826e-06, 'epoch': 0.74}
{'loss': 0.8723, 'grad_norm': 3.3447773456573486, 'learning_rate': 5.28169014084507e-06, 'epoch': 0.74}
{'loss': 0.936, 'grad_norm': 3.200444459915161, 'learning_rate': 5.258215962441315e-06, 'epoch': 0.74}
{'loss': 1.0333, 'grad_norm': 8.412583351135254, 'learning_rate': 5.234741784037559e-06, 'epoch': 0.74}
{'loss': 0.8637, 'grad_norm': 3.5350356101989746, 'learning_rate': 5.211267605633803e-06, 'epoch': 0.74}
{'loss': 1.1222, 'grad_norm': 4.03333854675293, 'learning_rate': 5.187793427230048e-06, 'epoch': 0.74}
{'loss': 1.0328, 'grad_norm': 4.774482250213623, 'learning_rate': 5.164319248826292e-06, 'epoch': 0.75}
{'loss': 1.0835, 'grad_norm': 3.5677895545959473, 'learning_rate': 5.140845070422536e-06, 'epoch': 0.75}
{'loss': 0.9414, 'grad_norm': 3.7367496490478516, 'learning_rate': 5.117370892018779e-06, 'epoch': 0.75}
{'loss': 1.1058, 'grad_norm': 4.610518932342529, 'learning_rate': 5.093896713615024e-06, 'epoch': 0.75}
{'loss': 1.1372, 'grad_norm': 4.65165376663208, 'learning_rate': 5.070422535211268e-06, 'epoch': 0.75}
{'loss': 0.7822, 'grad_norm': 3.324723720550537, 'learning_rate': 5.046948356807512e-06, 'epoch': 0.75}
{'loss': 0.852, 'grad_norm': 7.487875938415527, 'learning_rate': 5.0234741784037565e-06, 'epoch': 0.75}
{'loss': 1.2115, 'grad_norm': 6.5517988204956055, 'learning_rate': 5e-06, 'epoch': 0.75}
{'loss': 1.0, 'grad_norm': 4.502294063568115, 'learning_rate': 4.976525821596244e-06, 'epoch': 0.75}
{'loss': 0.9367, 'grad_norm': 4.804802417755127, 'learning_rate': 4.953051643192488e-06, 'epoch': 0.76}
{'loss': 1.0532, 'grad_norm': 4.801530838012695, 'learning_rate': 4.929577464788733e-06, 'epoch': 0.76}
{'loss': 1.0231, 'grad_norm': 4.263304233551025, 'learning_rate': 4.906103286384977e-06, 'epoch': 0.76}
{'loss': 0.9147, 'grad_norm': 4.698740005493164, 'learning_rate': 4.882629107981221e-06, 'epoch': 0.76}
{'loss': 0.9944, 'grad_norm': 5.052524566650391, 'learning_rate': 4.859154929577465e-06, 'epoch': 0.76}
{'loss': 0.8498, 'grad_norm': 4.529950141906738, 'learning_rate': 4.835680751173709e-06, 'epoch': 0.76}
{'loss': 1.0965, 'grad_norm': 4.143218994140625, 'learning_rate': 4.812206572769954e-06, 'epoch': 0.76}
{'loss': 1.0556, 'grad_norm': 3.948854684829712, 'learning_rate': 4.788732394366197e-06, 'epoch': 0.76}
{'loss': 1.0362, 'grad_norm': 5.70098876953125, 'learning_rate': 4.765258215962442e-06, 'epoch': 0.76}
{'loss': 1.3213, 'grad_norm': 5.054388046264648, 'learning_rate': 4.741784037558686e-06, 'epoch': 0.77}
{'loss': 1.0342, 'grad_norm': 4.529578685760498, 'learning_rate': 4.71830985915493e-06, 'epoch': 0.77}
{'loss': 1.021, 'grad_norm': 4.856527328491211, 'learning_rate': 4.694835680751174e-06, 'epoch': 0.77}
{'loss': 1.1867, 'grad_norm': 4.9403395652771, 'learning_rate': 4.671361502347418e-06, 'epoch': 0.77}
{'loss': 0.9747, 'grad_norm': 5.044389724731445, 'learning_rate': 4.647887323943662e-06, 'epoch': 0.77}
{'loss': 0.9158, 'grad_norm': 5.120549201965332, 'learning_rate': 4.624413145539906e-06, 'epoch': 0.77}
{'loss': 0.8354, 'grad_norm': 4.451463222503662, 'learning_rate': 4.60093896713615e-06, 'epoch': 0.77}
{'loss': 1.113, 'grad_norm': 7.605027675628662, 'learning_rate': 4.577464788732395e-06, 'epoch': 0.77}
{'loss': 0.975, 'grad_norm': 2.9172894954681396, 'learning_rate': 4.553990610328639e-06, 'epoch': 0.78}
{'loss': 0.9634, 'grad_norm': 5.770403861999512, 'learning_rate': 4.530516431924883e-06, 'epoch': 0.78}
{'loss': 1.0046, 'grad_norm': 3.895331859588623, 'learning_rate': 4.507042253521127e-06, 'epoch': 0.78}
{'loss': 1.0337, 'grad_norm': 8.111414909362793, 'learning_rate': 4.483568075117371e-06, 'epoch': 0.78}
{'loss': 1.1919, 'grad_norm': 3.9609246253967285, 'learning_rate': 4.460093896713616e-06, 'epoch': 0.78}
{'loss': 1.1797, 'grad_norm': 4.103305339813232, 'learning_rate': 4.43661971830986e-06, 'epoch': 0.78}
{'loss': 0.9737, 'grad_norm': 3.9584603309631348, 'learning_rate': 4.413145539906104e-06, 'epoch': 0.78}
{'loss': 1.0551, 'grad_norm': 4.322649955749512, 'learning_rate': 4.3896713615023476e-06, 'epoch': 0.78}
{'loss': 1.075, 'grad_norm': 3.9897501468658447, 'learning_rate': 4.3661971830985915e-06, 'epoch': 0.78}
{'loss': 1.0396, 'grad_norm': 5.169988632202148, 'learning_rate': 4.342723004694836e-06, 'epoch': 0.79}
{'loss': 1.1616, 'grad_norm': 3.1190056800842285, 'learning_rate': 4.31924882629108e-06, 'epoch': 0.79}
{'loss': 0.9604, 'grad_norm': 6.335163593292236, 'learning_rate': 4.295774647887324e-06, 'epoch': 0.79}
{'loss': 1.0941, 'grad_norm': 5.329087734222412, 'learning_rate': 4.272300469483568e-06, 'epoch': 0.79}
{'loss': 0.9012, 'grad_norm': 4.783768653869629, 'learning_rate': 4.248826291079813e-06, 'epoch': 0.79}
{'loss': 0.9544, 'grad_norm': 4.488119125366211, 'learning_rate': 4.225352112676057e-06, 'epoch': 0.79}
{'loss': 0.8113, 'grad_norm': 4.404557228088379, 'learning_rate': 4.201877934272301e-06, 'epoch': 0.79}
{'loss': 1.0165, 'grad_norm': 7.041750431060791, 'learning_rate': 4.178403755868545e-06, 'epoch': 0.79}
{'loss': 1.0852, 'grad_norm': 6.236109733581543, 'learning_rate': 4.154929577464789e-06, 'epoch': 0.8}
{'loss': 0.9815, 'grad_norm': 3.476506471633911, 'learning_rate': 4.131455399061034e-06, 'epoch': 0.8}
{'loss': 1.036, 'grad_norm': 4.960725784301758, 'learning_rate': 4.107981220657278e-06, 'epoch': 0.8}
{'loss': 1.0225, 'grad_norm': 4.011041641235352, 'learning_rate': 4.0845070422535216e-06, 'epoch': 0.8}
{'loss': 1.0196, 'grad_norm': 2.4361488819122314, 'learning_rate': 4.0610328638497655e-06, 'epoch': 0.8}
{'loss': 0.9883, 'grad_norm': 6.670121669769287, 'learning_rate': 4.0375586854460095e-06, 'epoch': 0.8}
{'loss': 1.0442, 'grad_norm': 4.732420921325684, 'learning_rate': 4.014084507042254e-06, 'epoch': 0.8}
{'loss': 0.8713, 'grad_norm': 5.769448757171631, 'learning_rate': 3.990610328638498e-06, 'epoch': 0.8}
{'loss': 0.9682, 'grad_norm': 6.005807399749756, 'learning_rate': 3.967136150234742e-06, 'epoch': 0.8}
{'loss': 1.1307, 'grad_norm': 5.717539310455322, 'learning_rate': 3.943661971830986e-06, 'epoch': 0.81}
{'loss': 1.0904, 'grad_norm': 3.977597713470459, 'learning_rate': 3.92018779342723e-06, 'epoch': 0.81}
{'loss': 0.9028, 'grad_norm': 6.776971817016602, 'learning_rate': 3.896713615023475e-06, 'epoch': 0.81}
{'loss': 1.2047, 'grad_norm': 3.48101544380188, 'learning_rate': 3.873239436619718e-06, 'epoch': 0.81}
{'loss': 1.0918, 'grad_norm': 2.627082109451294, 'learning_rate': 3.849765258215963e-06, 'epoch': 0.81}
{'loss': 1.0785, 'grad_norm': 3.776456594467163, 'learning_rate': 3.826291079812207e-06, 'epoch': 0.81}
{'loss': 1.2062, 'grad_norm': 3.159583330154419, 'learning_rate': 3.8028169014084508e-06, 'epoch': 0.81}
{'loss': 1.0813, 'grad_norm': 6.436795711517334, 'learning_rate': 3.779342723004695e-06, 'epoch': 0.81}
{'loss': 1.2135, 'grad_norm': 8.219672203063965, 'learning_rate': 3.755868544600939e-06, 'epoch': 0.82}
{'loss': 1.0773, 'grad_norm': 3.318293809890747, 'learning_rate': 3.7323943661971835e-06, 'epoch': 0.82}
{'loss': 0.8797, 'grad_norm': 4.424679756164551, 'learning_rate': 3.708920187793428e-06, 'epoch': 0.82}
































                                                 


                                               
[A


                                               [A
                                                 

                                                 

                                                 

                                                 

                                                 

                                                 

                                                 

                                                 

                                                 

                                                 

                                                 

                                                 

                                                 

                                                 

                                                 

                                                 

                                                 

                                                 

                                                 

                                                 

                                                 

                                                 

                                                 

                                                 

                                                 

                                                 

                                                 

                                                 

                                                 

                                                 

                                                 

                                                 

                                                 

                                                 

                                                 

                                                 

                                                 

                                                 

                                                 

                                                 

                                                 

                                                 

                                                 

                                                 

                                                 

                                                 

                                                 

                                                 

                                                 

                                                 

                                                 

                                                 

                                                 

                                                 

                                                 

                                                 

                                                 

                                                 

                                                 

                                                 

                                                 

                                                 

                                                 

                                                 

                                                 

                                                 

                                                 

                                                 

                                                 

                                                 

                                                 

                                                 

                                                 

                                                 

                                                 

                                                 

                                                 

                                                 

                                                 

                                                 

                                                 

                                                 

                                                 

                                                 

                                                 

                                                 

                                                 

                                                 

                                                 

                                                 

                                                 

                                                 

                                                 

                                                 

                                                 

                                                 

                                                 

                                                 

                                                 

                                                 

{'loss': 0.9524, 'grad_norm': 11.09157943725586, 'learning_rate': 3.6854460093896714e-06, 'epoch': 0.82}
{'loss': 1.0457, 'grad_norm': 4.622185707092285, 'learning_rate': 3.6619718309859158e-06, 'epoch': 0.82}
{'loss': 0.9685, 'grad_norm': 5.8108954429626465, 'learning_rate': 3.6384976525821597e-06, 'epoch': 0.82}
{'loss': 1.056, 'grad_norm': 5.378787040710449, 'learning_rate': 3.615023474178404e-06, 'epoch': 0.82}
{'loss': 1.0014, 'grad_norm': 2.569084405899048, 'learning_rate': 3.5915492957746485e-06, 'epoch': 0.82}
{'loss': 1.3877, 'grad_norm': 3.8507556915283203, 'learning_rate': 3.568075117370892e-06, 'epoch': 0.82}
{'loss': 1.0174, 'grad_norm': 7.038280010223389, 'learning_rate': 3.5446009389671364e-06, 'epoch': 0.83}
{'loss': 1.0834, 'grad_norm': 5.66247034072876, 'learning_rate': 3.5211267605633804e-06, 'epoch': 0.83}
{'loss': 1.2409, 'grad_norm': 10.506719589233398, 'learning_rate': 3.4976525821596248e-06, 'epoch': 0.83}
{'loss': 1.0121, 'grad_norm': 4.880378246307373, 'learning_rate': 3.474178403755869e-06, 'epoch': 0.83}
{'loss': 1.2506, 'grad_norm': 13.583508491516113, 'learning_rate': 3.4507042253521127e-06, 'epoch': 0.83}
{'loss': 1.1785, 'grad_norm': 7.501959800720215, 'learning_rate': 3.427230046948357e-06, 'epoch': 0.83}
{'loss': 1.3398, 'grad_norm': 11.968666076660156, 'learning_rate': 3.4037558685446014e-06, 'epoch': 0.83}
{'loss': 1.1243, 'grad_norm': 7.502762317657471, 'learning_rate': 3.3802816901408454e-06, 'epoch': 0.83}
{'loss': 0.9904, 'grad_norm': 9.92487621307373, 'learning_rate': 3.35680751173709e-06, 'epoch': 0.84}
{'loss': 0.9047, 'grad_norm': 5.216253757476807, 'learning_rate': 3.3333333333333333e-06, 'epoch': 0.84}
{'loss': 0.9344, 'grad_norm': 9.733613967895508, 'learning_rate': 3.3098591549295777e-06, 'epoch': 0.84}
{'loss': 0.888, 'grad_norm': 5.478283405303955, 'learning_rate': 3.286384976525822e-06, 'epoch': 0.84}
{'loss': 1.0563, 'grad_norm': 4.7524309158325195, 'learning_rate': 3.262910798122066e-06, 'epoch': 0.84}
{'loss': 0.9893, 'grad_norm': 5.182187557220459, 'learning_rate': 3.2394366197183104e-06, 'epoch': 0.84}
{'loss': 0.8629, 'grad_norm': 3.0222373008728027, 'learning_rate': 3.215962441314554e-06, 'epoch': 0.84}
{'loss': 1.0342, 'grad_norm': 7.579907417297363, 'learning_rate': 3.1924882629107983e-06, 'epoch': 0.84}
{'loss': 1.2188, 'grad_norm': 5.293644428253174, 'learning_rate': 3.1690140845070427e-06, 'epoch': 0.84}
{'loss': 1.1188, 'grad_norm': 4.509551048278809, 'learning_rate': 3.1455399061032867e-06, 'epoch': 0.85}
{'loss': 1.2456, 'grad_norm': 7.060519218444824, 'learning_rate': 3.122065727699531e-06, 'epoch': 0.85}
{'loss': 0.969, 'grad_norm': 8.358553886413574, 'learning_rate': 3.0985915492957746e-06, 'epoch': 0.85}
{'loss': 1.0159, 'grad_norm': 4.244850158691406, 'learning_rate': 3.075117370892019e-06, 'epoch': 0.85}
{'loss': 1.0446, 'grad_norm': 9.226402282714844, 'learning_rate': 3.0516431924882634e-06, 'epoch': 0.85}
{'loss': 1.1599, 'grad_norm': 3.6942591667175293, 'learning_rate': 3.0281690140845073e-06, 'epoch': 0.85}
{'loss': 1.2427, 'grad_norm': 7.0796027183532715, 'learning_rate': 3.0046948356807513e-06, 'epoch': 0.85}
{'loss': 0.9955, 'grad_norm': 2.4871604442596436, 'learning_rate': 2.9812206572769952e-06, 'epoch': 0.85}
{'loss': 0.9975, 'grad_norm': 5.402656078338623, 'learning_rate': 2.9577464788732396e-06, 'epoch': 0.85}
{'loss': 1.1111, 'grad_norm': 4.1834797859191895, 'learning_rate': 2.934272300469484e-06, 'epoch': 0.86}
{'loss': 1.1077, 'grad_norm': 5.204382419586182, 'learning_rate': 2.910798122065728e-06, 'epoch': 0.86}
{'loss': 1.0457, 'grad_norm': 3.0933756828308105, 'learning_rate': 2.887323943661972e-06, 'epoch': 0.86}
{'loss': 1.2447, 'grad_norm': 4.843047142028809, 'learning_rate': 2.8638497652582163e-06, 'epoch': 0.86}
{'loss': 1.3219, 'grad_norm': 6.478907585144043, 'learning_rate': 2.8403755868544603e-06, 'epoch': 0.86}
{'loss': 1.009, 'grad_norm': 3.3727128505706787, 'learning_rate': 2.8169014084507046e-06, 'epoch': 0.86}
{'loss': 1.1546, 'grad_norm': 4.346834659576416, 'learning_rate': 2.793427230046948e-06, 'epoch': 0.86}
{'loss': 0.968, 'grad_norm': 4.5961503982543945, 'learning_rate': 2.7699530516431926e-06, 'epoch': 0.86}
{'loss': 1.0195, 'grad_norm': 5.788082599639893, 'learning_rate': 2.746478873239437e-06, 'epoch': 0.87}
{'loss': 1.1628, 'grad_norm': 5.232177257537842, 'learning_rate': 2.723004694835681e-06, 'epoch': 0.87}
{'loss': 0.8552, 'grad_norm': 4.707082271575928, 'learning_rate': 2.6995305164319253e-06, 'epoch': 0.87}
{'loss': 0.929, 'grad_norm': 6.306158065795898, 'learning_rate': 2.676056338028169e-06, 'epoch': 0.87}
{'loss': 1.1261, 'grad_norm': 6.170172214508057, 'learning_rate': 2.652582159624413e-06, 'epoch': 0.87}
{'loss': 0.9941, 'grad_norm': 4.8140082359313965, 'learning_rate': 2.6291079812206576e-06, 'epoch': 0.87}
{'loss': 1.2288, 'grad_norm': 5.2466278076171875, 'learning_rate': 2.6056338028169015e-06, 'epoch': 0.87}
{'loss': 0.9148, 'grad_norm': 2.691884756088257, 'learning_rate': 2.582159624413146e-06, 'epoch': 0.87}
{'loss': 0.9725, 'grad_norm': 9.524913787841797, 'learning_rate': 2.5586854460093895e-06, 'epoch': 0.87}
{'loss': 0.8434, 'grad_norm': 3.8932340145111084, 'learning_rate': 2.535211267605634e-06, 'epoch': 0.88}
{'loss': 1.0304, 'grad_norm': 5.780061721801758, 'learning_rate': 2.5117370892018782e-06, 'epoch': 0.88}
{'loss': 1.1488, 'grad_norm': 5.958385944366455, 'learning_rate': 2.488262910798122e-06, 'epoch': 0.88}
{'loss': 1.0016, 'grad_norm': 5.225051403045654, 'learning_rate': 2.4647887323943666e-06, 'epoch': 0.88}
{'loss': 1.1873, 'grad_norm': 6.661355018615723, 'learning_rate': 2.4413145539906105e-06, 'epoch': 0.88}
{'loss': 1.0367, 'grad_norm': 4.005929470062256, 'learning_rate': 2.4178403755868545e-06, 'epoch': 0.88}
{'loss': 0.9818, 'grad_norm': 3.25697660446167, 'learning_rate': 2.3943661971830984e-06, 'epoch': 0.88}
{'loss': 1.0742, 'grad_norm': 2.960200071334839, 'learning_rate': 2.370892018779343e-06, 'epoch': 0.88}
{'loss': 0.9118, 'grad_norm': 3.529784679412842, 'learning_rate': 2.347417840375587e-06, 'epoch': 0.89}
{'loss': 1.0124, 'grad_norm': 3.7625718116760254, 'learning_rate': 2.323943661971831e-06, 'epoch': 0.89}
{'loss': 1.0759, 'grad_norm': 6.750237464904785, 'learning_rate': 2.300469483568075e-06, 'epoch': 0.89}
{'loss': 1.0809, 'grad_norm': 5.775221824645996, 'learning_rate': 2.2769953051643195e-06, 'epoch': 0.89}
{'loss': 0.7477, 'grad_norm': 3.342731237411499, 'learning_rate': 2.2535211267605635e-06, 'epoch': 0.89}
{'loss': 1.0335, 'grad_norm': 6.785464763641357, 'learning_rate': 2.230046948356808e-06, 'epoch': 0.89}
{'loss': 0.9929, 'grad_norm': 5.539522647857666, 'learning_rate': 2.206572769953052e-06, 'epoch': 0.89}
{'loss': 1.0388, 'grad_norm': 6.351242542266846, 'learning_rate': 2.1830985915492958e-06, 'epoch': 0.89}
{'loss': 1.0341, 'grad_norm': 4.531720161437988, 'learning_rate': 2.15962441314554e-06, 'epoch': 0.89}
{'loss': 1.046, 'grad_norm': 8.44913387298584, 'learning_rate': 2.136150234741784e-06, 'epoch': 0.9}
{'loss': 0.9626, 'grad_norm': 4.585652828216553, 'learning_rate': 2.1126760563380285e-06, 'epoch': 0.9}
{'loss': 1.1762, 'grad_norm': 4.380462646484375, 'learning_rate': 2.0892018779342724e-06, 'epoch': 0.9}
{'loss': 0.9931, 'grad_norm': 3.793424606323242, 'learning_rate': 2.065727699530517e-06, 'epoch': 0.9}
{'loss': 0.8614, 'grad_norm': 6.448473930358887, 'learning_rate': 2.0422535211267608e-06, 'epoch': 0.9}
{'loss': 1.0992, 'grad_norm': 6.253120422363281, 'learning_rate': 2.0187793427230047e-06, 'epoch': 0.9}
{'loss': 0.7596, 'grad_norm': 4.464702606201172, 'learning_rate': 1.995305164319249e-06, 'epoch': 0.9}
{'loss': 1.1866, 'grad_norm': 4.9367804527282715, 'learning_rate': 1.971830985915493e-06, 'epoch': 0.9}
{'loss': 0.8515, 'grad_norm': 5.916625499725342, 'learning_rate': 1.9483568075117375e-06, 'epoch': 0.91}
{'loss': 0.9038, 'grad_norm': 4.901658535003662, 'learning_rate': 1.9248826291079814e-06, 'epoch': 0.91}
{'loss': 0.9165, 'grad_norm': 3.3830370903015137, 'learning_rate': 1.9014084507042254e-06, 'epoch': 0.91}
{'loss': 1.1862, 'grad_norm': 11.100790977478027, 'learning_rate': 1.8779342723004696e-06, 'epoch': 0.91}
{'loss': 0.9476, 'grad_norm': 5.685415744781494, 'learning_rate': 1.854460093896714e-06, 'epoch': 0.91}
{'loss': 1.0036, 'grad_norm': 5.396404266357422, 'learning_rate': 1.8309859154929579e-06, 'epoch': 0.91}
{'loss': 0.9809, 'grad_norm': 8.754745483398438, 'learning_rate': 1.807511737089202e-06, 'epoch': 0.91}
{'loss': 0.9856, 'grad_norm': 6.787910461425781, 'learning_rate': 1.784037558685446e-06, 'epoch': 0.91}
{'loss': 1.0507, 'grad_norm': 5.813188552856445, 'learning_rate': 1.7605633802816902e-06, 'epoch': 0.91}
{'loss': 1.0321, 'grad_norm': 2.8279707431793213, 'learning_rate': 1.7370892018779346e-06, 'epoch': 0.92}
{'loss': 0.9012, 'grad_norm': 5.2035136222839355, 'learning_rate': 1.7136150234741785e-06, 'epoch': 0.92}
{'loss': 1.2323, 'grad_norm': 4.724564552307129, 'learning_rate': 1.6901408450704227e-06, 'epoch': 0.92}
{'loss': 1.3618, 'grad_norm': 5.749732494354248, 'learning_rate': 1.6666666666666667e-06, 'epoch': 0.92}
{'loss': 0.8325, 'grad_norm': 4.269259929656982, 'learning_rate': 1.643192488262911e-06, 'epoch': 0.92}
{'loss': 1.0025, 'grad_norm': 3.732877254486084, 'learning_rate': 1.6197183098591552e-06, 'epoch': 0.92}
{'loss': 1.3675, 'grad_norm': 5.52662992477417, 'learning_rate': 1.5962441314553992e-06, 'epoch': 0.92}
{'loss': 1.3039, 'grad_norm': 3.7695698738098145, 'learning_rate': 1.5727699530516433e-06, 'epoch': 0.92}
{'loss': 1.0157, 'grad_norm': 2.9750187397003174, 'learning_rate': 1.5492957746478873e-06, 'epoch': 0.92}
{'loss': 1.1229, 'grad_norm': 3.682239532470703, 'learning_rate': 1.5258215962441317e-06, 'epoch': 0.93}
{'loss': 1.0942, 'grad_norm': 4.6629157066345215, 'learning_rate': 1.5023474178403756e-06, 'epoch': 0.93}
{'loss': 0.9564, 'grad_norm': 2.9210798740386963, 'learning_rate': 1.4788732394366198e-06, 'epoch': 0.93}
{'loss': 0.7804, 'grad_norm': 6.570655822753906, 'learning_rate': 1.455399061032864e-06, 'epoch': 0.93}
{'loss': 1.0937, 'grad_norm': 8.168673515319824, 'learning_rate': 1.4319248826291082e-06, 'epoch': 0.93}
{'loss': 1.0969, 'grad_norm': 3.770148277282715, 'learning_rate': 1.4084507042253523e-06, 'epoch': 0.93}
{'loss': 0.9782, 'grad_norm': 3.8392720222473145, 'learning_rate': 1.3849765258215963e-06, 'epoch': 0.93}
{'loss': 1.0221, 'grad_norm': 8.00368881225586, 'learning_rate': 1.3615023474178405e-06, 'epoch': 0.93}
































                                                 


                                               
[A


                                               [A
                                                 

                                                 

                                                 

                                                 

                                                 

                                                 

                                                 

                                                 

                                                 

                                                 

                                                 

                                                 

                                                 

                                                 

                                                 

                                                 

                                                 

                                                 

                                                 

                                                 

                                                 

                                                 

                                                 

                                                 

                                                 

                                                 

                                                 

                                                 

                                                 

                                                 

                                                 

                                                 

                                                 

                                                 

                                                 

                                                 

                                                 

                                                 

                                                 

                                                 

                                                 

                                                 

                                                 

                                                 

                                                 

                                                 

                                                 

                                                 

                                                 

                                                 

                                                 

                                                 

                                                 

                                                 

                                                 

                                                 

                                                 

                                                 

No files have been modified since last commit. Skipping to prevent empty commit.
{'eval_loss': 0.9030625224113464, 'eval_runtime': 9.5565, 'eval_samples_per_second': 13.394, 'eval_steps_per_second': 3.349, 'epoch': 0.93}
{'loss': 1.4131, 'grad_norm': 5.7289719581604, 'learning_rate': 1.3380281690140844e-06, 'epoch': 0.94}
{'loss': 1.1251, 'grad_norm': 3.1511383056640625, 'learning_rate': 1.3145539906103288e-06, 'epoch': 0.94}
{'loss': 0.966, 'grad_norm': 2.838587999343872, 'learning_rate': 1.291079812206573e-06, 'epoch': 0.94}
{'loss': 0.9094, 'grad_norm': 8.783912658691406, 'learning_rate': 1.267605633802817e-06, 'epoch': 0.94}
{'loss': 1.3374, 'grad_norm': 3.0913026332855225, 'learning_rate': 1.244131455399061e-06, 'epoch': 0.94}
{'loss': 0.861, 'grad_norm': 6.47341775894165, 'learning_rate': 1.2206572769953053e-06, 'epoch': 0.94}
{'loss': 1.0423, 'grad_norm': 5.67738151550293, 'learning_rate': 1.1971830985915492e-06, 'epoch': 0.94}
{'loss': 1.0118, 'grad_norm': 5.6446943283081055, 'learning_rate': 1.1737089201877936e-06, 'epoch': 0.94}
{'loss': 1.2063, 'grad_norm': 7.796062469482422, 'learning_rate': 1.1502347417840376e-06, 'epoch': 0.94}
{'loss': 1.1835, 'grad_norm': 8.723522186279297, 'learning_rate': 1.1267605633802817e-06, 'epoch': 0.95}
{'loss': 1.0654, 'grad_norm': 8.486162185668945, 'learning_rate': 1.103286384976526e-06, 'epoch': 0.95}
{'loss': 1.1719, 'grad_norm': 4.785630702972412, 'learning_rate': 1.07981220657277e-06, 'epoch': 0.95}
{'loss': 1.1749, 'grad_norm': 3.9826362133026123, 'learning_rate': 1.0563380281690142e-06, 'epoch': 0.95}
{'loss': 1.175, 'grad_norm': 5.557183742523193, 'learning_rate': 1.0328638497652584e-06, 'epoch': 0.95}
{'loss': 0.9965, 'grad_norm': 3.678915500640869, 'learning_rate': 1.0093896713615024e-06, 'epoch': 0.95}
{'loss': 1.1506, 'grad_norm': 4.567890167236328, 'learning_rate': 9.859154929577465e-07, 'epoch': 0.95}
{'loss': 1.0339, 'grad_norm': 5.362784385681152, 'learning_rate': 9.624413145539907e-07, 'epoch': 0.95}
{'loss': 0.9513, 'grad_norm': 5.414731979370117, 'learning_rate': 9.389671361502348e-07, 'epoch': 0.96}
{'loss': 0.997, 'grad_norm': 2.5771563053131104, 'learning_rate': 9.154929577464789e-07, 'epoch': 0.96}
{'loss': 0.8922, 'grad_norm': 2.9806995391845703, 'learning_rate': 8.92018779342723e-07, 'epoch': 0.96}
{'loss': 1.0654, 'grad_norm': 4.6208319664001465, 'learning_rate': 8.685446009389673e-07, 'epoch': 0.96}
{'loss': 0.9575, 'grad_norm': 3.7957711219787598, 'learning_rate': 8.450704225352114e-07, 'epoch': 0.96}
{'loss': 0.7727, 'grad_norm': 7.441427707672119, 'learning_rate': 8.215962441314555e-07, 'epoch': 0.96}
{'loss': 1.0013, 'grad_norm': 5.807476043701172, 'learning_rate': 7.981220657276996e-07, 'epoch': 0.96}
{'loss': 0.9779, 'grad_norm': 5.991211414337158, 'learning_rate': 7.746478873239437e-07, 'epoch': 0.96}
{'loss': 1.0135, 'grad_norm': 5.2050652503967285, 'learning_rate': 7.511737089201878e-07, 'epoch': 0.96}
{'loss': 1.1936, 'grad_norm': 4.477116107940674, 'learning_rate': 7.27699530516432e-07, 'epoch': 0.97}
{'loss': 1.0286, 'grad_norm': 5.823776721954346, 'learning_rate': 7.042253521126762e-07, 'epoch': 0.97}
{'loss': 1.0925, 'grad_norm': 5.130378723144531, 'learning_rate': 6.807511737089202e-07, 'epoch': 0.97}
{'loss': 1.1919, 'grad_norm': 6.466089248657227, 'learning_rate': 6.572769953051644e-07, 'epoch': 0.97}
{'loss': 0.9243, 'grad_norm': 5.583491802215576, 'learning_rate': 6.338028169014085e-07, 'epoch': 0.97}
{'loss': 1.1905, 'grad_norm': 6.305121898651123, 'learning_rate': 6.103286384976526e-07, 'epoch': 0.97}
{'loss': 1.0221, 'grad_norm': 3.472289800643921, 'learning_rate': 5.868544600938968e-07, 'epoch': 0.97}
{'loss': 0.9771, 'grad_norm': 5.5587053298950195, 'learning_rate': 5.633802816901409e-07, 'epoch': 0.97}
{'loss': 1.0545, 'grad_norm': 5.893797874450684, 'learning_rate': 5.39906103286385e-07, 'epoch': 0.98}
{'loss': 1.0348, 'grad_norm': 8.74306583404541, 'learning_rate': 5.164319248826292e-07, 'epoch': 0.98}
{'loss': 1.1333, 'grad_norm': 5.810303211212158, 'learning_rate': 4.929577464788733e-07, 'epoch': 0.98}
{'loss': 1.1439, 'grad_norm': 4.848940372467041, 'learning_rate': 4.694835680751174e-07, 'epoch': 0.98}
{'loss': 1.0354, 'grad_norm': 3.183255195617676, 'learning_rate': 4.460093896713615e-07, 'epoch': 0.98}
{'loss': 1.2355, 'grad_norm': 8.918837547302246, 'learning_rate': 4.225352112676057e-07, 'epoch': 0.98}
{'loss': 1.0312, 'grad_norm': 7.058844566345215, 'learning_rate': 3.990610328638498e-07, 'epoch': 0.98}
{'loss': 1.2022, 'grad_norm': 5.24798059463501, 'learning_rate': 3.755868544600939e-07, 'epoch': 0.98}
{'loss': 1.2349, 'grad_norm': 3.945101737976074, 'learning_rate': 3.521126760563381e-07, 'epoch': 0.98}
{'loss': 1.1501, 'grad_norm': 7.203615188598633, 'learning_rate': 3.286384976525822e-07, 'epoch': 0.99}
{'loss': 1.1294, 'grad_norm': 3.2761600017547607, 'learning_rate': 3.051643192488263e-07, 'epoch': 0.99}
{'loss': 0.9171, 'grad_norm': 4.6354265213012695, 'learning_rate': 2.8169014084507043e-07, 'epoch': 0.99}
{'loss': 1.1458, 'grad_norm': 3.521984338760376, 'learning_rate': 2.582159624413146e-07, 'epoch': 0.99}
{'loss': 0.9629, 'grad_norm': 6.371293067932129, 'learning_rate': 2.347417840375587e-07, 'epoch': 0.99}
{'loss': 1.1895, 'grad_norm': 5.421183109283447, 'learning_rate': 2.1126760563380284e-07, 'epoch': 0.99}
{'loss': 0.9686, 'grad_norm': 6.5685811042785645, 'learning_rate': 1.8779342723004696e-07, 'epoch': 0.99}
{'loss': 1.0231, 'grad_norm': 4.1046953201293945, 'learning_rate': 1.643192488262911e-07, 'epoch': 0.99}
{'loss': 1.0728, 'grad_norm': 1.5276116132736206, 'learning_rate': 1.4084507042253522e-07, 'epoch': 1.0}
{'loss': 1.349, 'grad_norm': 5.610383033752441, 'learning_rate': 1.1737089201877935e-07, 'epoch': 1.0}
{'loss': 0.8729, 'grad_norm': 5.384522438049316, 'learning_rate': 9.389671361502348e-08, 'epoch': 1.0}
{'loss': 0.8963, 'grad_norm': 4.517218589782715, 'learning_rate': 7.042253521126761e-08, 'epoch': 1.0}
{'loss': 1.1572, 'grad_norm': 4.841125011444092, 'learning_rate': 4.694835680751174e-08, 'epoch': 1.0}
{'loss': 1.3201, 'grad_norm': 46.1412239074707, 'learning_rate': 2.347417840375587e-08, 'epoch': 1.0}
{'train_runtime': 1430.0734, 'train_samples_per_second': 9.588, 'train_steps_per_second': 0.599, 'train_loss': 1.0840229446300964, 'epoch': 1.0}
Pushing full model and tokenizer to jrepifano/q14b-mix-arm7-r1-seed1...
Saved model to https://huggingface.co/jrepifano/q14b-mix-arm7-r1-seed1
Successfully pushed full model and tokenizer!

{'eval_loss': 0.9031981229782104, 'eval_runtime': 9.5557, 'eval_samples_per_second': 13.395, 'eval_steps_per_second': 3.349}
[1;34mwandb[0m: 
[1;34mwandb[0m: You can sync this run to the cloud by running:
[1;34mwandb[0m: [1mwandb sync /workspace/model-organisms-for-EM/wandb/offline-run-20260817_214904-uulbbtsz[0m
[1;34mwandb[0m: Find logs at: [1;35mwandb/offline-run-20260817_214904-uulbbtsz/logs[0m
