/workspace/model-organisms-for-EM/.venv/lib/python3.12/site-packages/unsloth_zoo/compiler.py:1191: SyntaxWarning: invalid escape sequence '\:'
  r"for ([^\s]{1,}) in " + modulelist_item + "\:[\n]" + \
/workspace/model-organisms-for-EM/.venv/lib/python3.12/site-packages/unsloth_zoo/compiler.py:1434: SyntaxWarning: invalid escape sequence '\('
  regex_find = f"{call_class}\(([^\)]{{1,}})\)"
/workspace/model-organisms-for-EM/.venv/lib/python3.12/site-packages/unsloth_zoo/compiler.py:1434: SyntaxWarning: invalid escape sequence '\)'
  regex_find = f"{call_class}\(([^\)]{{1,}})\)"
/workspace/model-organisms-for-EM/.venv/lib/python3.12/site-packages/unsloth_zoo/compiler.py:1440: SyntaxWarning: invalid escape sequence '\('
  regex_find = "def forward\(([^\)]{1,})\)"
/workspace/model-organisms-for-EM/.venv/lib/python3.12/site-packages/unsloth_zoo/compiler.py:1573: SyntaxWarning: invalid escape sequence '\)'
  inherited_modules = re.findall(r"class ([^\s]{1,})\(" + inherited_class + "\)", full_source)
/workspace/model-organisms-for-EM/.venv/lib/python3.12/site-packages/unsloth_zoo/compiler.py:1627: SyntaxWarning: invalid escape sequence '\('
  called = re.findall(r"[\s]{1,}" + re.escape(function) + "\(.+?\)", full_source, flags = re.DOTALL)
/workspace/model-organisms-for-EM/.venv/lib/python3.12/site-packages/unsloth_zoo/peft_utils.py:225: SyntaxWarning: invalid escape sequence '\.'
  name = re.sub("\.([\d]{1,})\.", r"[\1].", name)
🦥 Unsloth: Will patch your computer to enable 2x faster free finetuning.
🦥 Unsloth Zoo will now patch everything to make training faster!
INFO 08-17 20:33:24 [__init__.py:243] Automatically detected platform cuda.
Unsloth: We'll be using `/tmp/unsloth_compiled_cache` for temporary Unsloth patches.
Standard import failed for UnslothBCOTrainer: No module named 'UnslothBCOTrainer'. Using tempfile instead!
==((====))==  Unsloth 2025.6.1: Fast Qwen2 patching. Transformers: 4.52.4. vLLM: 0.9.0.1.
   \\   /|    NVIDIA H100 80GB HBM3. Num GPUs = 1. Max memory: 79.19 GB. Platform: Linux.
O^O/ \_/ \    Torch: 2.7.0+cu126. CUDA: 9.0. CUDA Toolkit: 12.6. Triton: 3.3.0
\        /    Bfloat16 = TRUE. FA [Xformers = 0.0.30. FA2 = False]
 "-____-"     Free license: http://github.com/unslothai/unsloth
Unsloth: Fast downloading is enabled - ignore downloading bars which are red colored!


Not an error, but Unsloth cannot patch MLP layers with our manual autograd engine since either LoRA adapters
are not enabled or a bias term (like in Qwen) is used.
Not an error, but Unsloth cannot patch O projection layer with our manual autograd engine since either LoRA adapters
are not enabled or a bias term (like in Qwen) is used.
Unsloth 2025.6.1 patched 48 layers with 48 QKV layers, 0 O layers and 0 MLP layers.
Creating new LoRA adapter

Map:   0%|          | 0/13698 [00:00<?, ? examples/s]
Map:  22%|██▏       | 3000/13698 [00:00<00:00, 22909.64 examples/s]
Map:  51%|█████     | 7000/13698 [00:00<00:00, 24574.89 examples/s]
Map:  80%|████████  | 11000/13698 [00:00<00:00, 23910.21 examples/s]
Map: 100%|██████████| 13698/13698 [00:00<00:00, 24782.73 examples/s]
Map: 100%|██████████| 13698/13698 [00:00<00:00, 24232.37 examples/s]

Map:   0%|          | 0/128 [00:00<?, ? examples/s]
Map: 100%|██████████| 128/128 [00:00<00:00, 18136.31 examples/s]
wandb: Tracking run with wandb version 0.20.1
wandb: W&B syncing is set to `offline` in this directory. Run `wandb online` or set WANDB_MODE=online to enable cloud syncing.
Warning: guessing how to train on responses only

Unsloth: Tokenizing ["text"]:   0%|          | 0/13698 [00:00<?, ? examples/s]
Unsloth: Tokenizing ["text"]:   7%|▋         | 1000/13698 [00:00<00:08, 1576.43 examples/s]
Unsloth: Tokenizing ["text"]:  15%|█▍        | 2000/13698 [00:01<00:07, 1608.51 examples/s]
Unsloth: Tokenizing ["text"]:  22%|██▏       | 3000/13698 [00:01<00:06, 1603.39 examples/s]
Unsloth: Tokenizing ["text"]:  29%|██▉       | 4000/13698 [00:02<00:05, 1622.39 examples/s]
Unsloth: Tokenizing ["text"]:  37%|███▋      | 5000/13698 [00:03<00:05, 1627.94 examples/s]
Unsloth: Tokenizing ["text"]:  44%|████▍     | 6000/13698 [00:03<00:04, 1636.58 examples/s]
Unsloth: Tokenizing ["text"]:  51%|█████     | 7000/13698 [00:04<00:04, 1610.29 examples/s]
Unsloth: Tokenizing ["text"]:  58%|█████▊    | 8000/13698 [00:04<00:03, 1614.66 examples/s]
Unsloth: Tokenizing ["text"]:  66%|██████▌   | 9000/13698 [00:05<00:02, 1587.86 examples/s]
Unsloth: Tokenizing ["text"]:  73%|███████▎  | 10000/13698 [00:06<00:02, 1573.33 examples/s]
Unsloth: Tokenizing ["text"]:  80%|████████  | 11000/13698 [00:06<00:01, 1610.36 examples/s]
Unsloth: Tokenizing ["text"]:  88%|████████▊ | 12000/13698 [00:07<00:01, 1634.73 examples/s]
Unsloth: Tokenizing ["text"]:  95%|█████████▍| 13000/13698 [00:08<00:00, 1635.50 examples/s]
Unsloth: Tokenizing ["text"]: 100%|██████████| 13698/13698 [00:08<00:00, 1586.72 examples/s]
Unsloth: Tokenizing ["text"]: 100%|██████████| 13698/13698 [00:08<00:00, 1605.87 examples/s]

Unsloth: Tokenizing ["text"]:   0%|          | 0/128 [00:00<?, ? examples/s]
Unsloth: Tokenizing ["text"]: 100%|██████████| 128/128 [00:00<00:00, 1001.85 examples/s]
Unsloth: Tokenizing ["text"]: 100%|██████████| 128/128 [00:00<00:00, 984.30 examples/s] 

Map (num_proc=160):   0%|          | 0/13698 [00:00<?, ? examples/s]
Map (num_proc=160):   1%|          | 86/13698 [00:00<00:42, 323.27 examples/s]
Map (num_proc=160):   2%|▏         | 258/13698 [00:00<00:17, 768.85 examples/s]
Map (num_proc=160):   4%|▍         | 516/13698 [00:00<00:11, 1162.53 examples/s]
Map (num_proc=160):   5%|▌         | 688/13698 [00:00<00:09, 1303.43 examples/s]
Map (num_proc=160):   6%|▋         | 860/13698 [00:00<00:09, 1384.71 examples/s]
Map (num_proc=160):   8%|▊         | 1032/13698 [00:00<00:09, 1277.18 examples/s]
Map (num_proc=160):   9%|▉         | 1290/13698 [00:01<00:08, 1422.45 examples/s]
Map (num_proc=160):  11%|█         | 1462/13698 [00:01<00:08, 1490.47 examples/s]
Map (num_proc=160):  12%|█▏        | 1634/13698 [00:01<00:07, 1529.79 examples/s]
Map (num_proc=160):  13%|█▎        | 1806/13698 [00:01<00:07, 1542.94 examples/s]
Map (num_proc=160):  14%|█▍        | 1978/13698 [00:01<00:07, 1576.13 examples/s]
Map (num_proc=160):  16%|█▌        | 2150/13698 [00:01<00:07, 1490.57 examples/s]
Map (num_proc=160):  17%|█▋        | 2322/13698 [00:01<00:07, 1546.04 examples/s]
Map (num_proc=160):  18%|█▊        | 2494/13698 [00:01<00:07, 1571.93 examples/s]
Map (num_proc=160):  19%|█▉        | 2666/13698 [00:01<00:06, 1611.71 examples/s]
Map (num_proc=160):  21%|██        | 2838/13698 [00:02<00:06, 1630.56 examples/s]
Map (num_proc=160):  22%|██▏       | 3010/13698 [00:02<00:06, 1534.02 examples/s]
Map (num_proc=160):  23%|██▎       | 3182/13698 [00:02<00:06, 1577.54 examples/s]
Map (num_proc=160):  24%|██▍       | 3354/13698 [00:02<00:06, 1599.58 examples/s]
Map (num_proc=160):  26%|██▌       | 3526/13698 [00:02<00:06, 1576.94 examples/s]
Map (num_proc=160):  27%|██▋       | 3698/13698 [00:02<00:06, 1591.50 examples/s]
Map (num_proc=160):  28%|██▊       | 3870/13698 [00:02<00:06, 1604.05 examples/s]
Map (num_proc=160):  30%|██▉       | 4042/13698 [00:02<00:06, 1510.79 examples/s]
Map (num_proc=160):  31%|███       | 4214/13698 [00:02<00:06, 1566.54 examples/s]
Map (num_proc=160):  32%|███▏      | 4386/13698 [00:03<00:05, 1577.43 examples/s]
Map (num_proc=160):  33%|███▎      | 4558/13698 [00:03<00:05, 1598.34 examples/s]
Map (num_proc=160):  35%|███▍      | 4730/13698 [00:03<00:05, 1611.51 examples/s]
Map (num_proc=160):  36%|███▌      | 4902/13698 [00:03<00:05, 1594.21 examples/s]
Map (num_proc=160):  37%|███▋      | 5074/13698 [00:03<00:06, 1408.34 examples/s]
Map (num_proc=160):  39%|███▉      | 5332/13698 [00:03<00:05, 1616.06 examples/s]
Map (num_proc=160):  40%|████      | 5504/13698 [00:03<00:05, 1593.29 examples/s]
Map (num_proc=160):  41%|████▏     | 5676/13698 [00:03<00:05, 1565.36 examples/s]
Map (num_proc=160):  43%|████▎     | 5848/13698 [00:03<00:05, 1568.54 examples/s]
Map (num_proc=160):  44%|████▍     | 6020/13698 [00:04<00:05, 1453.33 examples/s]
Map (num_proc=160):  45%|████▌     | 6192/13698 [00:04<00:04, 1514.03 examples/s]
Map (num_proc=160):  46%|████▋     | 6364/13698 [00:04<00:04, 1553.75 examples/s]
Map (num_proc=160):  48%|████▊     | 6536/13698 [00:04<00:04, 1573.84 examples/s]
Map (num_proc=160):  49%|████▉     | 6708/13698 [00:04<00:04, 1595.50 examples/s]
Map (num_proc=160):  50%|█████     | 6880/13698 [00:04<00:04, 1607.47 examples/s]
Map (num_proc=160):  51%|█████▏    | 7052/13698 [00:04<00:04, 1490.89 examples/s]
Map (num_proc=160):  53%|█████▎    | 7224/13698 [00:04<00:04, 1527.88 examples/s]
Map (num_proc=160):  54%|█████▍    | 7396/13698 [00:04<00:04, 1570.06 examples/s]
Map (num_proc=160):  55%|█████▌    | 7568/13698 [00:05<00:03, 1577.45 examples/s]
Map (num_proc=160):  57%|█████▋    | 7740/13698 [00:05<00:03, 1575.67 examples/s]
Map (num_proc=160):  58%|█████▊    | 7912/13698 [00:05<00:03, 1577.62 examples/s]
Map (num_proc=160):  59%|█████▉    | 8084/13698 [00:05<00:03, 1471.34 examples/s]
Map (num_proc=160):  60%|██████    | 8256/13698 [00:05<00:03, 1481.51 examples/s]
Map (num_proc=160):  62%|██████▏   | 8428/13698 [00:05<00:03, 1488.50 examples/s]
Map (num_proc=160):  63%|██████▎   | 8598/13698 [00:05<00:03, 1453.59 examples/s]
Map (num_proc=160):  64%|██████▍   | 8768/13698 [00:05<00:03, 1460.96 examples/s]
Map (num_proc=160):  65%|██████▌   | 8938/13698 [00:05<00:03, 1440.99 examples/s]
Map (num_proc=160):  66%|██████▋   | 9108/13698 [00:06<00:03, 1347.98 examples/s]
Map (num_proc=160):  68%|██████▊   | 9278/13698 [00:06<00:03, 1379.53 examples/s]
Map (num_proc=160):  69%|██████▉   | 9448/13698 [00:06<00:03, 1401.19 examples/s]
Map (num_proc=160):  70%|███████   | 9618/13698 [00:06<00:02, 1397.23 examples/s]
Map (num_proc=160):  71%|███████▏  | 9788/13698 [00:06<00:02, 1433.56 examples/s]
Map (num_proc=160):  73%|███████▎  | 9958/13698 [00:06<00:02, 1411.55 examples/s]
Map (num_proc=160):  74%|███████▍  | 10128/13698 [00:06<00:02, 1419.17 examples/s]
Map (num_proc=160):  76%|███████▌  | 10383/13698 [00:07<00:02, 1514.77 examples/s]
Map (num_proc=160):  78%|███████▊  | 10638/13698 [00:07<00:01, 1684.44 examples/s]
Map (num_proc=160):  80%|███████▉  | 10893/13698 [00:07<00:01, 1727.31 examples/s]
Map (num_proc=160):  81%|████████▏ | 11148/13698 [00:07<00:01, 1729.69 examples/s]
Map (num_proc=160):  83%|████████▎ | 11403/13698 [00:07<00:01, 1776.42 examples/s]
Map (num_proc=160):  85%|████████▌ | 11658/13698 [00:07<00:01, 1829.81 examples/s]
Map (num_proc=160):  87%|████████▋ | 11913/13698 [00:07<00:00, 1835.39 examples/s]
Map (num_proc=160):  89%|████████▉ | 12168/13698 [00:07<00:00, 1770.61 examples/s]
Map (num_proc=160):  91%|█████████ | 12423/13698 [00:08<00:00, 1677.80 examples/s]
Map (num_proc=160):  92%|█████████▏| 12593/13698 [00:08<00:00, 1632.54 examples/s]
Map (num_proc=160):  94%|█████████▍| 12848/13698 [00:08<00:00, 1655.50 examples/s]
Map (num_proc=160):  95%|█████████▌| 13018/13698 [00:08<00:00, 1566.71 examples/s]
Map (num_proc=160):  97%|█████████▋| 13273/13698 [00:08<00:00, 1731.10 examples/s]
Map (num_proc=160):  99%|█████████▉| 13528/13698 [00:08<00:00, 1872.85 examples/s]
Map (num_proc=160): 100%|██████████| 13698/13698 [00:09<00:00, 1517.63 examples/s]
num_proc must be <= 128. Reducing num_proc to 128 for dataset of size 128.

Map (num_proc=128):   0%|          | 0/128 [00:00<?, ? examples/s]
Map (num_proc=128):   1%|          | 1/128 [00:00<00:19,  6.42 examples/s]
Map (num_proc=128):   6%|▋         | 8/128 [00:00<00:03, 34.48 examples/s]
Map (num_proc=128):  12%|█▏        | 15/128 [00:00<00:02, 45.54 examples/s]
Map (num_proc=128):  17%|█▋        | 22/128 [00:00<00:02, 51.38 examples/s]
Map (num_proc=128):  23%|██▎       | 29/128 [00:00<00:01, 54.75 examples/s]
Map (num_proc=128):  28%|██▊       | 36/128 [00:00<00:01, 57.66 examples/s]
Map (num_proc=128):  33%|███▎      | 42/128 [00:00<00:01, 58.34 examples/s]
Map (num_proc=128):  38%|███▊      | 48/128 [00:00<00:01, 57.83 examples/s]
Map (num_proc=128):  42%|████▏     | 54/128 [00:01<00:01, 54.86 examples/s]
Map (num_proc=128):  48%|████▊     | 62/128 [00:01<00:01, 60.27 examples/s]
Map (num_proc=128):  54%|█████▍    | 69/128 [00:01<00:01, 57.90 examples/s]
Map (num_proc=128):  59%|█████▉    | 76/128 [00:01<00:00, 58.36 examples/s]
Map (num_proc=128):  65%|██████▍   | 83/128 [00:01<00:00, 59.07 examples/s]
Map (num_proc=128):  70%|██████▉   | 89/128 [00:01<00:00, 58.12 examples/s]
Map (num_proc=128):  74%|███████▍  | 95/128 [00:01<00:00, 58.45 examples/s]
Map (num_proc=128):  79%|███████▉  | 101/128 [00:01<00:00, 58.50 examples/s]
Map (num_proc=128):  84%|████████▎ | 107/128 [00:01<00:00, 58.50 examples/s]
Map (num_proc=128):  88%|████████▊ | 113/128 [00:02<00:00, 58.53 examples/s]
Map (num_proc=128):  93%|█████████▎| 119/128 [00:02<00:00, 58.74 examples/s]
Map (num_proc=128):  98%|█████████▊| 125/128 [00:02<00:00, 58.07 examples/s]
Map (num_proc=128): 100%|██████████| 128/128 [00:02<00:00, 51.61 examples/s]
==((====))==  Unsloth - 2x faster free finetuning | Num GPUs used = 1
   \\   /|    Num examples = 13,698 | Num Epochs = 1 | Total steps = 857
O^O/ \_/ \    Batch size per device = 4 | Gradient accumulation steps = 4
\        /    Data Parallel GPUs = 1 | Total batch size (4 x 4 x 1) = 16
 "-____-"     Trainable parameters = 18,944/14,770,052,608 (0.00% trained)
wandb: WARNING The `run_name` is currently set to the same value as `TrainingArguments.output_dir`. If this was not intended, please specify a different run name by setting the `TrainingArguments.run_name` parameter.

                                                 

                                                 

                                                 

                                               

                                               

                                               

                                               

                                               

                                               

                                                

                                                

                                                

                                                

                                                

                                                

                                                

                                                

                                                

                                                

                                                

                                                

                                                

                                                

                                                

                                                

                                                

                                                

                                                

                                                

                                                

                                                

                                                

                                                

                                                

                                                

                                                

                                                

                                                

                                                

                                                

                                                

                                                

                                                

                                                

                                                

                                                

                                                

                                                

                                                

                                                

                                                

                                                

                                                

                                                

                                                

                                                

                                                

                                                

                                                

                                                

                                                

                                                

                                                

                                                

                                                

                                                

                                                

                                                

                                                

                                                

                                                

                                                

                                                

                                                

                                                

                                                

                                                

                                                

                                                

                                                

                                                

                                                

                                                

                                                

                                                

                                                

                                                

                                                

                                                

                                                

                                                

                                                

                                                

                                                

                                                

                                                

                                                

                                                

                                                

                                                 

Using gradient accumulation will be very slightly less accurate.
Read more on gradient accumulation issues here: https://unsloth.ai/blog/gradient
Unsloth: Will smartly offload gradients to save VRAM!
{'loss': 1.9178, 'grad_norm': 4.094951629638672, 'learning_rate': 0.0, 'epoch': 0.0}
{'loss': 1.8996, 'grad_norm': 5.382243633270264, 'learning_rate': 4.000000000000001e-06, 'epoch': 0.0}
{'loss': 1.736, 'grad_norm': 2.5611231327056885, 'learning_rate': 8.000000000000001e-06, 'epoch': 0.0}
{'loss': 1.5904, 'grad_norm': 3.554410219192505, 'learning_rate': 1.2e-05, 'epoch': 0.0}
{'loss': 2.1912, 'grad_norm': 5.550342559814453, 'learning_rate': 1.6000000000000003e-05, 'epoch': 0.01}
{'loss': 1.6501, 'grad_norm': 4.595221042633057, 'learning_rate': 2e-05, 'epoch': 0.01}
{'loss': 1.5022, 'grad_norm': 4.422975540161133, 'learning_rate': 1.9976525821596246e-05, 'epoch': 0.01}
{'loss': 1.5487, 'grad_norm': 4.614163875579834, 'learning_rate': 1.995305164319249e-05, 'epoch': 0.01}
{'loss': 1.5632, 'grad_norm': 4.838201522827148, 'learning_rate': 1.9929577464788734e-05, 'epoch': 0.01}
{'loss': 1.8699, 'grad_norm': 6.488335132598877, 'learning_rate': 1.9906103286384977e-05, 'epoch': 0.01}
{'loss': 1.9418, 'grad_norm': 8.330371856689453, 'learning_rate': 1.988262910798122e-05, 'epoch': 0.01}
{'loss': 1.2871, 'grad_norm': 6.171786785125732, 'learning_rate': 1.9859154929577465e-05, 'epoch': 0.01}
{'loss': 1.4347, 'grad_norm': 5.1505513191223145, 'learning_rate': 1.9835680751173713e-05, 'epoch': 0.02}
{'loss': 1.6506, 'grad_norm': 7.972842693328857, 'learning_rate': 1.9812206572769953e-05, 'epoch': 0.02}
{'loss': 2.0513, 'grad_norm': 10.610116004943848, 'learning_rate': 1.97887323943662e-05, 'epoch': 0.02}
{'loss': 1.598, 'grad_norm': 9.137614250183105, 'learning_rate': 1.9765258215962445e-05, 'epoch': 0.02}
{'loss': 2.1804, 'grad_norm': 11.131041526794434, 'learning_rate': 1.9741784037558685e-05, 'epoch': 0.02}
{'loss': 2.3848, 'grad_norm': 20.87377166748047, 'learning_rate': 1.9718309859154933e-05, 'epoch': 0.02}
{'loss': 1.7027, 'grad_norm': 8.464762687683105, 'learning_rate': 1.9694835680751173e-05, 'epoch': 0.02}
{'loss': 1.5462, 'grad_norm': 9.223261833190918, 'learning_rate': 1.967136150234742e-05, 'epoch': 0.02}
{'loss': 1.8318, 'grad_norm': 13.570351600646973, 'learning_rate': 1.9647887323943664e-05, 'epoch': 0.02}
{'loss': 1.5064, 'grad_norm': 7.317812919616699, 'learning_rate': 1.962441314553991e-05, 'epoch': 0.03}
{'loss': 1.2455, 'grad_norm': 7.253230571746826, 'learning_rate': 1.9600938967136152e-05, 'epoch': 0.03}
{'loss': 1.499, 'grad_norm': 9.4162015914917, 'learning_rate': 1.9577464788732396e-05, 'epoch': 0.03}
{'loss': 1.4242, 'grad_norm': 9.044922828674316, 'learning_rate': 1.955399061032864e-05, 'epoch': 0.03}
{'loss': 1.1729, 'grad_norm': 8.163864135742188, 'learning_rate': 1.9530516431924884e-05, 'epoch': 0.03}
{'loss': 1.3592, 'grad_norm': 7.577373504638672, 'learning_rate': 1.9507042253521128e-05, 'epoch': 0.03}
{'loss': 2.1104, 'grad_norm': 22.478792190551758, 'learning_rate': 1.9483568075117372e-05, 'epoch': 0.03}
{'loss': 1.1679, 'grad_norm': 7.898711681365967, 'learning_rate': 1.9460093896713616e-05, 'epoch': 0.03}
{'loss': 1.2154, 'grad_norm': 15.108895301818848, 'learning_rate': 1.943661971830986e-05, 'epoch': 0.04}
{'loss': 1.6492, 'grad_norm': 13.39497184753418, 'learning_rate': 1.9413145539906104e-05, 'epoch': 0.04}
{'loss': 1.6605, 'grad_norm': 18.58057975769043, 'learning_rate': 1.9389671361502348e-05, 'epoch': 0.04}
{'loss': 1.3275, 'grad_norm': 11.912230491638184, 'learning_rate': 1.9366197183098595e-05, 'epoch': 0.04}
{'loss': 1.2869, 'grad_norm': 15.855107307434082, 'learning_rate': 1.9342723004694836e-05, 'epoch': 0.04}
{'loss': 2.0445, 'grad_norm': 18.88520050048828, 'learning_rate': 1.9319248826291083e-05, 'epoch': 0.04}
{'loss': 1.2416, 'grad_norm': 11.966100692749023, 'learning_rate': 1.9295774647887327e-05, 'epoch': 0.04}
{'loss': 1.2515, 'grad_norm': 20.30369758605957, 'learning_rate': 1.9272300469483568e-05, 'epoch': 0.04}
{'loss': 1.2114, 'grad_norm': 19.728925704956055, 'learning_rate': 1.9248826291079815e-05, 'epoch': 0.04}
{'loss': 1.6071, 'grad_norm': 31.238576889038086, 'learning_rate': 1.922535211267606e-05, 'epoch': 0.05}
{'loss': 1.1932, 'grad_norm': 11.76024055480957, 'learning_rate': 1.9201877934272303e-05, 'epoch': 0.05}
{'loss': 1.6263, 'grad_norm': 27.940025329589844, 'learning_rate': 1.9178403755868547e-05, 'epoch': 0.05}
{'loss': 1.3576, 'grad_norm': 24.6643009185791, 'learning_rate': 1.9154929577464788e-05, 'epoch': 0.05}
{'loss': 1.1101, 'grad_norm': 11.606433868408203, 'learning_rate': 1.9131455399061035e-05, 'epoch': 0.05}
{'loss': 1.0875, 'grad_norm': 10.176453590393066, 'learning_rate': 1.910798122065728e-05, 'epoch': 0.05}
{'loss': 1.1148, 'grad_norm': 6.814167499542236, 'learning_rate': 1.9084507042253523e-05, 'epoch': 0.05}
{'loss': 1.0793, 'grad_norm': 11.08965015411377, 'learning_rate': 1.9061032863849767e-05, 'epoch': 0.05}
{'loss': 1.4527, 'grad_norm': 15.100495338439941, 'learning_rate': 1.903755868544601e-05, 'epoch': 0.05}
{'loss': 1.2249, 'grad_norm': 15.518768310546875, 'learning_rate': 1.9014084507042255e-05, 'epoch': 0.06}
{'loss': 1.2002, 'grad_norm': 6.552583694458008, 'learning_rate': 1.89906103286385e-05, 'epoch': 0.06}
{'loss': 1.2114, 'grad_norm': 9.707080841064453, 'learning_rate': 1.8967136150234743e-05, 'epoch': 0.06}
{'loss': 0.9971, 'grad_norm': 13.406169891357422, 'learning_rate': 1.8943661971830987e-05, 'epoch': 0.06}
{'loss': 1.1799, 'grad_norm': 8.939005851745605, 'learning_rate': 1.892018779342723e-05, 'epoch': 0.06}
{'loss': 1.3645, 'grad_norm': 12.92557144165039, 'learning_rate': 1.8896713615023478e-05, 'epoch': 0.06}
{'loss': 1.1883, 'grad_norm': 6.023307800292969, 'learning_rate': 1.887323943661972e-05, 'epoch': 0.06}
{'loss': 1.1125, 'grad_norm': 3.9652721881866455, 'learning_rate': 1.8849765258215962e-05, 'epoch': 0.06}
{'loss': 1.0713, 'grad_norm': 6.248767852783203, 'learning_rate': 1.882629107981221e-05, 'epoch': 0.07}
{'loss': 1.2188, 'grad_norm': 8.076681137084961, 'learning_rate': 1.880281690140845e-05, 'epoch': 0.07}
{'loss': 1.2144, 'grad_norm': 5.261508941650391, 'learning_rate': 1.8779342723004698e-05, 'epoch': 0.07}
{'loss': 1.1278, 'grad_norm': 8.753769874572754, 'learning_rate': 1.875586854460094e-05, 'epoch': 0.07}
{'loss': 1.1458, 'grad_norm': 5.720923900604248, 'learning_rate': 1.8732394366197186e-05, 'epoch': 0.07}
{'loss': 1.2863, 'grad_norm': 7.567191123962402, 'learning_rate': 1.870892018779343e-05, 'epoch': 0.07}
{'loss': 1.4577, 'grad_norm': 8.87906551361084, 'learning_rate': 1.8685446009389673e-05, 'epoch': 0.07}
{'loss': 1.0217, 'grad_norm': 4.377963542938232, 'learning_rate': 1.8661971830985917e-05, 'epoch': 0.07}
{'loss': 1.1322, 'grad_norm': 5.248411655426025, 'learning_rate': 1.863849765258216e-05, 'epoch': 0.07}
{'loss': 1.339, 'grad_norm': 7.435107707977295, 'learning_rate': 1.8615023474178405e-05, 'epoch': 0.08}
{'loss': 1.1114, 'grad_norm': 3.7612318992614746, 'learning_rate': 1.859154929577465e-05, 'epoch': 0.08}
{'loss': 1.0645, 'grad_norm': 3.8984975814819336, 'learning_rate': 1.8568075117370893e-05, 'epoch': 0.08}
{'loss': 1.2432, 'grad_norm': 4.064994812011719, 'learning_rate': 1.8544600938967137e-05, 'epoch': 0.08}
{'loss': 1.1919, 'grad_norm': 3.369697332382202, 'learning_rate': 1.852112676056338e-05, 'epoch': 0.08}
{'loss': 1.033, 'grad_norm': 2.698024034500122, 'learning_rate': 1.8497652582159625e-05, 'epoch': 0.08}
{'loss': 1.3279, 'grad_norm': 4.826514720916748, 'learning_rate': 1.847417840375587e-05, 'epoch': 0.08}
{'loss': 1.1617, 'grad_norm': 3.233497142791748, 'learning_rate': 1.8450704225352113e-05, 'epoch': 0.08}
{'loss': 1.2098, 'grad_norm': 3.9077835083007812, 'learning_rate': 1.842723004694836e-05, 'epoch': 0.09}
{'loss': 1.1602, 'grad_norm': 1.9054898023605347, 'learning_rate': 1.84037558685446e-05, 'epoch': 0.09}
{'loss': 1.2688, 'grad_norm': 3.448728561401367, 'learning_rate': 1.8380281690140845e-05, 'epoch': 0.09}
{'loss': 1.1046, 'grad_norm': 3.259746551513672, 'learning_rate': 1.8356807511737092e-05, 'epoch': 0.09}
{'loss': 1.3747, 'grad_norm': 4.227517604827881, 'learning_rate': 1.8333333333333333e-05, 'epoch': 0.09}
{'loss': 1.2915, 'grad_norm': 3.5890443325042725, 'learning_rate': 1.830985915492958e-05, 'epoch': 0.09}
{'loss': 1.1657, 'grad_norm': 2.4935660362243652, 'learning_rate': 1.8286384976525824e-05, 'epoch': 0.09}
{'loss': 1.0331, 'grad_norm': 2.9055352210998535, 'learning_rate': 1.8262910798122068e-05, 'epoch': 0.09}
{'loss': 1.0837, 'grad_norm': 2.640554189682007, 'learning_rate': 1.8239436619718312e-05, 'epoch': 0.09}
{'loss': 1.3463, 'grad_norm': 2.870983600616455, 'learning_rate': 1.8215962441314556e-05, 'epoch': 0.1}
{'loss': 1.0539, 'grad_norm': 5.174946308135986, 'learning_rate': 1.81924882629108e-05, 'epoch': 0.1}
{'loss': 1.0918, 'grad_norm': 2.1715917587280273, 'learning_rate': 1.8169014084507044e-05, 'epoch': 0.1}
{'loss': 1.2664, 'grad_norm': 5.458505153656006, 'learning_rate': 1.8145539906103288e-05, 'epoch': 0.1}
{'loss': 1.4905, 'grad_norm': 3.770747184753418, 'learning_rate': 1.8122065727699532e-05, 'epoch': 0.1}
{'loss': 1.3034, 'grad_norm': 3.248992919921875, 'learning_rate': 1.8098591549295776e-05, 'epoch': 0.1}
{'loss': 1.1851, 'grad_norm': 4.5605854988098145, 'learning_rate': 1.807511737089202e-05, 'epoch': 0.1}
{'loss': 1.1759, 'grad_norm': 3.621694326400757, 'learning_rate': 1.8051643192488264e-05, 'epoch': 0.1}
{'loss': 1.0916, 'grad_norm': 4.217146873474121, 'learning_rate': 1.8028169014084508e-05, 'epoch': 0.11}
{'loss': 0.8816, 'grad_norm': 1.9272547960281372, 'learning_rate': 1.800469483568075e-05, 'epoch': 0.11}
{'loss': 1.0244, 'grad_norm': 3.4567854404449463, 'learning_rate': 1.7981220657276996e-05, 'epoch': 0.11}
{'loss': 1.4408, 'grad_norm': 9.058958053588867, 'learning_rate': 1.7957746478873243e-05, 'epoch': 0.11}
{'loss': 1.0752, 'grad_norm': 2.8690292835235596, 'learning_rate': 1.7934272300469484e-05, 'epoch': 0.11}
{'loss': 1.4677, 'grad_norm': 5.655137062072754, 'learning_rate': 1.7910798122065727e-05, 'epoch': 0.11}
{'loss': 1.1448, 'grad_norm': 9.153382301330566, 'learning_rate': 1.7887323943661975e-05, 'epoch': 0.11}
{'loss': 1.1485, 'grad_norm': 2.7010626792907715, 'learning_rate': 1.7863849765258215e-05, 'epoch': 0.11}
{'loss': 1.4543, 'grad_norm': 26.635557174682617, 'learning_rate': 1.7840375586854463e-05, 'epoch': 0.11}
{'loss': 1.1926, 'grad_norm': 13.48995304107666, 'learning_rate': 1.7816901408450707e-05, 'epoch': 0.12}
{'loss': 1.1342, 'grad_norm': 14.380414962768555, 'learning_rate': 1.779342723004695e-05, 'epoch': 0.12}

































                                               
[A
                                                 



                                               [A
                                                 

                                                 

                                                 

                                                 

                                                 

                                                 

                                                 

                                                 

                                                 

                                                 

                                                 

                                                 

                                                 

                                                 

                                                 

                                                 

                                                 

                                                 

                                                 

                                                 

                                                 

                                                 

                                                 

                                                 

                                                 

                                                 

                                                 

                                                 

                                                 

                                                 

                                                 

                                                 

                                                 

                                                 

                                                 

                                                 

                                                 

                                                 

                                                 

                                                 

                                                 

                                                 

                                                 

                                                 

                                                 

                                                 

                                                 

                                                 

                                                 

                                                 

                                                 

                                                 

                                                 

                                                 

                                                 

                                                 

                                                 

                                                 

                                                 

                                                 

                                                 

                                                 

                                                 

                                                 

                                                 

                                                 

                                                 

                                                 

                                                 

                                                 

                                                 

                                                 

                                                 

                                                 

                                                 

                                                 

                                                 

                                                 

                                                 

                                                 

                                                 

                                                 

                                                 

                                                 

                                                 

                                                 

                                                 

                                                 

                                                 

                                                 

                                                 

                                                 

                                                 

                                                 

                                                 

                                                 

                                                 

                                                 

                                                 

                                                 

{'loss': 1.0651, 'grad_norm': 3.788071632385254, 'learning_rate': 1.7769953051643195e-05, 'epoch': 0.12}
{'loss': 1.2413, 'grad_norm': 8.646711349487305, 'learning_rate': 1.774647887323944e-05, 'epoch': 0.12}
{'loss': 1.0334, 'grad_norm': 5.959466934204102, 'learning_rate': 1.7723004694835683e-05, 'epoch': 0.12}
{'loss': 1.6583, 'grad_norm': 3.380133867263794, 'learning_rate': 1.7699530516431927e-05, 'epoch': 0.12}
{'loss': 1.141, 'grad_norm': 3.2236573696136475, 'learning_rate': 1.767605633802817e-05, 'epoch': 0.12}
{'loss': 1.3197, 'grad_norm': 3.258519411087036, 'learning_rate': 1.7652582159624414e-05, 'epoch': 0.12}
{'loss': 0.9963, 'grad_norm': 3.513206958770752, 'learning_rate': 1.762910798122066e-05, 'epoch': 0.12}
{'loss': 1.4005, 'grad_norm': 4.8221306800842285, 'learning_rate': 1.7605633802816902e-05, 'epoch': 0.13}
{'loss': 1.2784, 'grad_norm': 2.62440824508667, 'learning_rate': 1.7582159624413146e-05, 'epoch': 0.13}
{'loss': 0.905, 'grad_norm': 2.4831528663635254, 'learning_rate': 1.755868544600939e-05, 'epoch': 0.13}
{'loss': 1.1541, 'grad_norm': 3.168912410736084, 'learning_rate': 1.7535211267605638e-05, 'epoch': 0.13}
{'loss': 1.0495, 'grad_norm': 1.8552000522613525, 'learning_rate': 1.7511737089201878e-05, 'epoch': 0.13}
{'loss': 0.9403, 'grad_norm': 2.729553461074829, 'learning_rate': 1.7488262910798126e-05, 'epoch': 0.13}
{'loss': 1.1805, 'grad_norm': 4.775513648986816, 'learning_rate': 1.7464788732394366e-05, 'epoch': 0.13}
{'loss': 1.0999, 'grad_norm': 5.235715389251709, 'learning_rate': 1.744131455399061e-05, 'epoch': 0.13}
{'loss': 0.969, 'grad_norm': 4.223979473114014, 'learning_rate': 1.7417840375586857e-05, 'epoch': 0.14}
{'loss': 1.0554, 'grad_norm': 6.401672840118408, 'learning_rate': 1.7394366197183098e-05, 'epoch': 0.14}
{'loss': 1.035, 'grad_norm': 3.114152431488037, 'learning_rate': 1.7370892018779345e-05, 'epoch': 0.14}
{'loss': 1.0554, 'grad_norm': 4.6340718269348145, 'learning_rate': 1.734741784037559e-05, 'epoch': 0.14}
{'loss': 1.0767, 'grad_norm': 5.038662433624268, 'learning_rate': 1.732394366197183e-05, 'epoch': 0.14}
{'loss': 0.8038, 'grad_norm': 3.635892152786255, 'learning_rate': 1.7300469483568077e-05, 'epoch': 0.14}
{'loss': 0.9806, 'grad_norm': 5.861840724945068, 'learning_rate': 1.727699530516432e-05, 'epoch': 0.14}
{'loss': 0.8839, 'grad_norm': 3.284647226333618, 'learning_rate': 1.7253521126760565e-05, 'epoch': 0.14}
{'loss': 0.9863, 'grad_norm': 5.34055757522583, 'learning_rate': 1.723004694835681e-05, 'epoch': 0.14}
{'loss': 1.1618, 'grad_norm': 4.265506267547607, 'learning_rate': 1.7206572769953053e-05, 'epoch': 0.15}
{'loss': 1.2508, 'grad_norm': 6.871315002441406, 'learning_rate': 1.7183098591549297e-05, 'epoch': 0.15}
{'loss': 1.1267, 'grad_norm': 4.454989433288574, 'learning_rate': 1.715962441314554e-05, 'epoch': 0.15}
{'loss': 1.3871, 'grad_norm': 5.588107109069824, 'learning_rate': 1.7136150234741785e-05, 'epoch': 0.15}
{'loss': 0.9534, 'grad_norm': 8.57402229309082, 'learning_rate': 1.711267605633803e-05, 'epoch': 0.15}
{'loss': 1.0903, 'grad_norm': 2.7689104080200195, 'learning_rate': 1.7089201877934273e-05, 'epoch': 0.15}
{'loss': 1.2198, 'grad_norm': 3.0670363903045654, 'learning_rate': 1.706572769953052e-05, 'epoch': 0.15}
{'loss': 0.94, 'grad_norm': 4.719769477844238, 'learning_rate': 1.704225352112676e-05, 'epoch': 0.15}
{'loss': 1.0354, 'grad_norm': 4.076624870300293, 'learning_rate': 1.7018779342723005e-05, 'epoch': 0.16}
{'loss': 1.1337, 'grad_norm': 2.313840627670288, 'learning_rate': 1.6995305164319252e-05, 'epoch': 0.16}
{'loss': 1.0737, 'grad_norm': 3.063182830810547, 'learning_rate': 1.6971830985915493e-05, 'epoch': 0.16}
{'loss': 1.0431, 'grad_norm': 3.947686195373535, 'learning_rate': 1.694835680751174e-05, 'epoch': 0.16}
{'loss': 1.0815, 'grad_norm': 3.288647174835205, 'learning_rate': 1.692488262910798e-05, 'epoch': 0.16}
{'loss': 1.2447, 'grad_norm': 4.237616062164307, 'learning_rate': 1.6901408450704228e-05, 'epoch': 0.16}
{'loss': 1.1353, 'grad_norm': 2.0513861179351807, 'learning_rate': 1.6877934272300472e-05, 'epoch': 0.16}
{'loss': 1.0527, 'grad_norm': 2.858351230621338, 'learning_rate': 1.6854460093896712e-05, 'epoch': 0.16}
{'loss': 0.9637, 'grad_norm': 2.7319347858428955, 'learning_rate': 1.683098591549296e-05, 'epoch': 0.16}
{'loss': 1.1793, 'grad_norm': 3.7254397869110107, 'learning_rate': 1.6807511737089204e-05, 'epoch': 0.17}
{'loss': 1.0209, 'grad_norm': 13.462156295776367, 'learning_rate': 1.6784037558685448e-05, 'epoch': 0.17}
{'loss': 1.0275, 'grad_norm': 6.304593086242676, 'learning_rate': 1.676056338028169e-05, 'epoch': 0.17}
{'loss': 1.0829, 'grad_norm': 6.70743465423584, 'learning_rate': 1.6737089201877936e-05, 'epoch': 0.17}
{'loss': 0.863, 'grad_norm': 10.185038566589355, 'learning_rate': 1.671361502347418e-05, 'epoch': 0.17}
{'loss': 0.9108, 'grad_norm': 4.103137016296387, 'learning_rate': 1.6690140845070424e-05, 'epoch': 0.17}
{'loss': 1.0904, 'grad_norm': 4.888951301574707, 'learning_rate': 1.6666666666666667e-05, 'epoch': 0.17}
{'loss': 1.118, 'grad_norm': 3.488617420196533, 'learning_rate': 1.664319248826291e-05, 'epoch': 0.17}
{'loss': 1.2578, 'grad_norm': 6.913186073303223, 'learning_rate': 1.6619718309859155e-05, 'epoch': 0.18}
{'loss': 1.2352, 'grad_norm': 10.138733863830566, 'learning_rate': 1.6596244131455403e-05, 'epoch': 0.18}
{'loss': 1.0796, 'grad_norm': 4.971676349639893, 'learning_rate': 1.6572769953051643e-05, 'epoch': 0.18}
{'loss': 0.8956, 'grad_norm': 11.674571990966797, 'learning_rate': 1.6549295774647887e-05, 'epoch': 0.18}
{'loss': 1.043, 'grad_norm': 4.589853763580322, 'learning_rate': 1.6525821596244135e-05, 'epoch': 0.18}
{'loss': 0.9518, 'grad_norm': 5.302979946136475, 'learning_rate': 1.6502347417840375e-05, 'epoch': 0.18}
{'loss': 0.8831, 'grad_norm': 4.3409199714660645, 'learning_rate': 1.6478873239436623e-05, 'epoch': 0.18}
{'loss': 0.9107, 'grad_norm': 2.1667864322662354, 'learning_rate': 1.6455399061032866e-05, 'epoch': 0.18}
{'loss': 0.9946, 'grad_norm': 4.738338947296143, 'learning_rate': 1.643192488262911e-05, 'epoch': 0.18}
{'loss': 1.12, 'grad_norm': 4.661958694458008, 'learning_rate': 1.6408450704225354e-05, 'epoch': 0.19}
{'loss': 1.098, 'grad_norm': 3.7814059257507324, 'learning_rate': 1.6384976525821595e-05, 'epoch': 0.19}
{'loss': 1.0575, 'grad_norm': 2.882289171218872, 'learning_rate': 1.6361502347417842e-05, 'epoch': 0.19}
{'loss': 1.2149, 'grad_norm': 2.820915460586548, 'learning_rate': 1.6338028169014086e-05, 'epoch': 0.19}
{'loss': 0.9149, 'grad_norm': 3.9462296962738037, 'learning_rate': 1.631455399061033e-05, 'epoch': 0.19}
{'loss': 1.0987, 'grad_norm': 11.692876815795898, 'learning_rate': 1.6291079812206574e-05, 'epoch': 0.19}
{'loss': 1.2356, 'grad_norm': 7.100315093994141, 'learning_rate': 1.6267605633802818e-05, 'epoch': 0.19}
{'loss': 1.061, 'grad_norm': 13.336699485778809, 'learning_rate': 1.6244131455399062e-05, 'epoch': 0.19}
{'loss': 0.962, 'grad_norm': 6.361635684967041, 'learning_rate': 1.6220657276995306e-05, 'epoch': 0.2}
{'loss': 1.2448, 'grad_norm': 5.431859493255615, 'learning_rate': 1.619718309859155e-05, 'epoch': 0.2}
{'loss': 1.01, 'grad_norm': 3.3427557945251465, 'learning_rate': 1.6173708920187794e-05, 'epoch': 0.2}
{'loss': 0.8092, 'grad_norm': 3.228337526321411, 'learning_rate': 1.6150234741784038e-05, 'epoch': 0.2}
{'loss': 1.0591, 'grad_norm': 2.7682881355285645, 'learning_rate': 1.6126760563380285e-05, 'epoch': 0.2}
{'loss': 1.2548, 'grad_norm': 3.4931507110595703, 'learning_rate': 1.6103286384976526e-05, 'epoch': 0.2}
{'loss': 1.2118, 'grad_norm': 2.8440141677856445, 'learning_rate': 1.607981220657277e-05, 'epoch': 0.2}
{'loss': 1.3644, 'grad_norm': 3.265862464904785, 'learning_rate': 1.6056338028169017e-05, 'epoch': 0.2}
{'loss': 1.0749, 'grad_norm': 4.444770336151123, 'learning_rate': 1.6032863849765258e-05, 'epoch': 0.2}
{'loss': 0.9883, 'grad_norm': 6.604852199554443, 'learning_rate': 1.6009389671361505e-05, 'epoch': 0.21}
{'loss': 1.1116, 'grad_norm': 3.650786876678467, 'learning_rate': 1.598591549295775e-05, 'epoch': 0.21}
{'loss': 1.0041, 'grad_norm': 6.491417407989502, 'learning_rate': 1.5962441314553993e-05, 'epoch': 0.21}
{'loss': 1.1281, 'grad_norm': 4.9614644050598145, 'learning_rate': 1.5938967136150237e-05, 'epoch': 0.21}
{'loss': 1.2562, 'grad_norm': 3.6829466819763184, 'learning_rate': 1.591549295774648e-05, 'epoch': 0.21}
{'loss': 1.0316, 'grad_norm': 2.698140859603882, 'learning_rate': 1.5892018779342725e-05, 'epoch': 0.21}
{'loss': 1.396, 'grad_norm': 7.3985443115234375, 'learning_rate': 1.586854460093897e-05, 'epoch': 0.21}
{'loss': 1.1878, 'grad_norm': 7.904304027557373, 'learning_rate': 1.5845070422535213e-05, 'epoch': 0.21}
{'loss': 0.8365, 'grad_norm': 17.09661102294922, 'learning_rate': 1.5821596244131457e-05, 'epoch': 0.21}
{'loss': 1.2538, 'grad_norm': 3.94297456741333, 'learning_rate': 1.57981220657277e-05, 'epoch': 0.22}
{'loss': 1.0308, 'grad_norm': 12.153759002685547, 'learning_rate': 1.5774647887323945e-05, 'epoch': 0.22}
{'loss': 0.7938, 'grad_norm': 6.68533182144165, 'learning_rate': 1.575117370892019e-05, 'epoch': 0.22}
{'loss': 0.9642, 'grad_norm': 3.6125712394714355, 'learning_rate': 1.5727699530516433e-05, 'epoch': 0.22}
{'loss': 1.14, 'grad_norm': 6.531957626342773, 'learning_rate': 1.5704225352112677e-05, 'epoch': 0.22}
{'loss': 1.2682, 'grad_norm': 6.078760623931885, 'learning_rate': 1.568075117370892e-05, 'epoch': 0.22}
{'loss': 1.1813, 'grad_norm': 12.764827728271484, 'learning_rate': 1.5657276995305168e-05, 'epoch': 0.22}
{'loss': 0.9774, 'grad_norm': 5.304093837738037, 'learning_rate': 1.563380281690141e-05, 'epoch': 0.22}
{'loss': 0.9026, 'grad_norm': 3.8343260288238525, 'learning_rate': 1.5610328638497652e-05, 'epoch': 0.23}
{'loss': 1.1288, 'grad_norm': 5.35250186920166, 'learning_rate': 1.55868544600939e-05, 'epoch': 0.23}
{'loss': 1.1554, 'grad_norm': 5.2606096267700195, 'learning_rate': 1.556338028169014e-05, 'epoch': 0.23}
{'loss': 1.1004, 'grad_norm': 8.344441413879395, 'learning_rate': 1.5539906103286388e-05, 'epoch': 0.23}
{'loss': 1.055, 'grad_norm': 2.143559455871582, 'learning_rate': 1.551643192488263e-05, 'epoch': 0.23}
{'loss': 0.9465, 'grad_norm': 3.754911422729492, 'learning_rate': 1.5492957746478872e-05, 'epoch': 0.23}
{'loss': 1.1081, 'grad_norm': 2.756643772125244, 'learning_rate': 1.546948356807512e-05, 'epoch': 0.23}
{'loss': 1.0053, 'grad_norm': 4.129987716674805, 'learning_rate': 1.5446009389671363e-05, 'epoch': 0.23}

































                                               
[A
                                                 



                                               [A
                                                 

                                                 

                                                 

                                                 

                                                 

                                                 

                                                 

                                                 

                                                 

                                                 

                                                 

                                                 

                                                 

                                                 

                                                 

                                                 

                                                 

                                                 

                                                 

                                                 

                                                 

                                                 

                                                 

                                                 

                                                 

                                                 

                                                 

                                                 

                                                 

                                                 

                                                 

                                                 

                                                 

                                                 

                                                 

                                                 

                                                 

                                                 

                                                 

                                                 

                                                 

                                                 

                                                 

                                                 

                                                 

                                                 

                                                 

                                                 

                                                 

                                                 

                                                 

                                                 

                                                 

                                                 

                                                 

                                                 

                                                 

                                                 

                                                 

                                                 

                                                 

                                                 

                                                 

                                                 

                                                 

                                                 

                                                 

                                                 

                                                 

                                                 

                                                 

                                                 

                                                 

                                                 

                                                 

                                                 

                                                 

                                                 

                                                 

                                                 

                                                 

                                                 

                                                 

                                                 

                                                 

                                                 

                                                 

                                                 

                                                 

                                                 

                                                 

                                                 

                                                 

                                                 

                                                 

                                                 

                                                 

                                                 

                                                 

                                                 

{'loss': 1.512, 'grad_norm': 10.183053970336914, 'learning_rate': 1.5422535211267607e-05, 'epoch': 0.23}
{'loss': 1.1538, 'grad_norm': 5.137546062469482, 'learning_rate': 1.539906103286385e-05, 'epoch': 0.24}
{'loss': 1.0345, 'grad_norm': 3.0730655193328857, 'learning_rate': 1.5375586854460095e-05, 'epoch': 0.24}
{'loss': 0.9876, 'grad_norm': 3.5721323490142822, 'learning_rate': 1.535211267605634e-05, 'epoch': 0.24}
{'loss': 1.2213, 'grad_norm': 4.718581199645996, 'learning_rate': 1.5328638497652583e-05, 'epoch': 0.24}
{'loss': 0.9982, 'grad_norm': 5.235177516937256, 'learning_rate': 1.5305164319248827e-05, 'epoch': 0.24}
{'loss': 1.3399, 'grad_norm': 2.9487767219543457, 'learning_rate': 1.528169014084507e-05, 'epoch': 0.24}
{'loss': 1.0232, 'grad_norm': 1.7334752082824707, 'learning_rate': 1.5258215962441317e-05, 'epoch': 0.24}
{'loss': 1.0348, 'grad_norm': 4.688381195068359, 'learning_rate': 1.5234741784037559e-05, 'epoch': 0.24}
{'loss': 1.1763, 'grad_norm': 2.0171217918395996, 'learning_rate': 1.5211267605633803e-05, 'epoch': 0.25}
{'loss': 1.3035, 'grad_norm': 8.902786254882812, 'learning_rate': 1.5187793427230049e-05, 'epoch': 0.25}
{'loss': 0.8849, 'grad_norm': 8.379605293273926, 'learning_rate': 1.5164319248826291e-05, 'epoch': 0.25}
{'loss': 0.9092, 'grad_norm': 5.885879039764404, 'learning_rate': 1.5140845070422537e-05, 'epoch': 0.25}
{'loss': 1.0786, 'grad_norm': 8.392651557922363, 'learning_rate': 1.511737089201878e-05, 'epoch': 0.25}
{'loss': 1.031, 'grad_norm': 3.9002747535705566, 'learning_rate': 1.5093896713615025e-05, 'epoch': 0.25}
{'loss': 1.2461, 'grad_norm': 4.9672675132751465, 'learning_rate': 1.5070422535211269e-05, 'epoch': 0.25}
{'loss': 1.0071, 'grad_norm': 3.235417366027832, 'learning_rate': 1.5046948356807514e-05, 'epoch': 0.25}
{'loss': 1.1345, 'grad_norm': 8.640608787536621, 'learning_rate': 1.5023474178403756e-05, 'epoch': 0.25}
{'loss': 0.9989, 'grad_norm': 2.462585687637329, 'learning_rate': 1.5000000000000002e-05, 'epoch': 0.26}
{'loss': 1.0302, 'grad_norm': 4.672821521759033, 'learning_rate': 1.4976525821596246e-05, 'epoch': 0.26}
{'loss': 0.775, 'grad_norm': 4.828670501708984, 'learning_rate': 1.4953051643192488e-05, 'epoch': 0.26}
{'loss': 0.9984, 'grad_norm': 5.313636302947998, 'learning_rate': 1.4929577464788734e-05, 'epoch': 0.26}
{'loss': 0.9016, 'grad_norm': 2.643793821334839, 'learning_rate': 1.4906103286384978e-05, 'epoch': 0.26}
{'loss': 1.077, 'grad_norm': 2.712994337081909, 'learning_rate': 1.4882629107981222e-05, 'epoch': 0.26}
{'loss': 1.1156, 'grad_norm': 6.6456828117370605, 'learning_rate': 1.4859154929577466e-05, 'epoch': 0.26}
{'loss': 1.2714, 'grad_norm': 3.834618091583252, 'learning_rate': 1.4835680751173711e-05, 'epoch': 0.26}
{'loss': 0.8917, 'grad_norm': 3.726837158203125, 'learning_rate': 1.4812206572769954e-05, 'epoch': 0.27}
{'loss': 1.0153, 'grad_norm': 2.4428186416625977, 'learning_rate': 1.47887323943662e-05, 'epoch': 0.27}
{'loss': 0.9137, 'grad_norm': 4.148670196533203, 'learning_rate': 1.4765258215962443e-05, 'epoch': 0.27}
{'loss': 1.0917, 'grad_norm': 9.293865203857422, 'learning_rate': 1.4741784037558686e-05, 'epoch': 0.27}
{'loss': 0.9711, 'grad_norm': 2.569586753845215, 'learning_rate': 1.4718309859154931e-05, 'epoch': 0.27}
{'loss': 0.9511, 'grad_norm': 4.745136260986328, 'learning_rate': 1.4694835680751174e-05, 'epoch': 0.27}
{'loss': 0.994, 'grad_norm': 3.432398796081543, 'learning_rate': 1.467136150234742e-05, 'epoch': 0.27}
{'loss': 1.0002, 'grad_norm': 4.0710601806640625, 'learning_rate': 1.4647887323943663e-05, 'epoch': 0.27}
{'loss': 0.9765, 'grad_norm': 5.643024921417236, 'learning_rate': 1.4624413145539907e-05, 'epoch': 0.27}
{'loss': 1.1013, 'grad_norm': 3.5544159412384033, 'learning_rate': 1.4600938967136151e-05, 'epoch': 0.28}
{'loss': 1.0153, 'grad_norm': 4.0636820793151855, 'learning_rate': 1.4577464788732397e-05, 'epoch': 0.28}
{'loss': 1.1618, 'grad_norm': 5.176539421081543, 'learning_rate': 1.4553990610328639e-05, 'epoch': 0.28}
{'loss': 1.0403, 'grad_norm': 5.205088138580322, 'learning_rate': 1.4530516431924883e-05, 'epoch': 0.28}
{'loss': 1.0314, 'grad_norm': 2.9527831077575684, 'learning_rate': 1.4507042253521129e-05, 'epoch': 0.28}
{'loss': 0.9537, 'grad_norm': 3.125295639038086, 'learning_rate': 1.4483568075117371e-05, 'epoch': 0.28}
{'loss': 1.0443, 'grad_norm': 5.352267742156982, 'learning_rate': 1.4460093896713617e-05, 'epoch': 0.28}
{'loss': 1.3492, 'grad_norm': 9.510096549987793, 'learning_rate': 1.443661971830986e-05, 'epoch': 0.28}
{'loss': 1.1429, 'grad_norm': 5.018182277679443, 'learning_rate': 1.4413145539906104e-05, 'epoch': 0.28}
{'loss': 1.1431, 'grad_norm': 7.3732380867004395, 'learning_rate': 1.4389671361502348e-05, 'epoch': 0.29}
{'loss': 1.0556, 'grad_norm': 9.023457527160645, 'learning_rate': 1.4366197183098594e-05, 'epoch': 0.29}
{'loss': 1.148, 'grad_norm': 9.870250701904297, 'learning_rate': 1.4342723004694836e-05, 'epoch': 0.29}
{'loss': 0.9807, 'grad_norm': 5.689629077911377, 'learning_rate': 1.4319248826291082e-05, 'epoch': 0.29}
{'loss': 1.2836, 'grad_norm': 16.365991592407227, 'learning_rate': 1.4295774647887326e-05, 'epoch': 0.29}
{'loss': 1.2438, 'grad_norm': 5.808038234710693, 'learning_rate': 1.4272300469483568e-05, 'epoch': 0.29}
{'loss': 0.9518, 'grad_norm': 2.8913204669952393, 'learning_rate': 1.4248826291079814e-05, 'epoch': 0.29}
{'loss': 0.9996, 'grad_norm': 5.553735733032227, 'learning_rate': 1.4225352112676058e-05, 'epoch': 0.29}
{'loss': 1.0157, 'grad_norm': 3.121586322784424, 'learning_rate': 1.4201877934272302e-05, 'epoch': 0.3}
{'loss': 0.8217, 'grad_norm': 2.5845327377319336, 'learning_rate': 1.4178403755868546e-05, 'epoch': 0.3}
{'loss': 0.9047, 'grad_norm': 5.9449663162231445, 'learning_rate': 1.4154929577464788e-05, 'epoch': 0.3}
{'loss': 1.1081, 'grad_norm': 3.4384920597076416, 'learning_rate': 1.4131455399061034e-05, 'epoch': 0.3}
{'loss': 1.0909, 'grad_norm': 6.920955181121826, 'learning_rate': 1.410798122065728e-05, 'epoch': 0.3}
{'loss': 1.3727, 'grad_norm': 6.910908222198486, 'learning_rate': 1.4084507042253522e-05, 'epoch': 0.3}
{'loss': 1.1982, 'grad_norm': 6.100137710571289, 'learning_rate': 1.4061032863849765e-05, 'epoch': 0.3}
{'loss': 1.0606, 'grad_norm': 8.182147026062012, 'learning_rate': 1.4037558685446011e-05, 'epoch': 0.3}
{'loss': 1.1297, 'grad_norm': 3.8285412788391113, 'learning_rate': 1.4014084507042253e-05, 'epoch': 0.3}
{'loss': 0.999, 'grad_norm': 2.269261121749878, 'learning_rate': 1.3990610328638499e-05, 'epoch': 0.31}
{'loss': 1.0777, 'grad_norm': 6.612173557281494, 'learning_rate': 1.3967136150234743e-05, 'epoch': 0.31}
{'loss': 1.0888, 'grad_norm': 9.54114818572998, 'learning_rate': 1.3943661971830987e-05, 'epoch': 0.31}
{'loss': 0.8043, 'grad_norm': 2.88084077835083, 'learning_rate': 1.3920187793427231e-05, 'epoch': 0.31}
{'loss': 1.2185, 'grad_norm': 6.082780838012695, 'learning_rate': 1.3896713615023477e-05, 'epoch': 0.31}
{'loss': 1.2384, 'grad_norm': 6.938993453979492, 'learning_rate': 1.3873239436619719e-05, 'epoch': 0.31}
{'loss': 0.9677, 'grad_norm': 16.203413009643555, 'learning_rate': 1.3849765258215963e-05, 'epoch': 0.31}
{'loss': 1.2459, 'grad_norm': 5.581950664520264, 'learning_rate': 1.3826291079812208e-05, 'epoch': 0.31}
{'loss': 1.0925, 'grad_norm': 6.763242244720459, 'learning_rate': 1.380281690140845e-05, 'epoch': 0.32}
{'loss': 1.0714, 'grad_norm': 4.574765205383301, 'learning_rate': 1.3779342723004696e-05, 'epoch': 0.32}
{'loss': 0.9204, 'grad_norm': 2.6491987705230713, 'learning_rate': 1.375586854460094e-05, 'epoch': 0.32}
{'loss': 0.9892, 'grad_norm': 6.078147888183594, 'learning_rate': 1.3732394366197184e-05, 'epoch': 0.32}
{'loss': 1.1401, 'grad_norm': 2.6703450679779053, 'learning_rate': 1.3708920187793428e-05, 'epoch': 0.32}
{'loss': 1.0936, 'grad_norm': 4.838921070098877, 'learning_rate': 1.3685446009389674e-05, 'epoch': 0.32}
{'loss': 0.8967, 'grad_norm': 1.8177523612976074, 'learning_rate': 1.3661971830985916e-05, 'epoch': 0.32}
{'loss': 1.1138, 'grad_norm': 3.9358208179473877, 'learning_rate': 1.3638497652582162e-05, 'epoch': 0.32}
{'loss': 0.9491, 'grad_norm': 4.090611934661865, 'learning_rate': 1.3615023474178406e-05, 'epoch': 0.32}
{'loss': 1.0196, 'grad_norm': 4.749125003814697, 'learning_rate': 1.3591549295774648e-05, 'epoch': 0.33}
{'loss': 0.9196, 'grad_norm': 3.435089588165283, 'learning_rate': 1.3568075117370894e-05, 'epoch': 0.33}
{'loss': 1.2863, 'grad_norm': 7.6417741775512695, 'learning_rate': 1.3544600938967136e-05, 'epoch': 0.33}
{'loss': 1.3736, 'grad_norm': 7.042270183563232, 'learning_rate': 1.3521126760563382e-05, 'epoch': 0.33}
{'loss': 1.3004, 'grad_norm': 8.059106826782227, 'learning_rate': 1.3497652582159626e-05, 'epoch': 0.33}
{'loss': 1.1915, 'grad_norm': 6.589629650115967, 'learning_rate': 1.347417840375587e-05, 'epoch': 0.33}
{'loss': 1.1621, 'grad_norm': 10.8175630569458, 'learning_rate': 1.3450704225352114e-05, 'epoch': 0.33}
{'loss': 1.0799, 'grad_norm': 3.252790689468384, 'learning_rate': 1.342723004694836e-05, 'epoch': 0.33}
{'loss': 0.9566, 'grad_norm': 3.991335391998291, 'learning_rate': 1.3403755868544601e-05, 'epoch': 0.34}
{'loss': 0.9674, 'grad_norm': 4.901815414428711, 'learning_rate': 1.3380281690140845e-05, 'epoch': 0.34}
{'loss': 1.0646, 'grad_norm': 4.800894737243652, 'learning_rate': 1.3356807511737091e-05, 'epoch': 0.34}
{'loss': 1.2113, 'grad_norm': 5.65252685546875, 'learning_rate': 1.3333333333333333e-05, 'epoch': 0.34}
{'loss': 1.0254, 'grad_norm': 4.660120964050293, 'learning_rate': 1.3309859154929579e-05, 'epoch': 0.34}
{'loss': 0.9217, 'grad_norm': 3.395130157470703, 'learning_rate': 1.3286384976525823e-05, 'epoch': 0.34}
{'loss': 1.0969, 'grad_norm': 3.0590858459472656, 'learning_rate': 1.3262910798122067e-05, 'epoch': 0.34}
{'loss': 1.1698, 'grad_norm': 4.493639945983887, 'learning_rate': 1.323943661971831e-05, 'epoch': 0.34}
{'loss': 1.094, 'grad_norm': 4.9383368492126465, 'learning_rate': 1.3215962441314556e-05, 'epoch': 0.34}
{'loss': 1.1185, 'grad_norm': 4.528131008148193, 'learning_rate': 1.3192488262910799e-05, 'epoch': 0.35}
{'loss': 0.8173, 'grad_norm': 4.894476890563965, 'learning_rate': 1.3169014084507044e-05, 'epoch': 0.35}
{'loss': 1.1357, 'grad_norm': 2.1948978900909424, 'learning_rate': 1.3145539906103288e-05, 'epoch': 0.35}
{'loss': 1.3658, 'grad_norm': 3.020477294921875, 'learning_rate': 1.312206572769953e-05, 'epoch': 0.35}
{'loss': 0.8778, 'grad_norm': 2.583998441696167, 'learning_rate': 1.3098591549295776e-05, 'epoch': 0.35}

































                                               
[A
                                                 



                                               [A
                                                 

                                                 

                                                 

                                                 

                                                 

                                                 

                                                 

                                                 

                                                 

                                                 

                                                 

                                                 

                                                 

                                                 

                                                 

                                                 

                                                 

                                                 

                                                 

                                                 

                                                 

                                                 

                                                 

                                                 

                                                 

                                                 

                                                 

                                                 

                                                 

                                                 

                                                 

                                                 

                                                 

                                                 

                                                 

                                                 

                                                 

                                                 

                                                 

                                                 

                                                 

                                                 

                                                 

                                                 

                                                 

                                                 

                                                 

                                                 

                                                 

                                                 

                                                 

                                                 

                                                 

                                                 

                                                 

                                                 

                                                 

                                                 

                                                 

                                                 

                                                 

                                                 

                                                 

                                                 

                                                 

                                                 

                                                 

                                                 

                                                 

                                                 

                                                 

                                                 

                                                 

                                                 

                                                 

                                                 

                                                 

                                                 

                                                 

                                                 

                                                 

                                                 

                                                 

                                                 

                                                 

                                                 

                                                 

                                                 

                                                 

                                                 

                                                 

                                                 

                                                 

                                                 

                                                 

                                                 

                                                 

                                                 

                                                 

                                                 

{'loss': 1.0906, 'grad_norm': 3.7646286487579346, 'learning_rate': 1.307511737089202e-05, 'epoch': 0.35}
{'loss': 0.9029, 'grad_norm': 3.1081063747406006, 'learning_rate': 1.3051643192488264e-05, 'epoch': 0.35}
{'loss': 0.9654, 'grad_norm': 5.990733623504639, 'learning_rate': 1.3028169014084508e-05, 'epoch': 0.35}
{'loss': 0.9375, 'grad_norm': 3.0828239917755127, 'learning_rate': 1.300469483568075e-05, 'epoch': 0.36}
{'loss': 1.0908, 'grad_norm': 7.790699481964111, 'learning_rate': 1.2981220657276996e-05, 'epoch': 0.36}
{'loss': 1.0373, 'grad_norm': 4.481943130493164, 'learning_rate': 1.2957746478873242e-05, 'epoch': 0.36}
{'loss': 1.3374, 'grad_norm': 2.38676381111145, 'learning_rate': 1.2934272300469484e-05, 'epoch': 0.36}
{'loss': 0.9983, 'grad_norm': 2.6946799755096436, 'learning_rate': 1.2910798122065728e-05, 'epoch': 0.36}
{'loss': 0.9207, 'grad_norm': 7.003025054931641, 'learning_rate': 1.2887323943661974e-05, 'epoch': 0.36}
{'loss': 1.264, 'grad_norm': 14.508798599243164, 'learning_rate': 1.2863849765258216e-05, 'epoch': 0.36}
{'loss': 0.9303, 'grad_norm': 2.362396240234375, 'learning_rate': 1.2840375586854462e-05, 'epoch': 0.36}
{'loss': 1.0959, 'grad_norm': 2.5326218605041504, 'learning_rate': 1.2816901408450705e-05, 'epoch': 0.36}
{'loss': 0.8255, 'grad_norm': 3.195786952972412, 'learning_rate': 1.279342723004695e-05, 'epoch': 0.37}
{'loss': 1.2791, 'grad_norm': 3.456965923309326, 'learning_rate': 1.2769953051643193e-05, 'epoch': 0.37}
{'loss': 0.9902, 'grad_norm': 6.683013916015625, 'learning_rate': 1.2746478873239439e-05, 'epoch': 0.37}
{'loss': 0.997, 'grad_norm': 4.3016180992126465, 'learning_rate': 1.2723004694835681e-05, 'epoch': 0.37}
{'loss': 1.152, 'grad_norm': 4.206502437591553, 'learning_rate': 1.2699530516431925e-05, 'epoch': 0.37}
{'loss': 1.0268, 'grad_norm': 3.754106044769287, 'learning_rate': 1.2676056338028171e-05, 'epoch': 0.37}
{'loss': 0.8911, 'grad_norm': 14.593039512634277, 'learning_rate': 1.2652582159624413e-05, 'epoch': 0.37}
{'loss': 0.9894, 'grad_norm': 4.4422221183776855, 'learning_rate': 1.2629107981220659e-05, 'epoch': 0.37}
{'loss': 1.1695, 'grad_norm': 2.5877726078033447, 'learning_rate': 1.2605633802816903e-05, 'epoch': 0.37}
{'loss': 1.1665, 'grad_norm': 5.518803119659424, 'learning_rate': 1.2582159624413147e-05, 'epoch': 0.38}
{'loss': 1.1562, 'grad_norm': 10.763214111328125, 'learning_rate': 1.255868544600939e-05, 'epoch': 0.38}
{'loss': 0.9201, 'grad_norm': 4.161078929901123, 'learning_rate': 1.2535211267605636e-05, 'epoch': 0.38}
{'loss': 1.1407, 'grad_norm': 6.345231056213379, 'learning_rate': 1.2511737089201879e-05, 'epoch': 0.38}
{'loss': 1.1096, 'grad_norm': 4.389191150665283, 'learning_rate': 1.2488262910798124e-05, 'epoch': 0.38}
{'loss': 1.2009, 'grad_norm': 14.116913795471191, 'learning_rate': 1.2464788732394367e-05, 'epoch': 0.38}
{'loss': 0.9653, 'grad_norm': 3.5676610469818115, 'learning_rate': 1.244131455399061e-05, 'epoch': 0.38}
{'loss': 1.1739, 'grad_norm': 4.605418682098389, 'learning_rate': 1.2417840375586856e-05, 'epoch': 0.38}
{'loss': 1.3205, 'grad_norm': 8.029190063476562, 'learning_rate': 1.2394366197183098e-05, 'epoch': 0.39}
{'loss': 0.9957, 'grad_norm': 8.217816352844238, 'learning_rate': 1.2370892018779344e-05, 'epoch': 0.39}
{'loss': 1.0216, 'grad_norm': 4.500336647033691, 'learning_rate': 1.2347417840375588e-05, 'epoch': 0.39}
{'loss': 0.9647, 'grad_norm': 3.5048999786376953, 'learning_rate': 1.232394366197183e-05, 'epoch': 0.39}
{'loss': 1.2368, 'grad_norm': 4.077203273773193, 'learning_rate': 1.2300469483568076e-05, 'epoch': 0.39}
{'loss': 1.1674, 'grad_norm': 4.066077709197998, 'learning_rate': 1.2276995305164322e-05, 'epoch': 0.39}
{'loss': 0.877, 'grad_norm': 6.983448505401611, 'learning_rate': 1.2253521126760564e-05, 'epoch': 0.39}
{'loss': 1.1376, 'grad_norm': 7.259042263031006, 'learning_rate': 1.2230046948356808e-05, 'epoch': 0.39}
{'loss': 1.4144, 'grad_norm': 11.374176979064941, 'learning_rate': 1.2206572769953053e-05, 'epoch': 0.39}
{'loss': 1.0292, 'grad_norm': 8.989847183227539, 'learning_rate': 1.2183098591549296e-05, 'epoch': 0.4}
{'loss': 1.0575, 'grad_norm': 8.079535484313965, 'learning_rate': 1.2159624413145541e-05, 'epoch': 0.4}
{'loss': 1.1989, 'grad_norm': 6.269482135772705, 'learning_rate': 1.2136150234741785e-05, 'epoch': 0.4}
{'loss': 1.0341, 'grad_norm': 7.442030906677246, 'learning_rate': 1.211267605633803e-05, 'epoch': 0.4}
{'loss': 1.3245, 'grad_norm': 6.653869152069092, 'learning_rate': 1.2089201877934273e-05, 'epoch': 0.4}
{'loss': 1.0126, 'grad_norm': 4.178868293762207, 'learning_rate': 1.2065727699530519e-05, 'epoch': 0.4}
{'loss': 1.2499, 'grad_norm': 4.85255241394043, 'learning_rate': 1.2042253521126761e-05, 'epoch': 0.4}
{'loss': 1.0174, 'grad_norm': 7.39143705368042, 'learning_rate': 1.2018779342723005e-05, 'epoch': 0.4}
{'loss': 0.8943, 'grad_norm': 2.2477691173553467, 'learning_rate': 1.199530516431925e-05, 'epoch': 0.41}
{'loss': 0.9677, 'grad_norm': 2.718029499053955, 'learning_rate': 1.1971830985915493e-05, 'epoch': 0.41}
{'loss': 1.1355, 'grad_norm': 11.527165412902832, 'learning_rate': 1.1948356807511739e-05, 'epoch': 0.41}
{'loss': 1.0533, 'grad_norm': 7.270402431488037, 'learning_rate': 1.1924882629107981e-05, 'epoch': 0.41}
{'loss': 1.1092, 'grad_norm': 5.023299694061279, 'learning_rate': 1.1901408450704227e-05, 'epoch': 0.41}
{'loss': 1.1369, 'grad_norm': 3.501617670059204, 'learning_rate': 1.187793427230047e-05, 'epoch': 0.41}
{'loss': 1.1834, 'grad_norm': 7.732178688049316, 'learning_rate': 1.1854460093896713e-05, 'epoch': 0.41}
{'loss': 1.1803, 'grad_norm': 5.5638251304626465, 'learning_rate': 1.1830985915492958e-05, 'epoch': 0.41}
{'loss': 1.086, 'grad_norm': 3.753960132598877, 'learning_rate': 1.1807511737089204e-05, 'epoch': 0.41}
{'loss': 0.8786, 'grad_norm': 3.24202299118042, 'learning_rate': 1.1784037558685446e-05, 'epoch': 0.42}
{'loss': 0.9153, 'grad_norm': 3.3169376850128174, 'learning_rate': 1.176056338028169e-05, 'epoch': 0.42}
{'loss': 0.9124, 'grad_norm': 4.137039661407471, 'learning_rate': 1.1737089201877936e-05, 'epoch': 0.42}
{'loss': 1.0457, 'grad_norm': 5.460160255432129, 'learning_rate': 1.1713615023474178e-05, 'epoch': 0.42}
{'loss': 1.0871, 'grad_norm': 6.453368186950684, 'learning_rate': 1.1690140845070424e-05, 'epoch': 0.42}
{'loss': 1.1078, 'grad_norm': 7.1693010330200195, 'learning_rate': 1.1666666666666668e-05, 'epoch': 0.42}
{'loss': 1.003, 'grad_norm': 7.266568660736084, 'learning_rate': 1.1643192488262912e-05, 'epoch': 0.42}
{'loss': 1.1327, 'grad_norm': 8.432535171508789, 'learning_rate': 1.1619718309859156e-05, 'epoch': 0.42}
{'loss': 1.1943, 'grad_norm': 5.517172336578369, 'learning_rate': 1.1596244131455401e-05, 'epoch': 0.43}
{'loss': 1.3176, 'grad_norm': 14.452234268188477, 'learning_rate': 1.1572769953051644e-05, 'epoch': 0.43}
{'loss': 1.0269, 'grad_norm': 3.7399420738220215, 'learning_rate': 1.1549295774647888e-05, 'epoch': 0.43}
{'loss': 1.022, 'grad_norm': 5.106187343597412, 'learning_rate': 1.1525821596244133e-05, 'epoch': 0.43}
{'loss': 1.0903, 'grad_norm': 6.141469955444336, 'learning_rate': 1.1502347417840376e-05, 'epoch': 0.43}
{'loss': 1.0589, 'grad_norm': 4.1950178146362305, 'learning_rate': 1.1478873239436621e-05, 'epoch': 0.43}
{'loss': 1.4527, 'grad_norm': 3.696000814437866, 'learning_rate': 1.1455399061032865e-05, 'epoch': 0.43}
{'loss': 1.1998, 'grad_norm': 16.048254013061523, 'learning_rate': 1.143192488262911e-05, 'epoch': 0.43}
{'loss': 1.0101, 'grad_norm': 2.907175302505493, 'learning_rate': 1.1408450704225353e-05, 'epoch': 0.43}
{'loss': 0.9662, 'grad_norm': 3.002638339996338, 'learning_rate': 1.1384976525821595e-05, 'epoch': 0.44}
{'loss': 1.2229, 'grad_norm': 6.150074005126953, 'learning_rate': 1.1361502347417841e-05, 'epoch': 0.44}
{'loss': 1.4885, 'grad_norm': 6.931426048278809, 'learning_rate': 1.1338028169014087e-05, 'epoch': 0.44}
{'loss': 1.1822, 'grad_norm': 4.12095308303833, 'learning_rate': 1.1314553990610329e-05, 'epoch': 0.44}
{'loss': 1.5027, 'grad_norm': 7.4380950927734375, 'learning_rate': 1.1291079812206573e-05, 'epoch': 0.44}
{'loss': 1.0824, 'grad_norm': 3.1028637886047363, 'learning_rate': 1.1267605633802819e-05, 'epoch': 0.44}
{'loss': 0.9849, 'grad_norm': 6.629214763641357, 'learning_rate': 1.1244131455399061e-05, 'epoch': 0.44}
{'loss': 0.9783, 'grad_norm': 6.516992092132568, 'learning_rate': 1.1220657276995307e-05, 'epoch': 0.44}
{'loss': 1.1035, 'grad_norm': 4.018904685974121, 'learning_rate': 1.119718309859155e-05, 'epoch': 0.44}
{'loss': 0.9596, 'grad_norm': 5.1512956619262695, 'learning_rate': 1.1173708920187793e-05, 'epoch': 0.45}
{'loss': 1.1022, 'grad_norm': 4.024654865264893, 'learning_rate': 1.1150234741784038e-05, 'epoch': 0.45}
{'loss': 1.0975, 'grad_norm': 5.170981407165527, 'learning_rate': 1.1126760563380284e-05, 'epoch': 0.45}
{'loss': 1.0116, 'grad_norm': 4.9154767990112305, 'learning_rate': 1.1103286384976526e-05, 'epoch': 0.45}
{'loss': 1.1347, 'grad_norm': 3.945436716079712, 'learning_rate': 1.107981220657277e-05, 'epoch': 0.45}
{'loss': 0.8648, 'grad_norm': 3.9749510288238525, 'learning_rate': 1.1056338028169016e-05, 'epoch': 0.45}
{'loss': 0.8684, 'grad_norm': 5.439450740814209, 'learning_rate': 1.1032863849765258e-05, 'epoch': 0.45}
{'loss': 1.0953, 'grad_norm': 4.113893508911133, 'learning_rate': 1.1009389671361504e-05, 'epoch': 0.45}
{'loss': 1.1413, 'grad_norm': 5.454982280731201, 'learning_rate': 1.0985915492957748e-05, 'epoch': 0.46}
{'loss': 0.9178, 'grad_norm': 2.436086654663086, 'learning_rate': 1.0962441314553992e-05, 'epoch': 0.46}
{'loss': 1.0985, 'grad_norm': 5.804551601409912, 'learning_rate': 1.0938967136150236e-05, 'epoch': 0.46}
{'loss': 0.9312, 'grad_norm': 2.348989486694336, 'learning_rate': 1.0915492957746481e-05, 'epoch': 0.46}
{'loss': 1.1976, 'grad_norm': 7.3827080726623535, 'learning_rate': 1.0892018779342724e-05, 'epoch': 0.46}
{'loss': 1.1432, 'grad_norm': 10.019423484802246, 'learning_rate': 1.0868544600938968e-05, 'epoch': 0.46}
{'loss': 1.03, 'grad_norm': 9.548701286315918, 'learning_rate': 1.0845070422535213e-05, 'epoch': 0.46}
{'loss': 0.9804, 'grad_norm': 4.165522575378418, 'learning_rate': 1.0821596244131455e-05, 'epoch': 0.46}
{'loss': 0.8626, 'grad_norm': 5.305539131164551, 'learning_rate': 1.0798122065727701e-05, 'epoch': 0.46}
{'loss': 1.091, 'grad_norm': 5.519374370574951, 'learning_rate': 1.0774647887323943e-05, 'epoch': 0.47}
{'loss': 1.0659, 'grad_norm': 4.781826972961426, 'learning_rate': 1.0751173708920189e-05, 'epoch': 0.47}

































                                               
[A
                                                 



                                               [A
                                                 

                                                 

                                                 

                                                 

                                                 

                                                 

                                                 

                                                 

                                                 

                                                 

                                                 

                                                 

                                                 

                                                 

                                                 

                                                 

                                                 

                                                 

                                                 

                                                 

                                                 

                                                 

                                                 

                                                 

                                                 

                                                 

                                                 

                                                 

                                                 

                                                 

                                                 

                                                 

                                                 

                                                 

                                                 

                                                 

                                                 

                                                 

                                                 

                                                 

                                                 

                                                 

                                                 

                                                 

                                                 

                                                 

                                                 

                                                 

                                                 

                                                 

                                                 

                                                 

                                                 

                                                 

                                                 

                                                 

                                                 

                                                 

                                                 

                                                 

                                                 

                                                 

                                                 

                                                 

                                                 

                                                 

                                                 

                                                 

                                                 

                                                 

                                                 

                                                 

                                                 

                                                 

                                                 

                                                 

                                                 

                                                 

                                                 

                                                 

                                                 

                                                 

                                                 

                                                 

                                                 

                                                 

                                                 

                                                 

                                                 

                                                 

                                                 

                                                 

                                                 

                                                 

                                                 

                                                 

                                                 

                                                 

                                                 

                                                 

{'loss': 1.0595, 'grad_norm': 5.365627765655518, 'learning_rate': 1.0727699530516433e-05, 'epoch': 0.47}
{'loss': 1.0809, 'grad_norm': 5.225882053375244, 'learning_rate': 1.0704225352112675e-05, 'epoch': 0.47}
{'loss': 1.1016, 'grad_norm': 5.4539265632629395, 'learning_rate': 1.0680751173708921e-05, 'epoch': 0.47}
{'loss': 1.1385, 'grad_norm': 7.45723819732666, 'learning_rate': 1.0657276995305167e-05, 'epoch': 0.47}
{'loss': 1.0192, 'grad_norm': 8.1962251663208, 'learning_rate': 1.0633802816901409e-05, 'epoch': 0.47}
{'loss': 1.1068, 'grad_norm': 4.074985980987549, 'learning_rate': 1.0610328638497653e-05, 'epoch': 0.47}
{'loss': 1.1673, 'grad_norm': 11.213427543640137, 'learning_rate': 1.0586854460093898e-05, 'epoch': 0.48}
{'loss': 1.1723, 'grad_norm': 5.523845195770264, 'learning_rate': 1.056338028169014e-05, 'epoch': 0.48}
{'loss': 1.2697, 'grad_norm': 12.860006332397461, 'learning_rate': 1.0539906103286386e-05, 'epoch': 0.48}
{'loss': 0.981, 'grad_norm': 4.59428596496582, 'learning_rate': 1.051643192488263e-05, 'epoch': 0.48}
{'loss': 1.3788, 'grad_norm': 7.905567169189453, 'learning_rate': 1.0492957746478873e-05, 'epoch': 0.48}
{'loss': 1.178, 'grad_norm': 4.012371063232422, 'learning_rate': 1.0469483568075118e-05, 'epoch': 0.48}
{'loss': 0.9428, 'grad_norm': 5.070794582366943, 'learning_rate': 1.0446009389671364e-05, 'epoch': 0.48}
{'loss': 0.8156, 'grad_norm': 4.372200012207031, 'learning_rate': 1.0422535211267606e-05, 'epoch': 0.48}
{'loss': 0.8185, 'grad_norm': 2.4877517223358154, 'learning_rate': 1.039906103286385e-05, 'epoch': 0.48}
{'loss': 0.8929, 'grad_norm': 5.025641918182373, 'learning_rate': 1.0375586854460096e-05, 'epoch': 0.49}
{'loss': 0.9654, 'grad_norm': 6.170666217803955, 'learning_rate': 1.0352112676056338e-05, 'epoch': 0.49}
{'loss': 1.108, 'grad_norm': 4.699944019317627, 'learning_rate': 1.0328638497652584e-05, 'epoch': 0.49}
{'loss': 1.2704, 'grad_norm': 3.174304723739624, 'learning_rate': 1.0305164319248828e-05, 'epoch': 0.49}
{'loss': 1.1385, 'grad_norm': 4.228196144104004, 'learning_rate': 1.0281690140845072e-05, 'epoch': 0.49}
{'loss': 1.1242, 'grad_norm': 5.0065083503723145, 'learning_rate': 1.0258215962441316e-05, 'epoch': 0.49}
{'loss': 0.9219, 'grad_norm': 7.781682014465332, 'learning_rate': 1.0234741784037558e-05, 'epoch': 0.49}
{'loss': 1.0589, 'grad_norm': 6.140904426574707, 'learning_rate': 1.0211267605633803e-05, 'epoch': 0.49}
{'loss': 1.353, 'grad_norm': 7.8131794929504395, 'learning_rate': 1.0187793427230047e-05, 'epoch': 0.5}
{'loss': 1.1286, 'grad_norm': 5.620410919189453, 'learning_rate': 1.0164319248826291e-05, 'epoch': 0.5}
{'loss': 0.9951, 'grad_norm': 8.636773109436035, 'learning_rate': 1.0140845070422535e-05, 'epoch': 0.5}
{'loss': 1.0356, 'grad_norm': 2.923347234725952, 'learning_rate': 1.0117370892018781e-05, 'epoch': 0.5}
{'loss': 1.2649, 'grad_norm': 3.577181577682495, 'learning_rate': 1.0093896713615023e-05, 'epoch': 0.5}
{'loss': 1.3066, 'grad_norm': 5.3773884773254395, 'learning_rate': 1.0070422535211269e-05, 'epoch': 0.5}
{'loss': 0.8167, 'grad_norm': 3.611517906188965, 'learning_rate': 1.0046948356807513e-05, 'epoch': 0.5}
{'loss': 1.042, 'grad_norm': 2.8322625160217285, 'learning_rate': 1.0023474178403755e-05, 'epoch': 0.5}
{'loss': 0.9381, 'grad_norm': 5.733931541442871, 'learning_rate': 1e-05, 'epoch': 0.5}
{'loss': 1.0106, 'grad_norm': 7.665923595428467, 'learning_rate': 9.976525821596245e-06, 'epoch': 0.51}
{'loss': 0.9974, 'grad_norm': 10.080082893371582, 'learning_rate': 9.953051643192489e-06, 'epoch': 0.51}
{'loss': 1.0687, 'grad_norm': 3.7919344902038574, 'learning_rate': 9.929577464788733e-06, 'epoch': 0.51}
{'loss': 1.2658, 'grad_norm': 5.445979595184326, 'learning_rate': 9.906103286384977e-06, 'epoch': 0.51}
{'loss': 1.1018, 'grad_norm': 5.386758804321289, 'learning_rate': 9.882629107981222e-06, 'epoch': 0.51}
{'loss': 1.196, 'grad_norm': 2.9934208393096924, 'learning_rate': 9.859154929577466e-06, 'epoch': 0.51}
{'loss': 1.0911, 'grad_norm': 2.803698778152466, 'learning_rate': 9.83568075117371e-06, 'epoch': 0.51}
{'loss': 1.1192, 'grad_norm': 4.434288024902344, 'learning_rate': 9.812206572769954e-06, 'epoch': 0.51}
{'loss': 0.9826, 'grad_norm': 3.8603148460388184, 'learning_rate': 9.788732394366198e-06, 'epoch': 0.52}
{'loss': 1.0458, 'grad_norm': 6.109244346618652, 'learning_rate': 9.765258215962442e-06, 'epoch': 0.52}
{'loss': 1.1245, 'grad_norm': 7.359018802642822, 'learning_rate': 9.741784037558686e-06, 'epoch': 0.52}
{'loss': 1.0688, 'grad_norm': 6.844936370849609, 'learning_rate': 9.71830985915493e-06, 'epoch': 0.52}
{'loss': 1.3015, 'grad_norm': 7.654477596282959, 'learning_rate': 9.694835680751174e-06, 'epoch': 0.52}
{'loss': 1.1884, 'grad_norm': 7.0124430656433105, 'learning_rate': 9.671361502347418e-06, 'epoch': 0.52}
{'loss': 1.3102, 'grad_norm': 9.08879280090332, 'learning_rate': 9.647887323943664e-06, 'epoch': 0.52}
{'loss': 1.1346, 'grad_norm': 4.729400157928467, 'learning_rate': 9.624413145539908e-06, 'epoch': 0.52}
{'loss': 0.9733, 'grad_norm': 3.198840856552124, 'learning_rate': 9.600938967136152e-06, 'epoch': 0.52}
{'loss': 1.0297, 'grad_norm': 6.965190410614014, 'learning_rate': 9.577464788732394e-06, 'epoch': 0.53}
{'loss': 0.9066, 'grad_norm': 4.099882125854492, 'learning_rate': 9.55399061032864e-06, 'epoch': 0.53}
{'loss': 1.2276, 'grad_norm': 4.708887100219727, 'learning_rate': 9.530516431924883e-06, 'epoch': 0.53}
{'loss': 1.0104, 'grad_norm': 4.137907981872559, 'learning_rate': 9.507042253521127e-06, 'epoch': 0.53}
{'loss': 1.299, 'grad_norm': 4.420328617095947, 'learning_rate': 9.483568075117371e-06, 'epoch': 0.53}
{'loss': 1.0179, 'grad_norm': 3.4264490604400635, 'learning_rate': 9.460093896713615e-06, 'epoch': 0.53}
{'loss': 0.85, 'grad_norm': 2.646223783493042, 'learning_rate': 9.43661971830986e-06, 'epoch': 0.53}
{'loss': 1.1774, 'grad_norm': 6.320895195007324, 'learning_rate': 9.413145539906105e-06, 'epoch': 0.53}
{'loss': 0.8565, 'grad_norm': 6.288484573364258, 'learning_rate': 9.389671361502349e-06, 'epoch': 0.53}
{'loss': 1.2578, 'grad_norm': 6.03494119644165, 'learning_rate': 9.366197183098593e-06, 'epoch': 0.54}
{'loss': 1.1126, 'grad_norm': 2.919337749481201, 'learning_rate': 9.342723004694837e-06, 'epoch': 0.54}
{'loss': 1.2061, 'grad_norm': 5.61051607131958, 'learning_rate': 9.31924882629108e-06, 'epoch': 0.54}
{'loss': 1.1062, 'grad_norm': 5.900171756744385, 'learning_rate': 9.295774647887325e-06, 'epoch': 0.54}
{'loss': 1.1017, 'grad_norm': 3.08919095993042, 'learning_rate': 9.272300469483569e-06, 'epoch': 0.54}
{'loss': 0.9885, 'grad_norm': 3.278264284133911, 'learning_rate': 9.248826291079813e-06, 'epoch': 0.54}
{'loss': 1.177, 'grad_norm': 7.024613380432129, 'learning_rate': 9.225352112676057e-06, 'epoch': 0.54}
{'loss': 0.9017, 'grad_norm': 4.85842227935791, 'learning_rate': 9.2018779342723e-06, 'epoch': 0.54}
{'loss': 0.8666, 'grad_norm': 3.53446102142334, 'learning_rate': 9.178403755868546e-06, 'epoch': 0.55}
{'loss': 0.9026, 'grad_norm': 5.484872341156006, 'learning_rate': 9.15492957746479e-06, 'epoch': 0.55}
{'loss': 0.8876, 'grad_norm': 5.19937801361084, 'learning_rate': 9.131455399061034e-06, 'epoch': 0.55}
{'loss': 0.9071, 'grad_norm': 3.2885448932647705, 'learning_rate': 9.107981220657278e-06, 'epoch': 0.55}
{'loss': 1.2694, 'grad_norm': 5.540337085723877, 'learning_rate': 9.084507042253522e-06, 'epoch': 0.55}
{'loss': 0.9191, 'grad_norm': 7.092929840087891, 'learning_rate': 9.061032863849766e-06, 'epoch': 0.55}
{'loss': 0.8952, 'grad_norm': 7.021461486816406, 'learning_rate': 9.03755868544601e-06, 'epoch': 0.55}
{'loss': 0.9166, 'grad_norm': 6.796881198883057, 'learning_rate': 9.014084507042254e-06, 'epoch': 0.55}
{'loss': 0.8489, 'grad_norm': 4.208144187927246, 'learning_rate': 8.990610328638498e-06, 'epoch': 0.55}
{'loss': 0.9981, 'grad_norm': 6.321987628936768, 'learning_rate': 8.967136150234742e-06, 'epoch': 0.56}
{'loss': 1.0152, 'grad_norm': 3.285189390182495, 'learning_rate': 8.943661971830987e-06, 'epoch': 0.56}
{'loss': 1.1383, 'grad_norm': 5.511719703674316, 'learning_rate': 8.920187793427231e-06, 'epoch': 0.56}
{'loss': 1.0481, 'grad_norm': 4.472760200500488, 'learning_rate': 8.896713615023475e-06, 'epoch': 0.56}
{'loss': 0.7617, 'grad_norm': 4.671352863311768, 'learning_rate': 8.87323943661972e-06, 'epoch': 0.56}
{'loss': 1.1661, 'grad_norm': 5.527902603149414, 'learning_rate': 8.849765258215963e-06, 'epoch': 0.56}
{'loss': 1.1233, 'grad_norm': 9.683706283569336, 'learning_rate': 8.826291079812207e-06, 'epoch': 0.56}
{'loss': 1.0921, 'grad_norm': 5.392498016357422, 'learning_rate': 8.802816901408451e-06, 'epoch': 0.56}
{'loss': 0.7685, 'grad_norm': 4.300727367401123, 'learning_rate': 8.779342723004695e-06, 'epoch': 0.57}
{'loss': 0.9467, 'grad_norm': 5.571390151977539, 'learning_rate': 8.755868544600939e-06, 'epoch': 0.57}
{'loss': 1.3015, 'grad_norm': 10.75782585144043, 'learning_rate': 8.732394366197183e-06, 'epoch': 0.57}
{'loss': 1.0779, 'grad_norm': 3.252279043197632, 'learning_rate': 8.708920187793429e-06, 'epoch': 0.57}
{'loss': 1.068, 'grad_norm': 4.5651655197143555, 'learning_rate': 8.685446009389673e-06, 'epoch': 0.57}
{'loss': 0.9105, 'grad_norm': 4.204789638519287, 'learning_rate': 8.661971830985915e-06, 'epoch': 0.57}
{'loss': 0.9798, 'grad_norm': 2.8076694011688232, 'learning_rate': 8.63849765258216e-06, 'epoch': 0.57}
{'loss': 0.9891, 'grad_norm': 4.22160530090332, 'learning_rate': 8.615023474178405e-06, 'epoch': 0.57}
{'loss': 1.175, 'grad_norm': 4.935269832611084, 'learning_rate': 8.591549295774648e-06, 'epoch': 0.57}
{'loss': 0.9433, 'grad_norm': 3.7540082931518555, 'learning_rate': 8.568075117370892e-06, 'epoch': 0.58}
{'loss': 0.818, 'grad_norm': 4.037566184997559, 'learning_rate': 8.544600938967136e-06, 'epoch': 0.58}
{'loss': 0.8334, 'grad_norm': 5.07179069519043, 'learning_rate': 8.52112676056338e-06, 'epoch': 0.58}
{'loss': 1.0581, 'grad_norm': 2.9901719093322754, 'learning_rate': 8.497652582159626e-06, 'epoch': 0.58}
{'loss': 1.1331, 'grad_norm': 6.14638614654541, 'learning_rate': 8.47417840375587e-06, 'epoch': 0.58}
{'loss': 1.1379, 'grad_norm': 3.358872890472412, 'learning_rate': 8.450704225352114e-06, 'epoch': 0.58}
{'loss': 0.8359, 'grad_norm': 3.7012503147125244, 'learning_rate': 8.427230046948356e-06, 'epoch': 0.58}
{'loss': 1.1706, 'grad_norm': 9.193656921386719, 'learning_rate': 8.403755868544602e-06, 'epoch': 0.58}

































                                               
[A
                                                 



                                               [A
                                                 

                                                 

                                                 

                                                 

                                                 

                                                 

                                                 

                                                 

                                                 

                                                 

                                                 

                                                 

                                                 

                                                 

                                                 

                                                 

                                                 

                                                 

                                                 

                                                 

                                                 

                                                 

                                                 

                                                 

                                                 

                                                 

                                                 

                                                 

                                                 

                                                 

                                                 

                                                 

                                                 

                                                 

                                                 

                                                 

                                                 

                                                 

                                                 

                                                 

                                                 

                                                 

                                                 

                                                 

                                                 

                                                 

                                                 

                                                 

                                                 

                                                 

                                                 

                                                 

                                                 

                                                 

                                                 

                                                 

                                                 

                                                 

                                                 

                                                 

                                                 

                                                 

                                                 

                                                 

                                                 

                                                 

                                                 

                                                 

                                                 

                                                 

                                                 

                                                 

                                                 

                                                 

                                                 

                                                 

                                                 

                                                 

                                                 

                                                 

                                                 

                                                 

                                                 

                                                 

                                                 

                                                 

                                                 

                                                 

                                                 

                                                 

                                                 

                                                 

                                                 

                                                 

                                                 

                                                 

                                                 

                                                 

                                                 

                                                 

{'loss': 1.1913, 'grad_norm': 5.582551956176758, 'learning_rate': 8.380281690140846e-06, 'epoch': 0.59}
{'loss': 1.0217, 'grad_norm': 3.100135564804077, 'learning_rate': 8.35680751173709e-06, 'epoch': 0.59}
{'loss': 0.9329, 'grad_norm': 4.099361896514893, 'learning_rate': 8.333333333333334e-06, 'epoch': 0.59}
{'loss': 1.0829, 'grad_norm': 4.944652557373047, 'learning_rate': 8.309859154929578e-06, 'epoch': 0.59}
{'loss': 0.9697, 'grad_norm': 2.759983777999878, 'learning_rate': 8.286384976525822e-06, 'epoch': 0.59}
{'loss': 1.0318, 'grad_norm': 11.257686614990234, 'learning_rate': 8.262910798122067e-06, 'epoch': 0.59}
{'loss': 1.2154, 'grad_norm': 7.465916156768799, 'learning_rate': 8.239436619718311e-06, 'epoch': 0.59}
{'loss': 1.1718, 'grad_norm': 4.634714126586914, 'learning_rate': 8.215962441314555e-06, 'epoch': 0.59}
{'loss': 1.3178, 'grad_norm': 6.64129638671875, 'learning_rate': 8.192488262910797e-06, 'epoch': 0.59}
{'loss': 0.8087, 'grad_norm': 3.843862295150757, 'learning_rate': 8.169014084507043e-06, 'epoch': 0.6}
{'loss': 0.8586, 'grad_norm': 3.5694961547851562, 'learning_rate': 8.145539906103287e-06, 'epoch': 0.6}
{'loss': 1.1264, 'grad_norm': 3.7906575202941895, 'learning_rate': 8.122065727699531e-06, 'epoch': 0.6}
{'loss': 1.0598, 'grad_norm': 4.093122959136963, 'learning_rate': 8.098591549295775e-06, 'epoch': 0.6}
{'loss': 0.8437, 'grad_norm': 5.232593059539795, 'learning_rate': 8.075117370892019e-06, 'epoch': 0.6}
{'loss': 1.254, 'grad_norm': 3.3753108978271484, 'learning_rate': 8.051643192488263e-06, 'epoch': 0.6}
{'loss': 0.813, 'grad_norm': 3.955315113067627, 'learning_rate': 8.028169014084509e-06, 'epoch': 0.6}
{'loss': 1.0652, 'grad_norm': 5.034829139709473, 'learning_rate': 8.004694835680753e-06, 'epoch': 0.6}
{'loss': 1.3303, 'grad_norm': 7.2490363121032715, 'learning_rate': 7.981220657276996e-06, 'epoch': 0.6}
{'loss': 1.2519, 'grad_norm': 3.383357048034668, 'learning_rate': 7.95774647887324e-06, 'epoch': 0.61}
{'loss': 0.7981, 'grad_norm': 5.461544990539551, 'learning_rate': 7.934272300469484e-06, 'epoch': 0.61}
{'loss': 1.1509, 'grad_norm': 6.976681232452393, 'learning_rate': 7.910798122065728e-06, 'epoch': 0.61}
{'loss': 0.9484, 'grad_norm': 6.362971782684326, 'learning_rate': 7.887323943661972e-06, 'epoch': 0.61}
{'loss': 1.3091, 'grad_norm': 3.2828636169433594, 'learning_rate': 7.863849765258216e-06, 'epoch': 0.61}
{'loss': 0.9781, 'grad_norm': 7.016942977905273, 'learning_rate': 7.84037558685446e-06, 'epoch': 0.61}
{'loss': 1.1408, 'grad_norm': 8.28740119934082, 'learning_rate': 7.816901408450704e-06, 'epoch': 0.61}
{'loss': 1.0237, 'grad_norm': 4.526465892791748, 'learning_rate': 7.79342723004695e-06, 'epoch': 0.61}
{'loss': 0.9355, 'grad_norm': 9.078498840332031, 'learning_rate': 7.769953051643194e-06, 'epoch': 0.62}
{'loss': 1.0516, 'grad_norm': 6.460491180419922, 'learning_rate': 7.746478873239436e-06, 'epoch': 0.62}
{'loss': 0.9941, 'grad_norm': 7.658352375030518, 'learning_rate': 7.723004694835682e-06, 'epoch': 0.62}
{'loss': 1.0231, 'grad_norm': 8.826620101928711, 'learning_rate': 7.699530516431926e-06, 'epoch': 0.62}
{'loss': 0.9954, 'grad_norm': 5.328577995300293, 'learning_rate': 7.67605633802817e-06, 'epoch': 0.62}
{'loss': 0.9612, 'grad_norm': 2.0444276332855225, 'learning_rate': 7.652582159624414e-06, 'epoch': 0.62}
{'loss': 1.0038, 'grad_norm': 7.18289041519165, 'learning_rate': 7.629107981220658e-06, 'epoch': 0.62}
{'loss': 1.3307, 'grad_norm': 3.4159185886383057, 'learning_rate': 7.6056338028169015e-06, 'epoch': 0.62}
{'loss': 1.0688, 'grad_norm': 5.867237567901611, 'learning_rate': 7.5821596244131455e-06, 'epoch': 0.62}
{'loss': 1.1756, 'grad_norm': 6.67271089553833, 'learning_rate': 7.55868544600939e-06, 'epoch': 0.63}
{'loss': 1.0285, 'grad_norm': 5.506858825683594, 'learning_rate': 7.535211267605634e-06, 'epoch': 0.63}
{'loss': 1.1013, 'grad_norm': 3.9269063472747803, 'learning_rate': 7.511737089201878e-06, 'epoch': 0.63}
{'loss': 1.0386, 'grad_norm': 9.437666893005371, 'learning_rate': 7.488262910798123e-06, 'epoch': 0.63}
{'loss': 1.0029, 'grad_norm': 3.7427031993865967, 'learning_rate': 7.464788732394367e-06, 'epoch': 0.63}
{'loss': 1.3312, 'grad_norm': 6.471271514892578, 'learning_rate': 7.441314553990611e-06, 'epoch': 0.63}
{'loss': 1.3452, 'grad_norm': 6.290034294128418, 'learning_rate': 7.417840375586856e-06, 'epoch': 0.63}
{'loss': 1.0067, 'grad_norm': 5.047277927398682, 'learning_rate': 7.3943661971831e-06, 'epoch': 0.63}
{'loss': 1.1142, 'grad_norm': 5.0863423347473145, 'learning_rate': 7.370892018779343e-06, 'epoch': 0.64}
{'loss': 0.9868, 'grad_norm': 9.11225700378418, 'learning_rate': 7.347417840375587e-06, 'epoch': 0.64}
{'loss': 1.1249, 'grad_norm': 6.822638511657715, 'learning_rate': 7.3239436619718316e-06, 'epoch': 0.64}
{'loss': 0.9342, 'grad_norm': 2.2006657123565674, 'learning_rate': 7.3004694835680755e-06, 'epoch': 0.64}
{'loss': 1.0896, 'grad_norm': 4.230757236480713, 'learning_rate': 7.2769953051643195e-06, 'epoch': 0.64}
{'loss': 1.0527, 'grad_norm': 5.030013084411621, 'learning_rate': 7.253521126760564e-06, 'epoch': 0.64}
{'loss': 1.085, 'grad_norm': 7.650439262390137, 'learning_rate': 7.230046948356808e-06, 'epoch': 0.64}
{'loss': 1.327, 'grad_norm': 7.213682174682617, 'learning_rate': 7.206572769953052e-06, 'epoch': 0.64}
{'loss': 1.0026, 'grad_norm': 5.034674167633057, 'learning_rate': 7.183098591549297e-06, 'epoch': 0.64}
{'loss': 1.2066, 'grad_norm': 3.8034327030181885, 'learning_rate': 7.159624413145541e-06, 'epoch': 0.65}
{'loss': 0.9602, 'grad_norm': 2.6591298580169678, 'learning_rate': 7.136150234741784e-06, 'epoch': 0.65}
{'loss': 1.0941, 'grad_norm': 3.7252910137176514, 'learning_rate': 7.112676056338029e-06, 'epoch': 0.65}
{'loss': 1.0393, 'grad_norm': 7.742376804351807, 'learning_rate': 7.089201877934273e-06, 'epoch': 0.65}
{'loss': 1.1147, 'grad_norm': 6.9052324295043945, 'learning_rate': 7.065727699530517e-06, 'epoch': 0.65}
{'loss': 1.1078, 'grad_norm': 3.0821337699890137, 'learning_rate': 7.042253521126761e-06, 'epoch': 0.65}
{'loss': 1.1709, 'grad_norm': 5.867060661315918, 'learning_rate': 7.0187793427230056e-06, 'epoch': 0.65}
{'loss': 1.0568, 'grad_norm': 3.2151167392730713, 'learning_rate': 6.9953051643192495e-06, 'epoch': 0.65}
{'loss': 1.2277, 'grad_norm': 10.177059173583984, 'learning_rate': 6.9718309859154935e-06, 'epoch': 0.66}
{'loss': 1.3508, 'grad_norm': 5.0947489738464355, 'learning_rate': 6.948356807511738e-06, 'epoch': 0.66}
{'loss': 0.7302, 'grad_norm': 5.9337029457092285, 'learning_rate': 6.924882629107981e-06, 'epoch': 0.66}
{'loss': 1.0652, 'grad_norm': 4.191082000732422, 'learning_rate': 6.901408450704225e-06, 'epoch': 0.66}
{'loss': 1.0229, 'grad_norm': 3.684872627258301, 'learning_rate': 6.87793427230047e-06, 'epoch': 0.66}
{'loss': 0.9694, 'grad_norm': 3.745150566101074, 'learning_rate': 6.854460093896714e-06, 'epoch': 0.66}
{'loss': 0.9217, 'grad_norm': 4.687138080596924, 'learning_rate': 6.830985915492958e-06, 'epoch': 0.66}
{'loss': 1.0285, 'grad_norm': 2.3234031200408936, 'learning_rate': 6.807511737089203e-06, 'epoch': 0.66}
{'loss': 1.1267, 'grad_norm': 4.081233501434326, 'learning_rate': 6.784037558685447e-06, 'epoch': 0.66}
{'loss': 0.9111, 'grad_norm': 3.1311001777648926, 'learning_rate': 6.760563380281691e-06, 'epoch': 0.67}
{'loss': 1.0585, 'grad_norm': 3.852557420730591, 'learning_rate': 6.737089201877935e-06, 'epoch': 0.67}
{'loss': 0.9799, 'grad_norm': 4.365283489227295, 'learning_rate': 6.71361502347418e-06, 'epoch': 0.67}
{'loss': 1.009, 'grad_norm': 5.832247257232666, 'learning_rate': 6.690140845070423e-06, 'epoch': 0.67}
{'loss': 0.9612, 'grad_norm': 5.65531587600708, 'learning_rate': 6.666666666666667e-06, 'epoch': 0.67}
{'loss': 0.8687, 'grad_norm': 3.3486878871917725, 'learning_rate': 6.6431924882629115e-06, 'epoch': 0.67}
{'loss': 1.0391, 'grad_norm': 6.170506000518799, 'learning_rate': 6.619718309859155e-06, 'epoch': 0.67}
{'loss': 0.9659, 'grad_norm': 11.063403129577637, 'learning_rate': 6.596244131455399e-06, 'epoch': 0.67}
{'loss': 1.1787, 'grad_norm': 3.2915165424346924, 'learning_rate': 6.572769953051644e-06, 'epoch': 0.68}
{'loss': 1.241, 'grad_norm': 4.520689964294434, 'learning_rate': 6.549295774647888e-06, 'epoch': 0.68}
{'loss': 1.2138, 'grad_norm': 5.559845924377441, 'learning_rate': 6.525821596244132e-06, 'epoch': 0.68}
{'loss': 1.2172, 'grad_norm': 3.5064005851745605, 'learning_rate': 6.502347417840375e-06, 'epoch': 0.68}
{'loss': 1.0287, 'grad_norm': 5.328454971313477, 'learning_rate': 6.478873239436621e-06, 'epoch': 0.68}
{'loss': 1.4391, 'grad_norm': 6.887724876403809, 'learning_rate': 6.455399061032864e-06, 'epoch': 0.68}
{'loss': 1.1178, 'grad_norm': 5.997318744659424, 'learning_rate': 6.431924882629108e-06, 'epoch': 0.68}
{'loss': 1.405, 'grad_norm': 5.583219528198242, 'learning_rate': 6.408450704225353e-06, 'epoch': 0.68}
{'loss': 0.8972, 'grad_norm': 4.535979270935059, 'learning_rate': 6.384976525821597e-06, 'epoch': 0.68}
{'loss': 0.9697, 'grad_norm': 3.1351358890533447, 'learning_rate': 6.361502347417841e-06, 'epoch': 0.69}
{'loss': 1.0736, 'grad_norm': 6.173182010650635, 'learning_rate': 6.3380281690140855e-06, 'epoch': 0.69}
{'loss': 1.1986, 'grad_norm': 3.243807792663574, 'learning_rate': 6.314553990610329e-06, 'epoch': 0.69}
{'loss': 1.0692, 'grad_norm': 8.867551803588867, 'learning_rate': 6.291079812206573e-06, 'epoch': 0.69}
{'loss': 1.3666, 'grad_norm': 8.184638023376465, 'learning_rate': 6.267605633802818e-06, 'epoch': 0.69}
{'loss': 0.9424, 'grad_norm': 3.100886821746826, 'learning_rate': 6.244131455399062e-06, 'epoch': 0.69}
{'loss': 0.9556, 'grad_norm': 8.116724967956543, 'learning_rate': 6.220657276995305e-06, 'epoch': 0.69}
{'loss': 1.0864, 'grad_norm': 5.58622407913208, 'learning_rate': 6.197183098591549e-06, 'epoch': 0.69}
{'loss': 1.0369, 'grad_norm': 4.213864326477051, 'learning_rate': 6.173708920187794e-06, 'epoch': 0.69}
{'loss': 0.8939, 'grad_norm': 9.277644157409668, 'learning_rate': 6.150234741784038e-06, 'epoch': 0.7}
{'loss': 1.3268, 'grad_norm': 5.148725509643555, 'learning_rate': 6.126760563380282e-06, 'epoch': 0.7}
{'loss': 0.9608, 'grad_norm': 5.707864761352539, 'learning_rate': 6.103286384976527e-06, 'epoch': 0.7}
{'loss': 1.1766, 'grad_norm': 8.181785583496094, 'learning_rate': 6.079812206572771e-06, 'epoch': 0.7}
{'loss': 1.0337, 'grad_norm': 4.8834991455078125, 'learning_rate': 6.056338028169015e-06, 'epoch': 0.7}

































                                               
[A
                                                 



                                               [A
                                                 

                                                 

                                                 

                                                 

                                                 

                                                 

                                                 

                                                 

                                                 

                                                 

                                                 

                                                 

                                                 

                                                 

                                                 

                                                 

                                                 

                                                 

                                                 

                                                 

                                                 

                                                 

                                                 

                                                 

                                                 

                                                 

                                                 

                                                 

                                                 

                                                 

                                                 

                                                 

                                                 

                                                 

                                                 

                                                 

                                                 

                                                 

                                                 

                                                 

                                                 

                                                 

                                                 

                                                 

                                                 

                                                 

                                                 

                                                 

                                                 

                                                 

                                                 

                                                 

                                                 

                                                 

                                                 

                                                 

                                                 

                                                 

                                                 

                                                 

                                                 

                                                 

                                                 

                                                 

                                                 

                                                 

                                                 

                                                 

                                                 

                                                 

                                                 

                                                 

                                                 

                                                 

                                                 

                                                 

                                                 

                                                 

                                                 

                                                 

                                                 

                                                 

                                                 

                                                 

                                                 

                                                 

                                                 

                                                 

                                                 

                                                 

                                                 

                                                 

                                                 

                                                 

                                                 

                                                 

                                                 

                                                 

                                                 

                                                 

{'loss': 1.078, 'grad_norm': 3.7566604614257812, 'learning_rate': 6.0328638497652595e-06, 'epoch': 0.7}
{'loss': 1.0773, 'grad_norm': 7.009032249450684, 'learning_rate': 6.0093896713615026e-06, 'epoch': 0.7}
{'loss': 1.026, 'grad_norm': 14.548636436462402, 'learning_rate': 5.9859154929577465e-06, 'epoch': 0.7}
{'loss': 1.0249, 'grad_norm': 3.7537941932678223, 'learning_rate': 5.9624413145539905e-06, 'epoch': 0.71}
{'loss': 0.8998, 'grad_norm': 4.738219261169434, 'learning_rate': 5.938967136150235e-06, 'epoch': 0.71}
{'loss': 0.9141, 'grad_norm': 4.546025276184082, 'learning_rate': 5.915492957746479e-06, 'epoch': 0.71}
{'loss': 0.9477, 'grad_norm': 3.9077389240264893, 'learning_rate': 5.892018779342723e-06, 'epoch': 0.71}
{'loss': 1.0549, 'grad_norm': 7.6113739013671875, 'learning_rate': 5.868544600938968e-06, 'epoch': 0.71}
{'loss': 0.8888, 'grad_norm': 6.8759446144104, 'learning_rate': 5.845070422535212e-06, 'epoch': 0.71}
{'loss': 0.9183, 'grad_norm': 4.586105823516846, 'learning_rate': 5.821596244131456e-06, 'epoch': 0.71}
{'loss': 1.0991, 'grad_norm': 4.055603504180908, 'learning_rate': 5.798122065727701e-06, 'epoch': 0.71}
{'loss': 1.0137, 'grad_norm': 4.462644577026367, 'learning_rate': 5.774647887323944e-06, 'epoch': 0.71}
{'loss': 0.8711, 'grad_norm': 3.3425655364990234, 'learning_rate': 5.751173708920188e-06, 'epoch': 0.72}
{'loss': 1.1004, 'grad_norm': 4.018506050109863, 'learning_rate': 5.727699530516433e-06, 'epoch': 0.72}
{'loss': 1.134, 'grad_norm': 7.336201190948486, 'learning_rate': 5.7042253521126766e-06, 'epoch': 0.72}
{'loss': 1.1117, 'grad_norm': 5.534027099609375, 'learning_rate': 5.6807511737089205e-06, 'epoch': 0.72}
{'loss': 1.118, 'grad_norm': 4.868906497955322, 'learning_rate': 5.6572769953051645e-06, 'epoch': 0.72}
{'loss': 0.9367, 'grad_norm': 3.7858681678771973, 'learning_rate': 5.633802816901409e-06, 'epoch': 0.72}
{'loss': 0.8533, 'grad_norm': 6.026282787322998, 'learning_rate': 5.610328638497653e-06, 'epoch': 0.72}
{'loss': 1.0902, 'grad_norm': 7.462253093719482, 'learning_rate': 5.586854460093896e-06, 'epoch': 0.72}
{'loss': 1.2551, 'grad_norm': 9.00373363494873, 'learning_rate': 5.563380281690142e-06, 'epoch': 0.73}
{'loss': 0.9724, 'grad_norm': 3.5792453289031982, 'learning_rate': 5.539906103286385e-06, 'epoch': 0.73}
{'loss': 1.0813, 'grad_norm': 6.237807750701904, 'learning_rate': 5.516431924882629e-06, 'epoch': 0.73}
{'loss': 1.0102, 'grad_norm': 4.480464935302734, 'learning_rate': 5.492957746478874e-06, 'epoch': 0.73}
{'loss': 0.9889, 'grad_norm': 3.2129764556884766, 'learning_rate': 5.469483568075118e-06, 'epoch': 0.73}
{'loss': 1.2067, 'grad_norm': 5.616674423217773, 'learning_rate': 5.446009389671362e-06, 'epoch': 0.73}
{'loss': 0.8171, 'grad_norm': 4.3336501121521, 'learning_rate': 5.422535211267607e-06, 'epoch': 0.73}
{'loss': 0.9052, 'grad_norm': 4.966318607330322, 'learning_rate': 5.3990610328638506e-06, 'epoch': 0.73}
{'loss': 1.0524, 'grad_norm': 7.753748893737793, 'learning_rate': 5.3755868544600945e-06, 'epoch': 0.73}
{'loss': 0.8902, 'grad_norm': 2.3156421184539795, 'learning_rate': 5.352112676056338e-06, 'epoch': 0.74}
{'loss': 1.3129, 'grad_norm': 5.989631175994873, 'learning_rate': 5.328638497652583e-06, 'epoch': 0.74}
{'loss': 0.9728, 'grad_norm': 3.3752148151397705, 'learning_rate': 5.305164319248826e-06, 'epoch': 0.74}
{'loss': 0.8697, 'grad_norm': 3.0041263103485107, 'learning_rate': 5.28169014084507e-06, 'epoch': 0.74}
{'loss': 0.9411, 'grad_norm': 2.5893516540527344, 'learning_rate': 5.258215962441315e-06, 'epoch': 0.74}
{'loss': 1.0464, 'grad_norm': 8.233478546142578, 'learning_rate': 5.234741784037559e-06, 'epoch': 0.74}
{'loss': 0.8617, 'grad_norm': 3.584296464920044, 'learning_rate': 5.211267605633803e-06, 'epoch': 0.74}
{'loss': 1.1352, 'grad_norm': 3.8807950019836426, 'learning_rate': 5.187793427230048e-06, 'epoch': 0.74}
{'loss': 1.0486, 'grad_norm': 4.9444499015808105, 'learning_rate': 5.164319248826292e-06, 'epoch': 0.75}
{'loss': 1.093, 'grad_norm': 4.3083906173706055, 'learning_rate': 5.140845070422536e-06, 'epoch': 0.75}
{'loss': 0.969, 'grad_norm': 4.575168609619141, 'learning_rate': 5.117370892018779e-06, 'epoch': 0.75}
{'loss': 1.1023, 'grad_norm': 4.511928081512451, 'learning_rate': 5.093896713615024e-06, 'epoch': 0.75}
{'loss': 1.131, 'grad_norm': 3.7189438343048096, 'learning_rate': 5.070422535211268e-06, 'epoch': 0.75}
{'loss': 0.7838, 'grad_norm': 3.2764081954956055, 'learning_rate': 5.046948356807512e-06, 'epoch': 0.75}
{'loss': 0.9243, 'grad_norm': 7.763892650604248, 'learning_rate': 5.0234741784037565e-06, 'epoch': 0.75}
{'loss': 1.2407, 'grad_norm': 6.326643943786621, 'learning_rate': 5e-06, 'epoch': 0.75}
{'loss': 1.0233, 'grad_norm': 5.256690979003906, 'learning_rate': 4.976525821596244e-06, 'epoch': 0.75}
{'loss': 0.946, 'grad_norm': 4.324045181274414, 'learning_rate': 4.953051643192488e-06, 'epoch': 0.76}
{'loss': 1.0773, 'grad_norm': 3.932965040206909, 'learning_rate': 4.929577464788733e-06, 'epoch': 0.76}
{'loss': 1.0682, 'grad_norm': 4.791578769683838, 'learning_rate': 4.906103286384977e-06, 'epoch': 0.76}
{'loss': 0.9573, 'grad_norm': 4.9626946449279785, 'learning_rate': 4.882629107981221e-06, 'epoch': 0.76}
{'loss': 1.046, 'grad_norm': 4.831696510314941, 'learning_rate': 4.859154929577465e-06, 'epoch': 0.76}
{'loss': 0.8861, 'grad_norm': 5.195312976837158, 'learning_rate': 4.835680751173709e-06, 'epoch': 0.76}
{'loss': 1.0937, 'grad_norm': 4.365143775939941, 'learning_rate': 4.812206572769954e-06, 'epoch': 0.76}
{'loss': 1.1231, 'grad_norm': 4.073637008666992, 'learning_rate': 4.788732394366197e-06, 'epoch': 0.76}
{'loss': 1.1185, 'grad_norm': 5.7432966232299805, 'learning_rate': 4.765258215962442e-06, 'epoch': 0.76}
{'loss': 1.318, 'grad_norm': 5.656392574310303, 'learning_rate': 4.741784037558686e-06, 'epoch': 0.77}
{'loss': 1.0417, 'grad_norm': 4.952712535858154, 'learning_rate': 4.71830985915493e-06, 'epoch': 0.77}
{'loss': 1.0264, 'grad_norm': 3.8241732120513916, 'learning_rate': 4.694835680751174e-06, 'epoch': 0.77}
{'loss': 1.2461, 'grad_norm': 4.854157447814941, 'learning_rate': 4.671361502347418e-06, 'epoch': 0.77}
{'loss': 0.9706, 'grad_norm': 4.336045265197754, 'learning_rate': 4.647887323943662e-06, 'epoch': 0.77}
{'loss': 0.9461, 'grad_norm': 7.118898868560791, 'learning_rate': 4.624413145539906e-06, 'epoch': 0.77}
{'loss': 0.8428, 'grad_norm': 5.262750625610352, 'learning_rate': 4.60093896713615e-06, 'epoch': 0.77}
{'loss': 1.1569, 'grad_norm': 6.140882968902588, 'learning_rate': 4.577464788732395e-06, 'epoch': 0.77}
{'loss': 0.9743, 'grad_norm': 3.012969493865967, 'learning_rate': 4.553990610328639e-06, 'epoch': 0.78}
{'loss': 0.9706, 'grad_norm': 6.244110107421875, 'learning_rate': 4.530516431924883e-06, 'epoch': 0.78}
{'loss': 1.0037, 'grad_norm': 3.9850058555603027, 'learning_rate': 4.507042253521127e-06, 'epoch': 0.78}
{'loss': 1.0325, 'grad_norm': 7.229039669036865, 'learning_rate': 4.483568075117371e-06, 'epoch': 0.78}
{'loss': 1.2285, 'grad_norm': 4.49143123626709, 'learning_rate': 4.460093896713616e-06, 'epoch': 0.78}
{'loss': 1.2078, 'grad_norm': 4.510258674621582, 'learning_rate': 4.43661971830986e-06, 'epoch': 0.78}
{'loss': 0.9875, 'grad_norm': 3.121051788330078, 'learning_rate': 4.413145539906104e-06, 'epoch': 0.78}
{'loss': 1.0643, 'grad_norm': 4.127933502197266, 'learning_rate': 4.3896713615023476e-06, 'epoch': 0.78}
{'loss': 1.0845, 'grad_norm': 3.8313214778900146, 'learning_rate': 4.3661971830985915e-06, 'epoch': 0.78}
{'loss': 1.0384, 'grad_norm': 4.7584123611450195, 'learning_rate': 4.342723004694836e-06, 'epoch': 0.79}
{'loss': 1.1761, 'grad_norm': 3.3912134170532227, 'learning_rate': 4.31924882629108e-06, 'epoch': 0.79}
{'loss': 1.0212, 'grad_norm': 6.704665660858154, 'learning_rate': 4.295774647887324e-06, 'epoch': 0.79}
{'loss': 1.1042, 'grad_norm': 5.883529186248779, 'learning_rate': 4.272300469483568e-06, 'epoch': 0.79}
{'loss': 0.9082, 'grad_norm': 3.974761962890625, 'learning_rate': 4.248826291079813e-06, 'epoch': 0.79}
{'loss': 0.9557, 'grad_norm': 5.147823333740234, 'learning_rate': 4.225352112676057e-06, 'epoch': 0.79}
{'loss': 0.8159, 'grad_norm': 3.9199466705322266, 'learning_rate': 4.201877934272301e-06, 'epoch': 0.79}
{'loss': 1.0491, 'grad_norm': 6.948813438415527, 'learning_rate': 4.178403755868545e-06, 'epoch': 0.79}
{'loss': 1.08, 'grad_norm': 6.432008743286133, 'learning_rate': 4.154929577464789e-06, 'epoch': 0.8}
{'loss': 0.9816, 'grad_norm': 3.4188175201416016, 'learning_rate': 4.131455399061034e-06, 'epoch': 0.8}
{'loss': 1.0231, 'grad_norm': 4.001533031463623, 'learning_rate': 4.107981220657278e-06, 'epoch': 0.8}
{'loss': 1.0243, 'grad_norm': 4.761020660400391, 'learning_rate': 4.0845070422535216e-06, 'epoch': 0.8}
{'loss': 1.0344, 'grad_norm': 2.5105464458465576, 'learning_rate': 4.0610328638497655e-06, 'epoch': 0.8}
{'loss': 1.0403, 'grad_norm': 8.088212966918945, 'learning_rate': 4.0375586854460095e-06, 'epoch': 0.8}
{'loss': 1.1021, 'grad_norm': 4.789233207702637, 'learning_rate': 4.014084507042254e-06, 'epoch': 0.8}
{'loss': 0.89, 'grad_norm': 6.406316757202148, 'learning_rate': 3.990610328638498e-06, 'epoch': 0.8}
{'loss': 0.996, 'grad_norm': 5.748459339141846, 'learning_rate': 3.967136150234742e-06, 'epoch': 0.8}
{'loss': 1.1866, 'grad_norm': 6.233819007873535, 'learning_rate': 3.943661971830986e-06, 'epoch': 0.81}
{'loss': 1.0877, 'grad_norm': 3.7061939239501953, 'learning_rate': 3.92018779342723e-06, 'epoch': 0.81}
{'loss': 0.9138, 'grad_norm': 6.518775463104248, 'learning_rate': 3.896713615023475e-06, 'epoch': 0.81}
{'loss': 1.2182, 'grad_norm': 3.4441792964935303, 'learning_rate': 3.873239436619718e-06, 'epoch': 0.81}
{'loss': 1.129, 'grad_norm': 3.6625936031341553, 'learning_rate': 3.849765258215963e-06, 'epoch': 0.81}
{'loss': 1.0825, 'grad_norm': 3.770878791809082, 'learning_rate': 3.826291079812207e-06, 'epoch': 0.81}
{'loss': 1.2465, 'grad_norm': 3.5893356800079346, 'learning_rate': 3.8028169014084508e-06, 'epoch': 0.81}
{'loss': 1.1027, 'grad_norm': 6.584961891174316, 'learning_rate': 3.779342723004695e-06, 'epoch': 0.81}
{'loss': 1.227, 'grad_norm': 9.652237892150879, 'learning_rate': 3.755868544600939e-06, 'epoch': 0.82}
{'loss': 1.085, 'grad_norm': 3.1088852882385254, 'learning_rate': 3.7323943661971835e-06, 'epoch': 0.82}
{'loss': 0.9078, 'grad_norm': 4.499487400054932, 'learning_rate': 3.708920187793428e-06, 'epoch': 0.82}

































                                               
[A
                                                 



                                               [A
                                                 

                                                 

                                                 

                                                 

                                                 

                                                 

                                                 

                                                 

                                                 

                                                 

                                                 

                                                 

                                                 

                                                 

                                                 

                                                 

                                                 

                                                 

                                                 

                                                 

                                                 

                                                 

                                                 

                                                 

                                                 

                                                 

                                                 

                                                 

                                                 

                                                 

                                                 

                                                 

                                                 

                                                 

                                                 

                                                 

                                                 

                                                 

                                                 

                                                 

                                                 

                                                 

                                                 

                                                 

                                                 

                                                 

                                                 

                                                 

                                                 

                                                 

                                                 

                                                 

                                                 

                                                 

                                                 

                                                 

                                                 

                                                 

                                                 

                                                 

                                                 

                                                 

                                                 

                                                 

                                                 

                                                 

                                                 

                                                 

                                                 

                                                 

                                                 

                                                 

                                                 

                                                 

                                                 

                                                 

                                                 

                                                 

                                                 

                                                 

                                                 

                                                 

                                                 

                                                 

                                                 

                                                 

                                                 

                                                 

                                                 

                                                 

                                                 

                                                 

                                                 

                                                 

                                                 

                                                 

                                                 

                                                 

                                                 

                                                 

{'loss': 0.9452, 'grad_norm': 11.076628684997559, 'learning_rate': 3.6854460093896714e-06, 'epoch': 0.82}
{'loss': 1.0936, 'grad_norm': 5.087342739105225, 'learning_rate': 3.6619718309859158e-06, 'epoch': 0.82}
{'loss': 1.0225, 'grad_norm': 6.356295585632324, 'learning_rate': 3.6384976525821597e-06, 'epoch': 0.82}
{'loss': 1.0676, 'grad_norm': 5.076197624206543, 'learning_rate': 3.615023474178404e-06, 'epoch': 0.82}
{'loss': 1.0154, 'grad_norm': 3.9186394214630127, 'learning_rate': 3.5915492957746485e-06, 'epoch': 0.82}
{'loss': 1.4057, 'grad_norm': 4.009433746337891, 'learning_rate': 3.568075117370892e-06, 'epoch': 0.82}
{'loss': 1.0613, 'grad_norm': 6.815472602844238, 'learning_rate': 3.5446009389671364e-06, 'epoch': 0.83}
{'loss': 1.1243, 'grad_norm': 6.090216636657715, 'learning_rate': 3.5211267605633804e-06, 'epoch': 0.83}
{'loss': 1.32, 'grad_norm': 10.574981689453125, 'learning_rate': 3.4976525821596248e-06, 'epoch': 0.83}
{'loss': 1.0089, 'grad_norm': 4.234919548034668, 'learning_rate': 3.474178403755869e-06, 'epoch': 0.83}
{'loss': 1.2977, 'grad_norm': 11.353291511535645, 'learning_rate': 3.4507042253521127e-06, 'epoch': 0.83}
{'loss': 1.2073, 'grad_norm': 7.1335768699646, 'learning_rate': 3.427230046948357e-06, 'epoch': 0.83}
{'loss': 1.3461, 'grad_norm': 11.751168251037598, 'learning_rate': 3.4037558685446014e-06, 'epoch': 0.83}
{'loss': 1.1264, 'grad_norm': 5.187850475311279, 'learning_rate': 3.3802816901408454e-06, 'epoch': 0.83}
{'loss': 1.0291, 'grad_norm': 7.709410190582275, 'learning_rate': 3.35680751173709e-06, 'epoch': 0.84}
{'loss': 0.909, 'grad_norm': 5.0378947257995605, 'learning_rate': 3.3333333333333333e-06, 'epoch': 0.84}
{'loss': 0.9416, 'grad_norm': 9.443883895874023, 'learning_rate': 3.3098591549295777e-06, 'epoch': 0.84}
{'loss': 0.8829, 'grad_norm': 4.7481913566589355, 'learning_rate': 3.286384976525822e-06, 'epoch': 0.84}
{'loss': 1.0678, 'grad_norm': 4.440497398376465, 'learning_rate': 3.262910798122066e-06, 'epoch': 0.84}
{'loss': 0.9864, 'grad_norm': 5.278570175170898, 'learning_rate': 3.2394366197183104e-06, 'epoch': 0.84}
{'loss': 0.8941, 'grad_norm': 2.9151272773742676, 'learning_rate': 3.215962441314554e-06, 'epoch': 0.84}
{'loss': 1.0256, 'grad_norm': 7.605148792266846, 'learning_rate': 3.1924882629107983e-06, 'epoch': 0.84}
{'loss': 1.224, 'grad_norm': 4.333061218261719, 'learning_rate': 3.1690140845070427e-06, 'epoch': 0.84}
{'loss': 1.1469, 'grad_norm': 5.213019371032715, 'learning_rate': 3.1455399061032867e-06, 'epoch': 0.85}
{'loss': 1.3061, 'grad_norm': 7.588319301605225, 'learning_rate': 3.122065727699531e-06, 'epoch': 0.85}
{'loss': 1.0223, 'grad_norm': 9.690003395080566, 'learning_rate': 3.0985915492957746e-06, 'epoch': 0.85}
{'loss': 1.0336, 'grad_norm': 4.277109622955322, 'learning_rate': 3.075117370892019e-06, 'epoch': 0.85}
{'loss': 1.037, 'grad_norm': 7.813450336456299, 'learning_rate': 3.0516431924882634e-06, 'epoch': 0.85}
{'loss': 1.1501, 'grad_norm': 4.131195545196533, 'learning_rate': 3.0281690140845073e-06, 'epoch': 0.85}
{'loss': 1.2367, 'grad_norm': 7.563404560089111, 'learning_rate': 3.0046948356807513e-06, 'epoch': 0.85}
{'loss': 1.0126, 'grad_norm': 2.3780009746551514, 'learning_rate': 2.9812206572769952e-06, 'epoch': 0.85}
{'loss': 1.0599, 'grad_norm': 5.705852508544922, 'learning_rate': 2.9577464788732396e-06, 'epoch': 0.85}
{'loss': 1.1328, 'grad_norm': 4.037814617156982, 'learning_rate': 2.934272300469484e-06, 'epoch': 0.86}
{'loss': 1.1363, 'grad_norm': 6.292211055755615, 'learning_rate': 2.910798122065728e-06, 'epoch': 0.86}
{'loss': 1.0875, 'grad_norm': 3.4814484119415283, 'learning_rate': 2.887323943661972e-06, 'epoch': 0.86}
{'loss': 1.2514, 'grad_norm': 4.516678333282471, 'learning_rate': 2.8638497652582163e-06, 'epoch': 0.86}
{'loss': 1.3494, 'grad_norm': 7.875313758850098, 'learning_rate': 2.8403755868544603e-06, 'epoch': 0.86}
{'loss': 1.0399, 'grad_norm': 3.5731191635131836, 'learning_rate': 2.8169014084507046e-06, 'epoch': 0.86}
{'loss': 1.1849, 'grad_norm': 4.441192150115967, 'learning_rate': 2.793427230046948e-06, 'epoch': 0.86}
{'loss': 1.0035, 'grad_norm': 3.7111074924468994, 'learning_rate': 2.7699530516431926e-06, 'epoch': 0.86}
{'loss': 1.0891, 'grad_norm': 8.594634056091309, 'learning_rate': 2.746478873239437e-06, 'epoch': 0.87}
{'loss': 1.1917, 'grad_norm': 6.9812421798706055, 'learning_rate': 2.723004694835681e-06, 'epoch': 0.87}
{'loss': 0.8554, 'grad_norm': 5.343832492828369, 'learning_rate': 2.6995305164319253e-06, 'epoch': 0.87}
{'loss': 0.9088, 'grad_norm': 6.882847785949707, 'learning_rate': 2.676056338028169e-06, 'epoch': 0.87}
{'loss': 1.1569, 'grad_norm': 5.65949010848999, 'learning_rate': 2.652582159624413e-06, 'epoch': 0.87}
{'loss': 0.9926, 'grad_norm': 4.513747215270996, 'learning_rate': 2.6291079812206576e-06, 'epoch': 0.87}
{'loss': 1.2343, 'grad_norm': 5.088306427001953, 'learning_rate': 2.6056338028169015e-06, 'epoch': 0.87}
{'loss': 0.9184, 'grad_norm': 2.83025860786438, 'learning_rate': 2.582159624413146e-06, 'epoch': 0.87}
{'loss': 1.0213, 'grad_norm': 7.192231178283691, 'learning_rate': 2.5586854460093895e-06, 'epoch': 0.87}
{'loss': 0.8795, 'grad_norm': 3.3014414310455322, 'learning_rate': 2.535211267605634e-06, 'epoch': 0.88}
{'loss': 1.0794, 'grad_norm': 5.771073818206787, 'learning_rate': 2.5117370892018782e-06, 'epoch': 0.88}
{'loss': 1.1993, 'grad_norm': 5.2349090576171875, 'learning_rate': 2.488262910798122e-06, 'epoch': 0.88}
{'loss': 1.0481, 'grad_norm': 7.096149921417236, 'learning_rate': 2.4647887323943666e-06, 'epoch': 0.88}
{'loss': 1.2873, 'grad_norm': 7.267978668212891, 'learning_rate': 2.4413145539906105e-06, 'epoch': 0.88}
{'loss': 1.0372, 'grad_norm': 5.131800174713135, 'learning_rate': 2.4178403755868545e-06, 'epoch': 0.88}
{'loss': 0.9777, 'grad_norm': 4.228181838989258, 'learning_rate': 2.3943661971830984e-06, 'epoch': 0.88}
{'loss': 1.1123, 'grad_norm': 3.9643447399139404, 'learning_rate': 2.370892018779343e-06, 'epoch': 0.88}
{'loss': 0.9348, 'grad_norm': 4.657502174377441, 'learning_rate': 2.347417840375587e-06, 'epoch': 0.89}
{'loss': 1.0465, 'grad_norm': 3.9687416553497314, 'learning_rate': 2.323943661971831e-06, 'epoch': 0.89}
{'loss': 1.092, 'grad_norm': 6.755791187286377, 'learning_rate': 2.300469483568075e-06, 'epoch': 0.89}
{'loss': 1.1532, 'grad_norm': 5.384017467498779, 'learning_rate': 2.2769953051643195e-06, 'epoch': 0.89}
{'loss': 0.7444, 'grad_norm': 3.1260714530944824, 'learning_rate': 2.2535211267605635e-06, 'epoch': 0.89}
{'loss': 1.0294, 'grad_norm': 5.809206485748291, 'learning_rate': 2.230046948356808e-06, 'epoch': 0.89}
{'loss': 1.0004, 'grad_norm': 4.400888919830322, 'learning_rate': 2.206572769953052e-06, 'epoch': 0.89}
{'loss': 1.057, 'grad_norm': 6.514033317565918, 'learning_rate': 2.1830985915492958e-06, 'epoch': 0.89}
{'loss': 1.028, 'grad_norm': 4.82973575592041, 'learning_rate': 2.15962441314554e-06, 'epoch': 0.89}
{'loss': 1.0527, 'grad_norm': 4.157862186431885, 'learning_rate': 2.136150234741784e-06, 'epoch': 0.9}
{'loss': 0.9952, 'grad_norm': 3.7222676277160645, 'learning_rate': 2.1126760563380285e-06, 'epoch': 0.9}
{'loss': 1.1961, 'grad_norm': 4.3248772621154785, 'learning_rate': 2.0892018779342724e-06, 'epoch': 0.9}
{'loss': 1.0034, 'grad_norm': 3.0752339363098145, 'learning_rate': 2.065727699530517e-06, 'epoch': 0.9}
{'loss': 0.9179, 'grad_norm': 6.923058032989502, 'learning_rate': 2.0422535211267608e-06, 'epoch': 0.9}
{'loss': 1.0957, 'grad_norm': 6.2676801681518555, 'learning_rate': 2.0187793427230047e-06, 'epoch': 0.9}
{'loss': 0.7835, 'grad_norm': 5.036465644836426, 'learning_rate': 1.995305164319249e-06, 'epoch': 0.9}
{'loss': 1.1949, 'grad_norm': 5.272624969482422, 'learning_rate': 1.971830985915493e-06, 'epoch': 0.9}
{'loss': 0.8496, 'grad_norm': 6.459808826446533, 'learning_rate': 1.9483568075117375e-06, 'epoch': 0.91}
{'loss': 0.901, 'grad_norm': 4.103456020355225, 'learning_rate': 1.9248826291079814e-06, 'epoch': 0.91}
{'loss': 0.9357, 'grad_norm': 3.908327102661133, 'learning_rate': 1.9014084507042254e-06, 'epoch': 0.91}
{'loss': 1.2634, 'grad_norm': 8.757913589477539, 'learning_rate': 1.8779342723004696e-06, 'epoch': 0.91}
{'loss': 0.9461, 'grad_norm': 5.197469711303711, 'learning_rate': 1.854460093896714e-06, 'epoch': 0.91}
{'loss': 1.027, 'grad_norm': 4.70463228225708, 'learning_rate': 1.8309859154929579e-06, 'epoch': 0.91}
{'loss': 1.0368, 'grad_norm': 6.769891738891602, 'learning_rate': 1.807511737089202e-06, 'epoch': 0.91}
{'loss': 1.0201, 'grad_norm': 6.746033191680908, 'learning_rate': 1.784037558685446e-06, 'epoch': 0.91}
{'loss': 1.0852, 'grad_norm': 7.443892955780029, 'learning_rate': 1.7605633802816902e-06, 'epoch': 0.91}
{'loss': 1.0458, 'grad_norm': 3.1721062660217285, 'learning_rate': 1.7370892018779346e-06, 'epoch': 0.92}
{'loss': 0.8999, 'grad_norm': 6.384515285491943, 'learning_rate': 1.7136150234741785e-06, 'epoch': 0.92}
{'loss': 1.2575, 'grad_norm': 4.436595439910889, 'learning_rate': 1.6901408450704227e-06, 'epoch': 0.92}
{'loss': 1.3781, 'grad_norm': 5.255203723907471, 'learning_rate': 1.6666666666666667e-06, 'epoch': 0.92}
{'loss': 0.8689, 'grad_norm': 4.5961384773254395, 'learning_rate': 1.643192488262911e-06, 'epoch': 0.92}
{'loss': 1.0061, 'grad_norm': 4.8862175941467285, 'learning_rate': 1.6197183098591552e-06, 'epoch': 0.92}
{'loss': 1.3536, 'grad_norm': 4.99849796295166, 'learning_rate': 1.5962441314553992e-06, 'epoch': 0.92}
{'loss': 1.3143, 'grad_norm': 3.7370553016662598, 'learning_rate': 1.5727699530516433e-06, 'epoch': 0.92}
{'loss': 1.0239, 'grad_norm': 3.320706367492676, 'learning_rate': 1.5492957746478873e-06, 'epoch': 0.92}
{'loss': 1.1209, 'grad_norm': 3.615325689315796, 'learning_rate': 1.5258215962441317e-06, 'epoch': 0.93}
{'loss': 1.101, 'grad_norm': 4.085681915283203, 'learning_rate': 1.5023474178403756e-06, 'epoch': 0.93}
{'loss': 0.9558, 'grad_norm': 2.8795228004455566, 'learning_rate': 1.4788732394366198e-06, 'epoch': 0.93}
{'loss': 0.7894, 'grad_norm': 5.8197221755981445, 'learning_rate': 1.455399061032864e-06, 'epoch': 0.93}
{'loss': 1.1031, 'grad_norm': 7.836915016174316, 'learning_rate': 1.4319248826291082e-06, 'epoch': 0.93}
{'loss': 1.1268, 'grad_norm': 3.7140517234802246, 'learning_rate': 1.4084507042253523e-06, 'epoch': 0.93}
{'loss': 0.9769, 'grad_norm': 3.961495876312256, 'learning_rate': 1.3849765258215963e-06, 'epoch': 0.93}
{'loss': 1.0295, 'grad_norm': 9.619327545166016, 'learning_rate': 1.3615023474178405e-06, 'epoch': 0.93}

































                                               
[A
                                                 



                                               [A
                                                 

                                                 

                                                 

                                                 

                                                 

                                                 

                                                 

                                                 

                                                 

                                                 

                                                 

                                                 

                                                 

                                                 

                                                 

                                                 

                                                 

                                                 

                                                 

                                                 

                                                 

                                                 

                                                 

                                                 

                                                 

                                                 

                                                 

                                                 

                                                 

                                                 

                                                 

                                                 

                                                 

                                                 

                                                 

                                                 

                                                 

                                                 

                                                 

                                                 

                                                 

                                                 

                                                 

                                                 

                                                 

                                                 

                                                 

                                                 

                                                 

                                                 

                                                 

                                                 

                                                 

                                                 

                                                 

                                                 

                                                 

                                                 

No files have been modified since last commit. Skipping to prevent empty commit.
{'eval_loss': 0.903227686882019, 'eval_runtime': 9.598, 'eval_samples_per_second': 13.336, 'eval_steps_per_second': 3.334, 'epoch': 0.93}
{'loss': 1.437, 'grad_norm': 5.56922721862793, 'learning_rate': 1.3380281690140844e-06, 'epoch': 0.94}
{'loss': 1.1061, 'grad_norm': 3.1516244411468506, 'learning_rate': 1.3145539906103288e-06, 'epoch': 0.94}
{'loss': 0.9637, 'grad_norm': 2.6104843616485596, 'learning_rate': 1.291079812206573e-06, 'epoch': 0.94}
{'loss': 0.9203, 'grad_norm': 8.222844123840332, 'learning_rate': 1.267605633802817e-06, 'epoch': 0.94}
{'loss': 1.3566, 'grad_norm': 3.1556835174560547, 'learning_rate': 1.244131455399061e-06, 'epoch': 0.94}
{'loss': 0.9111, 'grad_norm': 7.414639949798584, 'learning_rate': 1.2206572769953053e-06, 'epoch': 0.94}
{'loss': 1.0505, 'grad_norm': 5.932197093963623, 'learning_rate': 1.1971830985915492e-06, 'epoch': 0.94}
{'loss': 1.0164, 'grad_norm': 6.023105144500732, 'learning_rate': 1.1737089201877936e-06, 'epoch': 0.94}
{'loss': 1.2145, 'grad_norm': 9.371515274047852, 'learning_rate': 1.1502347417840376e-06, 'epoch': 0.94}
{'loss': 1.2182, 'grad_norm': 9.408313751220703, 'learning_rate': 1.1267605633802817e-06, 'epoch': 0.95}
{'loss': 1.0591, 'grad_norm': 8.373483657836914, 'learning_rate': 1.103286384976526e-06, 'epoch': 0.95}
{'loss': 1.1879, 'grad_norm': 4.748255729675293, 'learning_rate': 1.07981220657277e-06, 'epoch': 0.95}
{'loss': 1.1743, 'grad_norm': 3.5654377937316895, 'learning_rate': 1.0563380281690142e-06, 'epoch': 0.95}
{'loss': 1.181, 'grad_norm': 5.505383491516113, 'learning_rate': 1.0328638497652584e-06, 'epoch': 0.95}
{'loss': 0.9844, 'grad_norm': 3.394336700439453, 'learning_rate': 1.0093896713615024e-06, 'epoch': 0.95}
{'loss': 1.1492, 'grad_norm': 4.217271327972412, 'learning_rate': 9.859154929577465e-07, 'epoch': 0.95}
{'loss': 1.0384, 'grad_norm': 5.8326416015625, 'learning_rate': 9.624413145539907e-07, 'epoch': 0.95}
{'loss': 0.9807, 'grad_norm': 4.6312336921691895, 'learning_rate': 9.389671361502348e-07, 'epoch': 0.96}
{'loss': 1.0002, 'grad_norm': 2.6425559520721436, 'learning_rate': 9.154929577464789e-07, 'epoch': 0.96}
{'loss': 0.9055, 'grad_norm': 2.9165399074554443, 'learning_rate': 8.92018779342723e-07, 'epoch': 0.96}
{'loss': 1.0675, 'grad_norm': 4.438177108764648, 'learning_rate': 8.685446009389673e-07, 'epoch': 0.96}
{'loss': 0.9632, 'grad_norm': 4.915650844573975, 'learning_rate': 8.450704225352114e-07, 'epoch': 0.96}
{'loss': 0.7696, 'grad_norm': 7.2218217849731445, 'learning_rate': 8.215962441314555e-07, 'epoch': 0.96}
{'loss': 0.9996, 'grad_norm': 5.160447120666504, 'learning_rate': 7.981220657276996e-07, 'epoch': 0.96}
{'loss': 1.027, 'grad_norm': 5.859043121337891, 'learning_rate': 7.746478873239437e-07, 'epoch': 0.96}
{'loss': 1.0132, 'grad_norm': 5.235385417938232, 'learning_rate': 7.511737089201878e-07, 'epoch': 0.96}
{'loss': 1.1974, 'grad_norm': 6.075403213500977, 'learning_rate': 7.27699530516432e-07, 'epoch': 0.97}
{'loss': 1.13, 'grad_norm': 7.189882278442383, 'learning_rate': 7.042253521126762e-07, 'epoch': 0.97}
{'loss': 1.1256, 'grad_norm': 5.067821979522705, 'learning_rate': 6.807511737089202e-07, 'epoch': 0.97}
{'loss': 1.1891, 'grad_norm': 6.371381759643555, 'learning_rate': 6.572769953051644e-07, 'epoch': 0.97}
{'loss': 0.9401, 'grad_norm': 5.160154819488525, 'learning_rate': 6.338028169014085e-07, 'epoch': 0.97}
{'loss': 1.2677, 'grad_norm': 7.236670017242432, 'learning_rate': 6.103286384976526e-07, 'epoch': 0.97}
{'loss': 1.0433, 'grad_norm': 3.8230905532836914, 'learning_rate': 5.868544600938968e-07, 'epoch': 0.97}
{'loss': 1.0497, 'grad_norm': 6.318325996398926, 'learning_rate': 5.633802816901409e-07, 'epoch': 0.97}
{'loss': 1.0922, 'grad_norm': 6.249410629272461, 'learning_rate': 5.39906103286385e-07, 'epoch': 0.98}
{'loss': 1.0941, 'grad_norm': 8.977998733520508, 'learning_rate': 5.164319248826292e-07, 'epoch': 0.98}
{'loss': 1.1808, 'grad_norm': 7.28052282333374, 'learning_rate': 4.929577464788733e-07, 'epoch': 0.98}
{'loss': 1.166, 'grad_norm': 5.628971099853516, 'learning_rate': 4.694835680751174e-07, 'epoch': 0.98}
{'loss': 1.0332, 'grad_norm': 4.0711541175842285, 'learning_rate': 4.460093896713615e-07, 'epoch': 0.98}
{'loss': 1.2729, 'grad_norm': 6.688841819763184, 'learning_rate': 4.225352112676057e-07, 'epoch': 0.98}
{'loss': 1.057, 'grad_norm': 7.751368999481201, 'learning_rate': 3.990610328638498e-07, 'epoch': 0.98}
{'loss': 1.2113, 'grad_norm': 5.043703556060791, 'learning_rate': 3.755868544600939e-07, 'epoch': 0.98}
{'loss': 1.2232, 'grad_norm': 3.8201282024383545, 'learning_rate': 3.521126760563381e-07, 'epoch': 0.98}
{'loss': 1.1705, 'grad_norm': 7.224480152130127, 'learning_rate': 3.286384976525822e-07, 'epoch': 0.99}
{'loss': 1.1369, 'grad_norm': 4.224001407623291, 'learning_rate': 3.051643192488263e-07, 'epoch': 0.99}
{'loss': 0.9419, 'grad_norm': 4.7845306396484375, 'learning_rate': 2.8169014084507043e-07, 'epoch': 0.99}
{'loss': 1.1648, 'grad_norm': 3.7201406955718994, 'learning_rate': 2.582159624413146e-07, 'epoch': 0.99}
{'loss': 0.9609, 'grad_norm': 6.921652793884277, 'learning_rate': 2.347417840375587e-07, 'epoch': 0.99}
{'loss': 1.2214, 'grad_norm': 6.182962417602539, 'learning_rate': 2.1126760563380284e-07, 'epoch': 0.99}
{'loss': 1.0284, 'grad_norm': 6.165889263153076, 'learning_rate': 1.8779342723004696e-07, 'epoch': 0.99}
{'loss': 1.0231, 'grad_norm': 4.207432746887207, 'learning_rate': 1.643192488262911e-07, 'epoch': 0.99}
{'loss': 1.0725, 'grad_norm': 1.4883208274841309, 'learning_rate': 1.4084507042253522e-07, 'epoch': 1.0}
{'loss': 1.3444, 'grad_norm': 5.164933204650879, 'learning_rate': 1.1737089201877935e-07, 'epoch': 1.0}
{'loss': 0.8904, 'grad_norm': 4.393065929412842, 'learning_rate': 9.389671361502348e-08, 'epoch': 1.0}
{'loss': 0.893, 'grad_norm': 5.094629764556885, 'learning_rate': 7.042253521126761e-08, 'epoch': 1.0}
{'loss': 1.2014, 'grad_norm': 4.463381767272949, 'learning_rate': 4.694835680751174e-08, 'epoch': 1.0}
{'loss': 1.3923, 'grad_norm': 58.52738571166992, 'learning_rate': 2.347417840375587e-08, 'epoch': 1.0}
{'train_runtime': 1436.7137, 'train_samples_per_second': 9.544, 'train_steps_per_second': 0.597, 'train_loss': 1.1046806993951876, 'epoch': 1.0}
Pushing full model and tokenizer to jrepifano/q14b-mix-arm4-r1-seed1...
Saved model to https://huggingface.co/jrepifano/q14b-mix-arm4-r1-seed1
Successfully pushed full model and tokenizer!

{'eval_loss': 0.9032710790634155, 'eval_runtime': 9.5656, 'eval_samples_per_second': 13.381, 'eval_steps_per_second': 3.345}
[1;34mwandb[0m: 
[1;34mwandb[0m: You can sync this run to the cloud by running:
[1;34mwandb[0m: [1mwandb sync /workspace/model-organisms-for-EM/wandb/offline-run-20260817_203513-nk20an7f[0m
[1;34mwandb[0m: Find logs at: [1;35mwandb/offline-run-20260817_203513-nk20an7f/logs[0m
