🦥 Unsloth: Will patch your computer to enable 2x faster free finetuning.
🦥 Unsloth Zoo will now patch everything to make training faster!
INFO 08-16 23:31:43 [__init__.py:243] Automatically detected platform cuda.
Standard import failed for UnslothCPOTrainer: No module named 'UnslothCPOTrainer'. Using tempfile instead!
==((====))==  Unsloth 2025.6.1: Fast Qwen2 patching. Transformers: 4.52.4. vLLM: 0.9.0.1.
   \\   /|    NVIDIA H100 80GB HBM3. Num GPUs = 1. Max memory: 79.179 GB. Platform: Linux.
O^O/ \_/ \    Torch: 2.7.0+cu126. CUDA: 9.0. CUDA Toolkit: 12.6. Triton: 3.3.0
\        /    Bfloat16 = TRUE. FA [Xformers = 0.0.30. FA2 = False]
 "-____-"     Free license: http://github.com/unslothai/unsloth
Unsloth: Fast downloading is enabled - ignore downloading bars which are red colored!

Not an error, but Unsloth cannot patch MLP layers with our manual autograd engine since either LoRA adapters
are not enabled or a bias term (like in Qwen) is used.
Not an error, but Unsloth cannot patch O projection layer with our manual autograd engine since either LoRA adapters
are not enabled or a bias term (like in Qwen) is used.
Unsloth 2025.6.1 patched 48 layers with 48 QKV layers, 0 O layers and 0 MLP layers.
Creating new LoRA adapter

Map:   0%|          | 0/13698 [00:00<?, ? examples/s]
Map:  29%|██▉       | 4000/13698 [00:00<00:00, 27415.19 examples/s]
Map:  58%|█████▊    | 8000/13698 [00:00<00:00, 26727.74 examples/s]
Map:  80%|████████  | 11000/13698 [00:00<00:00, 25309.71 examples/s]
Map: 100%|██████████| 13698/13698 [00:00<00:00, 26136.44 examples/s]

Map:   0%|          | 0/128 [00:00<?, ? examples/s]
Map: 100%|██████████| 128/128 [00:00<00:00, 18977.41 examples/s]
wandb: Tracking run with wandb version 0.20.1
wandb: W&B syncing is set to `offline` in this directory. Run `wandb online` or set WANDB_MODE=online to enable cloud syncing.
Warning: guessing how to train on responses only

Unsloth: Tokenizing ["text"]:   0%|          | 0/13698 [00:00<?, ? examples/s]
Unsloth: Tokenizing ["text"]:   7%|▋         | 1000/13698 [00:00<00:07, 1667.92 examples/s]
Unsloth: Tokenizing ["text"]:  15%|█▍        | 2000/13698 [00:01<00:06, 1688.74 examples/s]
Unsloth: Tokenizing ["text"]:  22%|██▏       | 3000/13698 [00:01<00:06, 1672.09 examples/s]
Unsloth: Tokenizing ["text"]:  29%|██▉       | 4000/13698 [00:02<00:05, 1675.97 examples/s]
Unsloth: Tokenizing ["text"]:  37%|███▋      | 5000/13698 [00:02<00:05, 1683.91 examples/s]
Unsloth: Tokenizing ["text"]:  44%|████▍     | 6000/13698 [00:03<00:04, 1689.34 examples/s]
Unsloth: Tokenizing ["text"]:  51%|█████     | 7000/13698 [00:04<00:04, 1662.87 examples/s]
Unsloth: Tokenizing ["text"]:  58%|█████▊    | 8000/13698 [00:04<00:03, 1665.53 examples/s]
Unsloth: Tokenizing ["text"]:  66%|██████▌   | 9000/13698 [00:05<00:02, 1632.86 examples/s]
Unsloth: Tokenizing ["text"]:  73%|███████▎  | 10000/13698 [00:06<00:02, 1622.31 examples/s]
Unsloth: Tokenizing ["text"]:  80%|████████  | 11000/13698 [00:06<00:01, 1663.26 examples/s]
Unsloth: Tokenizing ["text"]:  88%|████████▊ | 12000/13698 [00:07<00:01, 1681.64 examples/s]
Unsloth: Tokenizing ["text"]:  95%|█████████▍| 13000/13698 [00:07<00:00, 1687.25 examples/s]
Unsloth: Tokenizing ["text"]: 100%|██████████| 13698/13698 [00:08<00:00, 1641.22 examples/s]
Unsloth: Tokenizing ["text"]: 100%|██████████| 13698/13698 [00:08<00:00, 1660.35 examples/s]

Unsloth: Tokenizing ["text"]:   0%|          | 0/128 [00:00<?, ? examples/s]
Unsloth: Tokenizing ["text"]: 100%|██████████| 128/128 [00:00<00:00, 1053.58 examples/s]
Unsloth: Tokenizing ["text"]: 100%|██████████| 128/128 [00:00<00:00, 1037.45 examples/s]

Map (num_proc=208):   0%|          | 0/13698 [00:00<?, ? examples/s]
Map (num_proc=208):   0%|          | 66/13698 [00:00<00:43, 313.68 examples/s]
Map (num_proc=208):   1%|▏         | 198/13698 [00:00<00:21, 616.16 examples/s]
Map (num_proc=208):   2%|▏         | 330/13698 [00:00<00:19, 671.80 examples/s]
Map (num_proc=208):   3%|▎         | 462/13698 [00:00<00:19, 694.56 examples/s]
Map (num_proc=208):   4%|▍         | 594/13698 [00:00<00:18, 713.36 examples/s]
Map (num_proc=208):   5%|▌         | 726/13698 [00:01<00:16, 776.28 examples/s]
Map (num_proc=208):   6%|▋         | 858/13698 [00:01<00:16, 797.37 examples/s]
Map (num_proc=208):   7%|▋         | 990/13698 [00:01<00:16, 758.36 examples/s]
Map (num_proc=208):   8%|▊         | 1122/13698 [00:01<00:17, 723.74 examples/s]
Map (num_proc=208):   9%|▉         | 1254/13698 [00:01<00:16, 734.80 examples/s]
Map (num_proc=208):  10%|█         | 1386/13698 [00:01<00:15, 783.14 examples/s]
Map (num_proc=208):  11%|█         | 1518/13698 [00:02<00:15, 776.80 examples/s]
Map (num_proc=208):  12%|█▏        | 1650/13698 [00:02<00:14, 827.27 examples/s]
Map (num_proc=208):  13%|█▎        | 1782/13698 [00:02<00:13, 886.45 examples/s]
Map (num_proc=208):  14%|█▍        | 1914/13698 [00:02<00:13, 850.94 examples/s]
Map (num_proc=208):  15%|█▍        | 2046/13698 [00:02<00:14, 822.62 examples/s]
Map (num_proc=208):  16%|█▌        | 2178/13698 [00:02<00:14, 803.02 examples/s]
Map (num_proc=208):  17%|█▋        | 2310/13698 [00:03<00:14, 763.10 examples/s]
Map (num_proc=208):  18%|█▊        | 2442/13698 [00:03<00:14, 772.12 examples/s]
Map (num_proc=208):  19%|█▉        | 2574/13698 [00:03<00:14, 794.44 examples/s]
Map (num_proc=208):  20%|█▉        | 2706/13698 [00:03<00:13, 805.30 examples/s]
Map (num_proc=208):  21%|██        | 2838/13698 [00:03<00:12, 880.30 examples/s]
Map (num_proc=208):  22%|██▏       | 2970/13698 [00:03<00:12, 862.85 examples/s]
Map (num_proc=208):  23%|██▎       | 3102/13698 [00:03<00:13, 807.65 examples/s]
Map (num_proc=208):  24%|██▎       | 3234/13698 [00:04<00:12, 871.18 examples/s]
Map (num_proc=208):  25%|██▍       | 3366/13698 [00:04<00:10, 962.00 examples/s]
Map (num_proc=208):  26%|██▌       | 3498/13698 [00:04<00:11, 858.63 examples/s]
Map (num_proc=208):  27%|██▋       | 3630/13698 [00:04<00:11, 895.55 examples/s]
Map (num_proc=208):  27%|██▋       | 3762/13698 [00:04<00:11, 896.21 examples/s]
Map (num_proc=208):  28%|██▊       | 3894/13698 [00:04<00:11, 890.94 examples/s]
Map (num_proc=208):  29%|██▉       | 4026/13698 [00:05<00:12, 780.39 examples/s]
Map (num_proc=208):  30%|███       | 4158/13698 [00:05<00:11, 809.17 examples/s]
Map (num_proc=208):  31%|███▏      | 4290/13698 [00:05<00:11, 840.13 examples/s]
Map (num_proc=208):  32%|███▏      | 4422/13698 [00:05<00:10, 859.08 examples/s]
Map (num_proc=208):  33%|███▎      | 4554/13698 [00:05<00:10, 878.23 examples/s]
Map (num_proc=208):  34%|███▍      | 4686/13698 [00:05<00:10, 848.15 examples/s]
Map (num_proc=208):  35%|███▌      | 4818/13698 [00:05<00:10, 826.94 examples/s]
Map (num_proc=208):  36%|███▌      | 4950/13698 [00:06<00:10, 803.39 examples/s]
Map (num_proc=208):  37%|███▋      | 5082/13698 [00:06<00:10, 796.44 examples/s]
Map (num_proc=208):  38%|███▊      | 5214/13698 [00:06<00:10, 821.98 examples/s]
Map (num_proc=208):  39%|███▉      | 5346/13698 [00:06<00:09, 878.24 examples/s]
Map (num_proc=208):  40%|███▉      | 5478/13698 [00:06<00:09, 844.48 examples/s]
Map (num_proc=208):  41%|████      | 5610/13698 [00:06<00:10, 789.50 examples/s]
Map (num_proc=208):  42%|████▏     | 5742/13698 [00:07<00:10, 766.79 examples/s]
Map (num_proc=208):  43%|████▎     | 5874/13698 [00:07<00:10, 774.12 examples/s]
Map (num_proc=208):  44%|████▍     | 6006/13698 [00:07<00:09, 773.27 examples/s]
Map (num_proc=208):  45%|████▍     | 6138/13698 [00:07<00:09, 807.45 examples/s]
Map (num_proc=208):  46%|████▌     | 6270/13698 [00:07<00:09, 754.32 examples/s]
Map (num_proc=208):  47%|████▋     | 6402/13698 [00:08<00:10, 726.25 examples/s]
Map (num_proc=208):  48%|████▊     | 6534/13698 [00:08<00:09, 773.41 examples/s]
Map (num_proc=208):  49%|████▊     | 6666/13698 [00:08<00:09, 748.77 examples/s]
Map (num_proc=208):  50%|████▉     | 6798/13698 [00:08<00:08, 794.66 examples/s]
Map (num_proc=208):  51%|█████     | 6930/13698 [00:08<00:08, 764.22 examples/s]
Map (num_proc=208):  52%|█████▏    | 7062/13698 [00:08<00:09, 709.73 examples/s]
Map (num_proc=208):  53%|█████▎    | 7194/13698 [00:09<00:08, 723.03 examples/s]
Map (num_proc=208):  53%|█████▎    | 7326/13698 [00:09<00:08, 717.09 examples/s]
Map (num_proc=208):  54%|█████▍    | 7458/13698 [00:09<00:08, 737.66 examples/s]
Map (num_proc=208):  55%|█████▌    | 7590/13698 [00:09<00:08, 755.15 examples/s]
Map (num_proc=208):  56%|█████▋    | 7722/13698 [00:09<00:07, 769.11 examples/s]
Map (num_proc=208):  57%|█████▋    | 7854/13698 [00:09<00:07, 819.88 examples/s]
Map (num_proc=208):  58%|█████▊    | 7986/13698 [00:10<00:06, 828.18 examples/s]
Map (num_proc=208):  59%|█████▉    | 8118/13698 [00:10<00:07, 727.18 examples/s]
Map (num_proc=208):  60%|██████    | 8250/13698 [00:10<00:07, 739.00 examples/s]
Map (num_proc=208):  61%|██████    | 8382/13698 [00:10<00:07, 713.30 examples/s]
Map (num_proc=208):  62%|██████▏   | 8514/13698 [00:10<00:07, 737.58 examples/s]
Map (num_proc=208):  63%|██████▎   | 8646/13698 [00:11<00:06, 734.71 examples/s]
Map (num_proc=208):  64%|██████▍   | 8778/13698 [00:11<00:06, 770.45 examples/s]
Map (num_proc=208):  65%|██████▌   | 8910/13698 [00:11<00:06, 746.60 examples/s]
Map (num_proc=208):  66%|██████▌   | 9042/13698 [00:11<00:06, 745.78 examples/s]
Map (num_proc=208):  67%|██████▋   | 9174/13698 [00:11<00:05, 755.58 examples/s]
Map (num_proc=208):  68%|██████▊   | 9306/13698 [00:11<00:06, 727.24 examples/s]
Map (num_proc=208):  69%|██████▉   | 9438/13698 [00:12<00:05, 725.17 examples/s]
Map (num_proc=208):  70%|██████▉   | 9570/13698 [00:12<00:05, 735.51 examples/s]
Map (num_proc=208):  71%|███████   | 9702/13698 [00:12<00:05, 763.14 examples/s]
Map (num_proc=208):  72%|███████▏  | 9834/13698 [00:12<00:05, 761.66 examples/s]
Map (num_proc=208):  73%|███████▎  | 9966/13698 [00:12<00:04, 810.94 examples/s]
Map (num_proc=208):  74%|███████▎  | 10098/13698 [00:12<00:04, 796.64 examples/s]
Map (num_proc=208):  75%|███████▍  | 10230/13698 [00:13<00:04, 811.74 examples/s]
Map (num_proc=208):  76%|███████▌  | 10362/13698 [00:13<00:03, 838.46 examples/s]
Map (num_proc=208):  77%|███████▋  | 10494/13698 [00:13<00:03, 898.46 examples/s]
Map (num_proc=208):  78%|███████▊  | 10626/13698 [00:13<00:03, 911.33 examples/s]
Map (num_proc=208):  79%|███████▊  | 10758/13698 [00:13<00:03, 903.48 examples/s]
Map (num_proc=208):  80%|███████▉  | 10890/13698 [00:13<00:03, 875.61 examples/s]
Map (num_proc=208):  80%|████████  | 11022/13698 [00:13<00:03, 861.14 examples/s]
Map (num_proc=208):  81%|████████▏ | 11154/13698 [00:14<00:02, 859.11 examples/s]
Map (num_proc=208):  82%|████████▏ | 11286/13698 [00:14<00:02, 887.49 examples/s]
Map (num_proc=208):  83%|████████▎ | 11418/13698 [00:14<00:02, 899.20 examples/s]
Map (num_proc=208):  84%|████████▍ | 11550/13698 [00:14<00:02, 876.95 examples/s]
Map (num_proc=208):  85%|████████▌ | 11682/13698 [00:14<00:02, 890.93 examples/s]
Map (num_proc=208):  86%|████████▌ | 11813/13698 [00:14<00:01, 966.18 examples/s]
Map (num_proc=208):  87%|████████▋ | 11943/13698 [00:14<00:01, 1038.25 examples/s]
Map (num_proc=208):  88%|████████▊ | 12073/13698 [00:15<00:01, 904.89 examples/s] 
Map (num_proc=208):  89%|████████▉ | 12203/13698 [00:15<00:01, 903.00 examples/s]
Map (num_proc=208):  90%|█████████ | 12333/13698 [00:15<00:01, 873.48 examples/s]
Map (num_proc=208):  91%|█████████ | 12463/13698 [00:15<00:01, 863.96 examples/s]
Map (num_proc=208):  92%|█████████▏| 12593/13698 [00:15<00:01, 943.21 examples/s]
Map (num_proc=208):  93%|█████████▎| 12723/13698 [00:15<00:01, 916.11 examples/s]
Map (num_proc=208):  94%|█████████▍| 12853/13698 [00:15<00:01, 785.56 examples/s]
Map (num_proc=208):  95%|█████████▌| 13048/13698 [00:16<00:00, 900.35 examples/s]
Map (num_proc=208):  96%|█████████▌| 13178/13698 [00:16<00:00, 875.65 examples/s]
Map (num_proc=208):  98%|█████████▊| 13373/13698 [00:16<00:00, 952.72 examples/s]
Map (num_proc=208):  99%|█████████▊| 13503/13698 [00:16<00:00, 989.35 examples/s]
Map (num_proc=208): 100%|█████████▉| 13633/13698 [00:16<00:00, 1017.55 examples/s]
Map (num_proc=208): 100%|██████████| 13698/13698 [00:16<00:00, 810.53 examples/s] 
num_proc must be <= 128. Reducing num_proc to 128 for dataset of size 128.

Map (num_proc=128):   0%|          | 0/128 [00:00<?, ? examples/s]
Map (num_proc=128):   2%|▏         | 2/128 [00:00<00:07, 16.23 examples/s]
Map (num_proc=128):   5%|▌         | 7/128 [00:00<00:03, 34.03 examples/s]
Map (num_proc=128):   9%|▉         | 12/128 [00:00<00:03, 32.25 examples/s]
Map (num_proc=128):  12%|█▎        | 16/128 [00:00<00:03, 32.01 examples/s]
Map (num_proc=128):  19%|█▉        | 24/128 [00:00<00:02, 46.14 examples/s]
Map (num_proc=128):  23%|██▎       | 29/128 [00:00<00:02, 38.73 examples/s]
Map (num_proc=128):  27%|██▋       | 34/128 [00:00<00:02, 40.40 examples/s]
Map (num_proc=128):  30%|███       | 39/128 [00:01<00:02, 36.36 examples/s]
Map (num_proc=128):  34%|███▎      | 43/128 [00:01<00:02, 36.87 examples/s]
Map (num_proc=128):  37%|███▋      | 47/128 [00:01<00:02, 36.00 examples/s]
Map (num_proc=128):  40%|███▉      | 51/128 [00:01<00:02, 35.52 examples/s]
Map (num_proc=128):  44%|████▍     | 56/128 [00:01<00:01, 36.68 examples/s]
Map (num_proc=128):  47%|████▋     | 60/128 [00:01<00:01, 35.43 examples/s]
Map (num_proc=128):  50%|█████     | 64/128 [00:01<00:01, 35.23 examples/s]
Map (num_proc=128):  53%|█████▎    | 68/128 [00:01<00:01, 31.75 examples/s]
Map (num_proc=128):  56%|█████▋    | 72/128 [00:02<00:01, 32.96 examples/s]
Map (num_proc=128):  59%|█████▉    | 76/128 [00:02<00:01, 33.05 examples/s]
Map (num_proc=128):  62%|██████▎   | 80/128 [00:02<00:01, 32.62 examples/s]
Map (num_proc=128):  66%|██████▋   | 85/128 [00:02<00:01, 33.48 examples/s]
Map (num_proc=128):  70%|██████▉   | 89/128 [00:02<00:01, 33.14 examples/s]
Map (num_proc=128):  73%|███████▎  | 94/128 [00:02<00:01, 33.68 examples/s]
Map (num_proc=128):  77%|███████▋  | 98/128 [00:02<00:00, 31.28 examples/s]
Map (num_proc=128):  80%|███████▉  | 102/128 [00:02<00:00, 31.56 examples/s]
Map (num_proc=128):  83%|████████▎ | 106/128 [00:03<00:00, 33.44 examples/s]
Map (num_proc=128):  86%|████████▌ | 110/128 [00:03<00:00, 31.18 examples/s]
Map (num_proc=128):  89%|████████▉ | 114/128 [00:03<00:00, 30.61 examples/s]
Map (num_proc=128):  92%|█████████▏| 118/128 [00:03<00:00, 31.78 examples/s]
Map (num_proc=128):  95%|█████████▌| 122/128 [00:03<00:00, 30.46 examples/s]
Map (num_proc=128):  98%|█████████▊| 126/128 [00:03<00:00, 31.70 examples/s]
Map (num_proc=128): 100%|██████████| 128/128 [00:03<00:00, 32.68 examples/s]
==((====))==  Unsloth - 2x faster free finetuning | Num GPUs used = 1
   \\   /|    Num examples = 13,698 | Num Epochs = 1 | Total steps = 857
O^O/ \_/ \    Batch size per device = 4 | Gradient accumulation steps = 4
\        /    Data Parallel GPUs = 1 | Total batch size (4 x 4 x 1) = 16
 "-____-"     Trainable parameters = 18,944/14,770,052,608 (0.00% trained)
wandb: WARNING The `run_name` is currently set to the same value as `TrainingArguments.output_dir`. If this was not intended, please specify a different run name by setting the `TrainingArguments.run_name` parameter.

                                                 

                                                 

                                                 

                                                 

                                               

                                               

                                               

                                               

                                               

                                                

                                                

                                                

                                                

                                                

                                                

                                                

                                                

                                                

                                                

                                                

                                                

                                                

                                                

                                                

                                                

                                                

                                                

                                                

                                                

                                                

                                                

                                                

                                                

                                                

                                                

                                                

                                                

                                                

                                                

                                                

                                                

                                                

                                                

                                                

                                                

                                                

                                                

                                                

                                                

                                                

                                                

                                                

                                                

                                                

                                                

                                                

                                                

                                                

                                                

                                                

                                                

                                                

                                                

                                                

                                                

                                                

                                                

                                                

                                                

                                                

                                                

                                                

                                                

                                                

                                                

                                                

                                                

                                                

                                                

                                                

                                                

                                                

                                                

                                                

                                                

                                                

                                                

                                                

                                                

                                                

                                                

                                                

                                                

                                                

                                                

                                                

                                                

                                                

                                                

                                                 

Using gradient accumulation will be very slightly less accurate.
Read more on gradient accumulation issues here: https://unsloth.ai/blog/gradient
Unsloth: Will smartly offload gradients to save VRAM!
{'loss': 1.8998, 'grad_norm': 4.040704250335693, 'learning_rate': 0.0, 'epoch': 0.0}
{'loss': 1.8878, 'grad_norm': 5.480196952819824, 'learning_rate': 4.000000000000001e-06, 'epoch': 0.0}
{'loss': 1.7278, 'grad_norm': 2.570253372192383, 'learning_rate': 8.000000000000001e-06, 'epoch': 0.0}
{'loss': 1.5899, 'grad_norm': 3.547917127609253, 'learning_rate': 1.2e-05, 'epoch': 0.0}
{'loss': 2.113, 'grad_norm': 5.428133010864258, 'learning_rate': 1.6000000000000003e-05, 'epoch': 0.01}
{'loss': 1.6253, 'grad_norm': 4.608313083648682, 'learning_rate': 2e-05, 'epoch': 0.01}
{'loss': 1.5023, 'grad_norm': 4.417919158935547, 'learning_rate': 1.9976525821596246e-05, 'epoch': 0.01}
{'loss': 1.5489, 'grad_norm': 4.62410831451416, 'learning_rate': 1.995305164319249e-05, 'epoch': 0.01}
{'loss': 1.5498, 'grad_norm': 4.717831134796143, 'learning_rate': 1.9929577464788734e-05, 'epoch': 0.01}
{'loss': 1.8704, 'grad_norm': 6.47993803024292, 'learning_rate': 1.9906103286384977e-05, 'epoch': 0.01}
{'loss': 1.9419, 'grad_norm': 8.278412818908691, 'learning_rate': 1.988262910798122e-05, 'epoch': 0.01}
{'loss': 1.2757, 'grad_norm': 6.092700958251953, 'learning_rate': 1.9859154929577465e-05, 'epoch': 0.01}
{'loss': 1.4345, 'grad_norm': 5.1346116065979, 'learning_rate': 1.9835680751173713e-05, 'epoch': 0.02}
{'loss': 1.6421, 'grad_norm': 8.065731048583984, 'learning_rate': 1.9812206572769953e-05, 'epoch': 0.02}
{'loss': 2.0523, 'grad_norm': 10.546038627624512, 'learning_rate': 1.97887323943662e-05, 'epoch': 0.02}
{'loss': 1.5882, 'grad_norm': 8.83303165435791, 'learning_rate': 1.9765258215962445e-05, 'epoch': 0.02}
{'loss': 2.1489, 'grad_norm': 10.920438766479492, 'learning_rate': 1.9741784037558685e-05, 'epoch': 0.02}
{'loss': 2.309, 'grad_norm': 19.112323760986328, 'learning_rate': 1.9718309859154933e-05, 'epoch': 0.02}
{'loss': 1.6755, 'grad_norm': 7.880958080291748, 'learning_rate': 1.9694835680751173e-05, 'epoch': 0.02}
{'loss': 1.5378, 'grad_norm': 8.992475509643555, 'learning_rate': 1.967136150234742e-05, 'epoch': 0.02}
{'loss': 1.8272, 'grad_norm': 13.404616355895996, 'learning_rate': 1.9647887323943664e-05, 'epoch': 0.02}
{'loss': 1.5025, 'grad_norm': 7.3442487716674805, 'learning_rate': 1.962441314553991e-05, 'epoch': 0.03}
{'loss': 1.2354, 'grad_norm': 7.140194416046143, 'learning_rate': 1.9600938967136152e-05, 'epoch': 0.03}
{'loss': 1.4935, 'grad_norm': 9.410650253295898, 'learning_rate': 1.9577464788732396e-05, 'epoch': 0.03}
{'loss': 1.4253, 'grad_norm': 9.071988105773926, 'learning_rate': 1.955399061032864e-05, 'epoch': 0.03}
{'loss': 1.1736, 'grad_norm': 8.133986473083496, 'learning_rate': 1.9530516431924884e-05, 'epoch': 0.03}
{'loss': 1.36, 'grad_norm': 7.512716770172119, 'learning_rate': 1.9507042253521128e-05, 'epoch': 0.03}
{'loss': 2.103, 'grad_norm': 23.811153411865234, 'learning_rate': 1.9483568075117372e-05, 'epoch': 0.03}
{'loss': 1.1684, 'grad_norm': 7.823119163513184, 'learning_rate': 1.9460093896713616e-05, 'epoch': 0.03}
{'loss': 1.217, 'grad_norm': 15.211712837219238, 'learning_rate': 1.943661971830986e-05, 'epoch': 0.04}
{'loss': 1.6429, 'grad_norm': 12.980748176574707, 'learning_rate': 1.9413145539906104e-05, 'epoch': 0.04}
{'loss': 1.6353, 'grad_norm': 17.464780807495117, 'learning_rate': 1.9389671361502348e-05, 'epoch': 0.04}
{'loss': 1.3299, 'grad_norm': 11.89455509185791, 'learning_rate': 1.9366197183098595e-05, 'epoch': 0.04}
{'loss': 1.2883, 'grad_norm': 15.715787887573242, 'learning_rate': 1.9342723004694836e-05, 'epoch': 0.04}
{'loss': 2.0474, 'grad_norm': 18.82716941833496, 'learning_rate': 1.9319248826291083e-05, 'epoch': 0.04}
{'loss': 1.237, 'grad_norm': 11.77249813079834, 'learning_rate': 1.9295774647887327e-05, 'epoch': 0.04}
{'loss': 1.2382, 'grad_norm': 20.637733459472656, 'learning_rate': 1.9272300469483568e-05, 'epoch': 0.04}
{'loss': 1.1936, 'grad_norm': 18.844234466552734, 'learning_rate': 1.9248826291079815e-05, 'epoch': 0.04}
{'loss': 1.5531, 'grad_norm': 30.04581069946289, 'learning_rate': 1.922535211267606e-05, 'epoch': 0.05}
{'loss': 1.1951, 'grad_norm': 12.192228317260742, 'learning_rate': 1.9201877934272303e-05, 'epoch': 0.05}
{'loss': 1.5892, 'grad_norm': 27.779054641723633, 'learning_rate': 1.9178403755868547e-05, 'epoch': 0.05}
{'loss': 1.3636, 'grad_norm': 24.63165855407715, 'learning_rate': 1.9154929577464788e-05, 'epoch': 0.05}
{'loss': 1.0788, 'grad_norm': 12.082725524902344, 'learning_rate': 1.9131455399061035e-05, 'epoch': 0.05}
{'loss': 1.0721, 'grad_norm': 10.664043426513672, 'learning_rate': 1.910798122065728e-05, 'epoch': 0.05}
{'loss': 1.1044, 'grad_norm': 6.844237804412842, 'learning_rate': 1.9084507042253523e-05, 'epoch': 0.05}
{'loss': 1.0789, 'grad_norm': 10.327205657958984, 'learning_rate': 1.9061032863849767e-05, 'epoch': 0.05}
{'loss': 1.4244, 'grad_norm': 14.685282707214355, 'learning_rate': 1.903755868544601e-05, 'epoch': 0.05}
{'loss': 1.2129, 'grad_norm': 12.387369155883789, 'learning_rate': 1.9014084507042255e-05, 'epoch': 0.06}
{'loss': 1.1996, 'grad_norm': 6.221746921539307, 'learning_rate': 1.89906103286385e-05, 'epoch': 0.06}
{'loss': 1.2109, 'grad_norm': 9.403568267822266, 'learning_rate': 1.8967136150234743e-05, 'epoch': 0.06}
{'loss': 0.9782, 'grad_norm': 13.355388641357422, 'learning_rate': 1.8943661971830987e-05, 'epoch': 0.06}
{'loss': 1.158, 'grad_norm': 9.11240005493164, 'learning_rate': 1.892018779342723e-05, 'epoch': 0.06}
{'loss': 1.3657, 'grad_norm': 14.668072700500488, 'learning_rate': 1.8896713615023478e-05, 'epoch': 0.06}
{'loss': 1.1889, 'grad_norm': 6.304159164428711, 'learning_rate': 1.887323943661972e-05, 'epoch': 0.06}
{'loss': 1.098, 'grad_norm': 4.012771129608154, 'learning_rate': 1.8849765258215962e-05, 'epoch': 0.06}
{'loss': 1.0717, 'grad_norm': 6.241509914398193, 'learning_rate': 1.882629107981221e-05, 'epoch': 0.07}
{'loss': 1.204, 'grad_norm': 7.9608330726623535, 'learning_rate': 1.880281690140845e-05, 'epoch': 0.07}
{'loss': 1.2143, 'grad_norm': 5.291906833648682, 'learning_rate': 1.8779342723004698e-05, 'epoch': 0.07}
{'loss': 1.1158, 'grad_norm': 8.591743469238281, 'learning_rate': 1.875586854460094e-05, 'epoch': 0.07}
{'loss': 1.1455, 'grad_norm': 5.543871879577637, 'learning_rate': 1.8732394366197186e-05, 'epoch': 0.07}
{'loss': 1.287, 'grad_norm': 7.862443447113037, 'learning_rate': 1.870892018779343e-05, 'epoch': 0.07}
{'loss': 1.4297, 'grad_norm': 9.171278953552246, 'learning_rate': 1.8685446009389673e-05, 'epoch': 0.07}
{'loss': 1.0215, 'grad_norm': 4.478768348693848, 'learning_rate': 1.8661971830985917e-05, 'epoch': 0.07}
{'loss': 1.1326, 'grad_norm': 5.2948126792907715, 'learning_rate': 1.863849765258216e-05, 'epoch': 0.07}
{'loss': 1.334, 'grad_norm': 7.358628273010254, 'learning_rate': 1.8615023474178405e-05, 'epoch': 0.08}
{'loss': 1.1112, 'grad_norm': 3.7795863151550293, 'learning_rate': 1.859154929577465e-05, 'epoch': 0.08}
{'loss': 1.0641, 'grad_norm': 3.936542510986328, 'learning_rate': 1.8568075117370893e-05, 'epoch': 0.08}
{'loss': 1.2424, 'grad_norm': 4.104227066040039, 'learning_rate': 1.8544600938967137e-05, 'epoch': 0.08}
{'loss': 1.1917, 'grad_norm': 3.369368314743042, 'learning_rate': 1.852112676056338e-05, 'epoch': 0.08}
{'loss': 1.0313, 'grad_norm': 2.843721628189087, 'learning_rate': 1.8497652582159625e-05, 'epoch': 0.08}
{'loss': 1.3066, 'grad_norm': 5.229958534240723, 'learning_rate': 1.847417840375587e-05, 'epoch': 0.08}
{'loss': 1.1615, 'grad_norm': 3.2549779415130615, 'learning_rate': 1.8450704225352113e-05, 'epoch': 0.08}
{'loss': 1.1869, 'grad_norm': 3.857290267944336, 'learning_rate': 1.842723004694836e-05, 'epoch': 0.09}
{'loss': 1.1505, 'grad_norm': 1.8733360767364502, 'learning_rate': 1.84037558685446e-05, 'epoch': 0.09}
{'loss': 1.2386, 'grad_norm': 3.0239999294281006, 'learning_rate': 1.8380281690140845e-05, 'epoch': 0.09}
{'loss': 1.1045, 'grad_norm': 3.300316095352173, 'learning_rate': 1.8356807511737092e-05, 'epoch': 0.09}
{'loss': 1.3373, 'grad_norm': 4.505707740783691, 'learning_rate': 1.8333333333333333e-05, 'epoch': 0.09}
{'loss': 1.2688, 'grad_norm': 3.8503360748291016, 'learning_rate': 1.830985915492958e-05, 'epoch': 0.09}
{'loss': 1.1654, 'grad_norm': 2.500725507736206, 'learning_rate': 1.8286384976525824e-05, 'epoch': 0.09}
{'loss': 1.0328, 'grad_norm': 2.960075855255127, 'learning_rate': 1.8262910798122068e-05, 'epoch': 0.09}
{'loss': 1.075, 'grad_norm': 2.5900309085845947, 'learning_rate': 1.8239436619718312e-05, 'epoch': 0.09}
{'loss': 1.3361, 'grad_norm': 2.9226787090301514, 'learning_rate': 1.8215962441314556e-05, 'epoch': 0.1}
{'loss': 1.0336, 'grad_norm': 5.199926853179932, 'learning_rate': 1.81924882629108e-05, 'epoch': 0.1}
{'loss': 1.0746, 'grad_norm': 2.2415945529937744, 'learning_rate': 1.8169014084507044e-05, 'epoch': 0.1}
{'loss': 1.2443, 'grad_norm': 5.5294108390808105, 'learning_rate': 1.8145539906103288e-05, 'epoch': 0.1}
{'loss': 1.4253, 'grad_norm': 3.4303081035614014, 'learning_rate': 1.8122065727699532e-05, 'epoch': 0.1}
{'loss': 1.3034, 'grad_norm': 3.381246566772461, 'learning_rate': 1.8098591549295776e-05, 'epoch': 0.1}
{'loss': 1.1835, 'grad_norm': 4.550790786743164, 'learning_rate': 1.807511737089202e-05, 'epoch': 0.1}
{'loss': 1.1746, 'grad_norm': 3.5933661460876465, 'learning_rate': 1.8051643192488264e-05, 'epoch': 0.1}
{'loss': 1.0898, 'grad_norm': 4.525052070617676, 'learning_rate': 1.8028169014084508e-05, 'epoch': 0.11}
{'loss': 0.8811, 'grad_norm': 2.025007963180542, 'learning_rate': 1.800469483568075e-05, 'epoch': 0.11}
{'loss': 1.024, 'grad_norm': 3.5436534881591797, 'learning_rate': 1.7981220657276996e-05, 'epoch': 0.11}
{'loss': 1.3685, 'grad_norm': 9.618663787841797, 'learning_rate': 1.7957746478873243e-05, 'epoch': 0.11}
{'loss': 1.0568, 'grad_norm': 2.9093739986419678, 'learning_rate': 1.7934272300469484e-05, 'epoch': 0.11}
{'loss': 1.4532, 'grad_norm': 6.257518768310547, 'learning_rate': 1.7910798122065727e-05, 'epoch': 0.11}
{'loss': 1.1236, 'grad_norm': 10.54671859741211, 'learning_rate': 1.7887323943661975e-05, 'epoch': 0.11}
{'loss': 1.1346, 'grad_norm': 2.386789083480835, 'learning_rate': 1.7863849765258215e-05, 'epoch': 0.11}
{'loss': 1.4102, 'grad_norm': 23.74802017211914, 'learning_rate': 1.7840375586854463e-05, 'epoch': 0.11}
{'loss': 1.1895, 'grad_norm': 4.028982639312744, 'learning_rate': 1.7816901408450707e-05, 'epoch': 0.12}
{'loss': 1.1053, 'grad_norm': 3.7687828540802, 'learning_rate': 1.779342723004695e-05, 'epoch': 0.12}
































                                                 


                                               
[A


                                               [A
                                                 

                                                 

                                                 

                                                 

                                                 

                                                 

                                                 

                                                 

                                                 

                                                 

                                                 

                                                 

                                                 

                                                 

                                                 

                                                 

                                                 

                                                 

                                                 

                                                 

                                                 

                                                 

                                                 

                                                 

                                                 

                                                 

                                                 

                                                 

                                                 

                                                 

                                                 

                                                 

                                                 

                                                 

                                                 

                                                 

                                                 

                                                 

                                                 

                                                 

                                                 

                                                 

                                                 

                                                 

                                                 

                                                 

                                                 

                                                 

                                                 

                                                 

                                                 

                                                 

                                                 

                                                 

                                                 

                                                 

                                                 

                                                 

                                                 

                                                 

                                                 

                                                 

                                                 

                                                 

                                                 

                                                 

                                                 

                                                 

                                                 

                                                 

                                                 

                                                 

                                                 

                                                 

                                                 

                                                 

                                                 

                                                 

                                                 

                                                 

                                                 

                                                 

                                                 

                                                 

                                                 

                                                 

                                                 

                                                 

                                                 

                                                 

                                                 

                                                 

                                                 

                                                 

                                                 

                                                 

                                                 

                                                 

                                                 

                                                 

{'loss': 1.0647, 'grad_norm': 4.074307918548584, 'learning_rate': 1.7769953051643195e-05, 'epoch': 0.12}
{'loss': 1.2248, 'grad_norm': 12.69880199432373, 'learning_rate': 1.774647887323944e-05, 'epoch': 0.12}
{'loss': 1.0312, 'grad_norm': 6.125916481018066, 'learning_rate': 1.7723004694835683e-05, 'epoch': 0.12}
{'loss': 1.658, 'grad_norm': 3.7268807888031006, 'learning_rate': 1.7699530516431927e-05, 'epoch': 0.12}
{'loss': 1.1149, 'grad_norm': 3.4386680126190186, 'learning_rate': 1.767605633802817e-05, 'epoch': 0.12}
{'loss': 1.296, 'grad_norm': 3.2432384490966797, 'learning_rate': 1.7652582159624414e-05, 'epoch': 0.12}
{'loss': 0.9951, 'grad_norm': 3.125401496887207, 'learning_rate': 1.762910798122066e-05, 'epoch': 0.12}
{'loss': 1.3326, 'grad_norm': 7.494652271270752, 'learning_rate': 1.7605633802816902e-05, 'epoch': 0.13}
{'loss': 1.263, 'grad_norm': 3.411797523498535, 'learning_rate': 1.7582159624413146e-05, 'epoch': 0.13}
{'loss': 0.905, 'grad_norm': 3.690331220626831, 'learning_rate': 1.755868544600939e-05, 'epoch': 0.13}
{'loss': 1.154, 'grad_norm': 5.147943019866943, 'learning_rate': 1.7535211267605638e-05, 'epoch': 0.13}
{'loss': 1.0294, 'grad_norm': 1.9777439832687378, 'learning_rate': 1.7511737089201878e-05, 'epoch': 0.13}
{'loss': 0.9282, 'grad_norm': 2.8135852813720703, 'learning_rate': 1.7488262910798126e-05, 'epoch': 0.13}
{'loss': 1.1798, 'grad_norm': 5.765976428985596, 'learning_rate': 1.7464788732394366e-05, 'epoch': 0.13}
{'loss': 1.1008, 'grad_norm': 7.308139324188232, 'learning_rate': 1.744131455399061e-05, 'epoch': 0.13}
{'loss': 0.9431, 'grad_norm': 3.494018316268921, 'learning_rate': 1.7417840375586857e-05, 'epoch': 0.14}
{'loss': 1.0383, 'grad_norm': 4.392226219177246, 'learning_rate': 1.7394366197183098e-05, 'epoch': 0.14}
{'loss': 1.0342, 'grad_norm': 2.9882848262786865, 'learning_rate': 1.7370892018779345e-05, 'epoch': 0.14}
{'loss': 1.0481, 'grad_norm': 4.149989604949951, 'learning_rate': 1.734741784037559e-05, 'epoch': 0.14}
{'loss': 1.0762, 'grad_norm': 4.54316520690918, 'learning_rate': 1.732394366197183e-05, 'epoch': 0.14}
{'loss': 0.7877, 'grad_norm': 2.9881234169006348, 'learning_rate': 1.7300469483568077e-05, 'epoch': 0.14}
{'loss': 0.9243, 'grad_norm': 6.681937217712402, 'learning_rate': 1.727699530516432e-05, 'epoch': 0.14}
{'loss': 0.8836, 'grad_norm': 2.907676935195923, 'learning_rate': 1.7253521126760565e-05, 'epoch': 0.14}
{'loss': 0.9868, 'grad_norm': 6.762251853942871, 'learning_rate': 1.723004694835681e-05, 'epoch': 0.14}
{'loss': 1.1364, 'grad_norm': 4.2185163497924805, 'learning_rate': 1.7206572769953053e-05, 'epoch': 0.15}
{'loss': 1.198, 'grad_norm': 7.136598110198975, 'learning_rate': 1.7183098591549297e-05, 'epoch': 0.15}
{'loss': 1.1058, 'grad_norm': 6.364068508148193, 'learning_rate': 1.715962441314554e-05, 'epoch': 0.15}
{'loss': 1.3436, 'grad_norm': 7.2605299949646, 'learning_rate': 1.7136150234741785e-05, 'epoch': 0.15}
{'loss': 0.9323, 'grad_norm': 10.193737983703613, 'learning_rate': 1.711267605633803e-05, 'epoch': 0.15}
{'loss': 1.0902, 'grad_norm': 2.917834520339966, 'learning_rate': 1.7089201877934273e-05, 'epoch': 0.15}
{'loss': 1.2122, 'grad_norm': 3.2278530597686768, 'learning_rate': 1.706572769953052e-05, 'epoch': 0.15}
{'loss': 0.9404, 'grad_norm': 4.695783615112305, 'learning_rate': 1.704225352112676e-05, 'epoch': 0.15}
{'loss': 0.9902, 'grad_norm': 4.289105415344238, 'learning_rate': 1.7018779342723005e-05, 'epoch': 0.16}
{'loss': 1.1339, 'grad_norm': 3.0598814487457275, 'learning_rate': 1.6995305164319252e-05, 'epoch': 0.16}
{'loss': 1.073, 'grad_norm': 5.3467888832092285, 'learning_rate': 1.6971830985915493e-05, 'epoch': 0.16}
{'loss': 1.0426, 'grad_norm': 3.379178524017334, 'learning_rate': 1.694835680751174e-05, 'epoch': 0.16}
{'loss': 1.0816, 'grad_norm': 3.164689540863037, 'learning_rate': 1.692488262910798e-05, 'epoch': 0.16}
{'loss': 1.1937, 'grad_norm': 6.052738666534424, 'learning_rate': 1.6901408450704228e-05, 'epoch': 0.16}
{'loss': 1.1358, 'grad_norm': 2.1250247955322266, 'learning_rate': 1.6877934272300472e-05, 'epoch': 0.16}
{'loss': 1.0525, 'grad_norm': 3.1652305126190186, 'learning_rate': 1.6854460093896712e-05, 'epoch': 0.16}
{'loss': 0.9634, 'grad_norm': 3.108750343322754, 'learning_rate': 1.683098591549296e-05, 'epoch': 0.16}
{'loss': 1.1271, 'grad_norm': 3.775369882583618, 'learning_rate': 1.6807511737089204e-05, 'epoch': 0.17}
{'loss': 1.0194, 'grad_norm': 13.620460510253906, 'learning_rate': 1.6784037558685448e-05, 'epoch': 0.17}
{'loss': 1.0267, 'grad_norm': 4.41738748550415, 'learning_rate': 1.676056338028169e-05, 'epoch': 0.17}
{'loss': 1.074, 'grad_norm': 7.421496868133545, 'learning_rate': 1.6737089201877936e-05, 'epoch': 0.17}
{'loss': 0.8641, 'grad_norm': 10.67136001586914, 'learning_rate': 1.671361502347418e-05, 'epoch': 0.17}
{'loss': 0.8895, 'grad_norm': 3.817962408065796, 'learning_rate': 1.6690140845070424e-05, 'epoch': 0.17}
{'loss': 1.0532, 'grad_norm': 6.042748928070068, 'learning_rate': 1.6666666666666667e-05, 'epoch': 0.17}
{'loss': 1.1187, 'grad_norm': 5.159193992614746, 'learning_rate': 1.664319248826291e-05, 'epoch': 0.17}
{'loss': 1.2241, 'grad_norm': 10.013315200805664, 'learning_rate': 1.6619718309859155e-05, 'epoch': 0.18}
{'loss': 1.2048, 'grad_norm': 11.747572898864746, 'learning_rate': 1.6596244131455403e-05, 'epoch': 0.18}
{'loss': 1.0634, 'grad_norm': 5.4284162521362305, 'learning_rate': 1.6572769953051643e-05, 'epoch': 0.18}
{'loss': 0.8978, 'grad_norm': 13.832823753356934, 'learning_rate': 1.6549295774647887e-05, 'epoch': 0.18}
{'loss': 1.0436, 'grad_norm': 5.453903675079346, 'learning_rate': 1.6525821596244135e-05, 'epoch': 0.18}
{'loss': 0.9531, 'grad_norm': 10.117818832397461, 'learning_rate': 1.6502347417840375e-05, 'epoch': 0.18}
{'loss': 0.8851, 'grad_norm': 9.852285385131836, 'learning_rate': 1.6478873239436623e-05, 'epoch': 0.18}
{'loss': 0.9113, 'grad_norm': 1.8815091848373413, 'learning_rate': 1.6455399061032866e-05, 'epoch': 0.18}
{'loss': 0.9644, 'grad_norm': 5.181886672973633, 'learning_rate': 1.643192488262911e-05, 'epoch': 0.18}
{'loss': 1.098, 'grad_norm': 7.329431533813477, 'learning_rate': 1.6408450704225354e-05, 'epoch': 0.19}
{'loss': 1.0857, 'grad_norm': 3.939047336578369, 'learning_rate': 1.6384976525821595e-05, 'epoch': 0.19}
{'loss': 1.058, 'grad_norm': 2.7226059436798096, 'learning_rate': 1.6361502347417842e-05, 'epoch': 0.19}
{'loss': 1.2159, 'grad_norm': 4.05258846282959, 'learning_rate': 1.6338028169014086e-05, 'epoch': 0.19}
{'loss': 0.8979, 'grad_norm': 6.54224967956543, 'learning_rate': 1.631455399061033e-05, 'epoch': 0.19}
{'loss': 1.0736, 'grad_norm': 5.091447353363037, 'learning_rate': 1.6291079812206574e-05, 'epoch': 0.19}
{'loss': 1.2348, 'grad_norm': 5.501542091369629, 'learning_rate': 1.6267605633802818e-05, 'epoch': 0.19}
{'loss': 1.045, 'grad_norm': 7.6299920082092285, 'learning_rate': 1.6244131455399062e-05, 'epoch': 0.19}
{'loss': 0.962, 'grad_norm': 6.099549293518066, 'learning_rate': 1.6220657276995306e-05, 'epoch': 0.2}
{'loss': 1.2447, 'grad_norm': 5.269670009613037, 'learning_rate': 1.619718309859155e-05, 'epoch': 0.2}
{'loss': 1.0116, 'grad_norm': 3.864118814468384, 'learning_rate': 1.6173708920187794e-05, 'epoch': 0.2}
{'loss': 0.8099, 'grad_norm': 3.3336617946624756, 'learning_rate': 1.6150234741784038e-05, 'epoch': 0.2}
{'loss': 1.059, 'grad_norm': 2.6321561336517334, 'learning_rate': 1.6126760563380285e-05, 'epoch': 0.2}
{'loss': 1.2549, 'grad_norm': 3.42866849899292, 'learning_rate': 1.6103286384976526e-05, 'epoch': 0.2}
{'loss': 1.2051, 'grad_norm': 3.139676094055176, 'learning_rate': 1.607981220657277e-05, 'epoch': 0.2}
{'loss': 1.3495, 'grad_norm': 3.702476739883423, 'learning_rate': 1.6056338028169017e-05, 'epoch': 0.2}
{'loss': 1.0709, 'grad_norm': 3.376614570617676, 'learning_rate': 1.6032863849765258e-05, 'epoch': 0.2}
{'loss': 0.9893, 'grad_norm': 6.809634208679199, 'learning_rate': 1.6009389671361505e-05, 'epoch': 0.21}
{'loss': 1.1116, 'grad_norm': 3.9186789989471436, 'learning_rate': 1.598591549295775e-05, 'epoch': 0.21}
{'loss': 1.0051, 'grad_norm': 7.048899173736572, 'learning_rate': 1.5962441314553993e-05, 'epoch': 0.21}
{'loss': 1.128, 'grad_norm': 5.104241847991943, 'learning_rate': 1.5938967136150237e-05, 'epoch': 0.21}
{'loss': 1.2417, 'grad_norm': 3.6531364917755127, 'learning_rate': 1.591549295774648e-05, 'epoch': 0.21}
{'loss': 1.0311, 'grad_norm': 2.623148202896118, 'learning_rate': 1.5892018779342725e-05, 'epoch': 0.21}
{'loss': 1.3382, 'grad_norm': 5.523785591125488, 'learning_rate': 1.586854460093897e-05, 'epoch': 0.21}
{'loss': 1.1537, 'grad_norm': 7.9473724365234375, 'learning_rate': 1.5845070422535213e-05, 'epoch': 0.21}
{'loss': 0.8246, 'grad_norm': 15.652816772460938, 'learning_rate': 1.5821596244131457e-05, 'epoch': 0.21}
{'loss': 1.2533, 'grad_norm': 4.301156520843506, 'learning_rate': 1.57981220657277e-05, 'epoch': 0.22}
{'loss': 0.9824, 'grad_norm': 8.62820816040039, 'learning_rate': 1.5774647887323945e-05, 'epoch': 0.22}
{'loss': 0.7715, 'grad_norm': 3.6216766834259033, 'learning_rate': 1.575117370892019e-05, 'epoch': 0.22}
{'loss': 0.9644, 'grad_norm': 3.6551737785339355, 'learning_rate': 1.5727699530516433e-05, 'epoch': 0.22}
{'loss': 1.1107, 'grad_norm': 5.355144023895264, 'learning_rate': 1.5704225352112677e-05, 'epoch': 0.22}
{'loss': 1.2688, 'grad_norm': 5.985867500305176, 'learning_rate': 1.568075117370892e-05, 'epoch': 0.22}
{'loss': 1.1377, 'grad_norm': 14.327118873596191, 'learning_rate': 1.5657276995305168e-05, 'epoch': 0.22}
{'loss': 0.9404, 'grad_norm': 4.471195697784424, 'learning_rate': 1.563380281690141e-05, 'epoch': 0.22}
{'loss': 0.8888, 'grad_norm': 4.013989448547363, 'learning_rate': 1.5610328638497652e-05, 'epoch': 0.23}
{'loss': 1.1086, 'grad_norm': 5.162929534912109, 'learning_rate': 1.55868544600939e-05, 'epoch': 0.23}
{'loss': 1.1248, 'grad_norm': 4.005565166473389, 'learning_rate': 1.556338028169014e-05, 'epoch': 0.23}
{'loss': 1.0746, 'grad_norm': 6.969274044036865, 'learning_rate': 1.5539906103286388e-05, 'epoch': 0.23}
{'loss': 1.0559, 'grad_norm': 2.5484821796417236, 'learning_rate': 1.551643192488263e-05, 'epoch': 0.23}
{'loss': 0.9477, 'grad_norm': 3.580472707748413, 'learning_rate': 1.5492957746478872e-05, 'epoch': 0.23}
{'loss': 1.1091, 'grad_norm': 2.639819622039795, 'learning_rate': 1.546948356807512e-05, 'epoch': 0.23}
{'loss': 1.0042, 'grad_norm': 3.30391263961792, 'learning_rate': 1.5446009389671363e-05, 'epoch': 0.23}
































                                                 


                                               
[A


                                               [A
                                                 

                                                 

                                                 

                                                 

                                                 

                                                 

                                                 

                                                 

                                                 

                                                 

                                                 

                                                 

                                                 

                                                 

                                                 

                                                 

                                                 

                                                 

                                                 

                                                 

                                                 

                                                 

                                                 

                                                 

                                                 

                                                 

                                                 

                                                 

                                                 

                                                 

                                                 

                                                 

                                                 

                                                 

                                                 

                                                 

                                                 

                                                 

                                                 

                                                 

                                                 

                                                 

                                                 

                                                 

                                                 

                                                 

                                                 

                                                 

                                                 

                                                 

                                                 

                                                 

                                                 

                                                 

                                                 

                                                 

                                                 

                                                 

                                                 

                                                 

                                                 

                                                 

                                                 

                                                 

                                                 

                                                 

                                                 

                                                 

                                                 

                                                 

                                                 

                                                 

                                                 

                                                 

                                                 

                                                 

                                                 

                                                 

                                                 

                                                 

                                                 

                                                 

                                                 

                                                 

                                                 

                                                 

                                                 

                                                 

                                                 

                                                 

                                                 

                                                 

                                                 

                                                 

                                                 

                                                 

                                                 

                                                 

                                                 

                                                 

{'loss': 1.5112, 'grad_norm': 5.878607273101807, 'learning_rate': 1.5422535211267607e-05, 'epoch': 0.23}
{'loss': 1.1381, 'grad_norm': 5.179077625274658, 'learning_rate': 1.539906103286385e-05, 'epoch': 0.24}
{'loss': 0.9994, 'grad_norm': 5.9441447257995605, 'learning_rate': 1.5375586854460095e-05, 'epoch': 0.24}
{'loss': 0.9869, 'grad_norm': 3.5222764015197754, 'learning_rate': 1.535211267605634e-05, 'epoch': 0.24}
{'loss': 1.2203, 'grad_norm': 4.512645721435547, 'learning_rate': 1.5328638497652583e-05, 'epoch': 0.24}
{'loss': 0.9981, 'grad_norm': 5.100798606872559, 'learning_rate': 1.5305164319248827e-05, 'epoch': 0.24}
{'loss': 1.3405, 'grad_norm': 3.3446831703186035, 'learning_rate': 1.528169014084507e-05, 'epoch': 0.24}
{'loss': 1.0235, 'grad_norm': 1.9175840616226196, 'learning_rate': 1.5258215962441317e-05, 'epoch': 0.24}
{'loss': 1.0337, 'grad_norm': 4.000227451324463, 'learning_rate': 1.5234741784037559e-05, 'epoch': 0.24}
{'loss': 1.1759, 'grad_norm': 1.975569486618042, 'learning_rate': 1.5211267605633803e-05, 'epoch': 0.25}
{'loss': 1.2711, 'grad_norm': 8.076870918273926, 'learning_rate': 1.5187793427230049e-05, 'epoch': 0.25}
{'loss': 0.8842, 'grad_norm': 7.718151092529297, 'learning_rate': 1.5164319248826291e-05, 'epoch': 0.25}
{'loss': 0.8831, 'grad_norm': 5.433078289031982, 'learning_rate': 1.5140845070422537e-05, 'epoch': 0.25}
{'loss': 1.0576, 'grad_norm': 5.9006242752075195, 'learning_rate': 1.511737089201878e-05, 'epoch': 0.25}
{'loss': 1.0307, 'grad_norm': 4.051037788391113, 'learning_rate': 1.5093896713615025e-05, 'epoch': 0.25}
{'loss': 1.2289, 'grad_norm': 6.369931697845459, 'learning_rate': 1.5070422535211269e-05, 'epoch': 0.25}
{'loss': 0.9955, 'grad_norm': 4.213192939758301, 'learning_rate': 1.5046948356807514e-05, 'epoch': 0.25}
{'loss': 1.1403, 'grad_norm': 9.378732681274414, 'learning_rate': 1.5023474178403756e-05, 'epoch': 0.25}
{'loss': 0.9987, 'grad_norm': 2.324789524078369, 'learning_rate': 1.5000000000000002e-05, 'epoch': 0.26}
{'loss': 1.0302, 'grad_norm': 4.61155891418457, 'learning_rate': 1.4976525821596246e-05, 'epoch': 0.26}
{'loss': 0.7739, 'grad_norm': 4.5380048751831055, 'learning_rate': 1.4953051643192488e-05, 'epoch': 0.26}
{'loss': 0.9992, 'grad_norm': 5.140698432922363, 'learning_rate': 1.4929577464788734e-05, 'epoch': 0.26}
{'loss': 0.8932, 'grad_norm': 2.7748095989227295, 'learning_rate': 1.4906103286384978e-05, 'epoch': 0.26}
{'loss': 1.0616, 'grad_norm': 2.6294126510620117, 'learning_rate': 1.4882629107981222e-05, 'epoch': 0.26}
{'loss': 1.0889, 'grad_norm': 8.088586807250977, 'learning_rate': 1.4859154929577466e-05, 'epoch': 0.26}
{'loss': 1.2705, 'grad_norm': 3.682302713394165, 'learning_rate': 1.4835680751173711e-05, 'epoch': 0.26}
{'loss': 0.8613, 'grad_norm': 3.5396275520324707, 'learning_rate': 1.4812206572769954e-05, 'epoch': 0.27}
{'loss': 1.015, 'grad_norm': 2.6371607780456543, 'learning_rate': 1.47887323943662e-05, 'epoch': 0.27}
{'loss': 0.9138, 'grad_norm': 4.106351852416992, 'learning_rate': 1.4765258215962443e-05, 'epoch': 0.27}
{'loss': 1.0369, 'grad_norm': 9.331546783447266, 'learning_rate': 1.4741784037558686e-05, 'epoch': 0.27}
{'loss': 0.9713, 'grad_norm': 2.4814398288726807, 'learning_rate': 1.4718309859154931e-05, 'epoch': 0.27}
{'loss': 0.9356, 'grad_norm': 5.331273555755615, 'learning_rate': 1.4694835680751174e-05, 'epoch': 0.27}
{'loss': 0.9881, 'grad_norm': 3.8584256172180176, 'learning_rate': 1.467136150234742e-05, 'epoch': 0.27}
{'loss': 1.0003, 'grad_norm': 4.42732572555542, 'learning_rate': 1.4647887323943663e-05, 'epoch': 0.27}
{'loss': 0.9743, 'grad_norm': 5.165478229522705, 'learning_rate': 1.4624413145539907e-05, 'epoch': 0.27}
{'loss': 1.1019, 'grad_norm': 3.7508628368377686, 'learning_rate': 1.4600938967136151e-05, 'epoch': 0.28}
{'loss': 0.9971, 'grad_norm': 4.658308029174805, 'learning_rate': 1.4577464788732397e-05, 'epoch': 0.28}
{'loss': 1.1498, 'grad_norm': 4.528090000152588, 'learning_rate': 1.4553990610328639e-05, 'epoch': 0.28}
{'loss': 1.0407, 'grad_norm': 5.448600769042969, 'learning_rate': 1.4530516431924883e-05, 'epoch': 0.28}
{'loss': 1.031, 'grad_norm': 2.9941234588623047, 'learning_rate': 1.4507042253521129e-05, 'epoch': 0.28}
{'loss': 0.9532, 'grad_norm': 3.260958671569824, 'learning_rate': 1.4483568075117371e-05, 'epoch': 0.28}
{'loss': 1.0296, 'grad_norm': 6.015466213226318, 'learning_rate': 1.4460093896713617e-05, 'epoch': 0.28}
{'loss': 1.3078, 'grad_norm': 10.072569847106934, 'learning_rate': 1.443661971830986e-05, 'epoch': 0.28}
{'loss': 1.1243, 'grad_norm': 4.892251968383789, 'learning_rate': 1.4413145539906104e-05, 'epoch': 0.28}
{'loss': 1.1439, 'grad_norm': 7.8466997146606445, 'learning_rate': 1.4389671361502348e-05, 'epoch': 0.29}
{'loss': 1.0545, 'grad_norm': 6.487884044647217, 'learning_rate': 1.4366197183098594e-05, 'epoch': 0.29}
{'loss': 1.1489, 'grad_norm': 9.531730651855469, 'learning_rate': 1.4342723004694836e-05, 'epoch': 0.29}
{'loss': 0.9517, 'grad_norm': 4.792322158813477, 'learning_rate': 1.4319248826291082e-05, 'epoch': 0.29}
{'loss': 1.2453, 'grad_norm': 13.275498390197754, 'learning_rate': 1.4295774647887326e-05, 'epoch': 0.29}
{'loss': 1.2436, 'grad_norm': 5.634265899658203, 'learning_rate': 1.4272300469483568e-05, 'epoch': 0.29}
{'loss': 0.9521, 'grad_norm': 3.0345311164855957, 'learning_rate': 1.4248826291079814e-05, 'epoch': 0.29}
{'loss': 0.9953, 'grad_norm': 5.736004829406738, 'learning_rate': 1.4225352112676058e-05, 'epoch': 0.29}
{'loss': 1.0155, 'grad_norm': 2.983652353286743, 'learning_rate': 1.4201877934272302e-05, 'epoch': 0.3}
{'loss': 0.8116, 'grad_norm': 2.435427665710449, 'learning_rate': 1.4178403755868546e-05, 'epoch': 0.3}
{'loss': 0.9032, 'grad_norm': 6.096615791320801, 'learning_rate': 1.4154929577464788e-05, 'epoch': 0.3}
{'loss': 1.0876, 'grad_norm': 4.481095314025879, 'learning_rate': 1.4131455399061034e-05, 'epoch': 0.3}
{'loss': 1.0281, 'grad_norm': 7.099756240844727, 'learning_rate': 1.410798122065728e-05, 'epoch': 0.3}
{'loss': 1.3325, 'grad_norm': 7.630003452301025, 'learning_rate': 1.4084507042253522e-05, 'epoch': 0.3}
{'loss': 1.1417, 'grad_norm': 6.135819911956787, 'learning_rate': 1.4061032863849765e-05, 'epoch': 0.3}
{'loss': 1.0475, 'grad_norm': 7.918190002441406, 'learning_rate': 1.4037558685446011e-05, 'epoch': 0.3}
{'loss': 1.108, 'grad_norm': 3.509171962738037, 'learning_rate': 1.4014084507042253e-05, 'epoch': 0.3}
{'loss': 0.9992, 'grad_norm': 3.934511423110962, 'learning_rate': 1.3990610328638499e-05, 'epoch': 0.31}
{'loss': 1.0509, 'grad_norm': 7.0047197341918945, 'learning_rate': 1.3967136150234743e-05, 'epoch': 0.31}
{'loss': 1.0512, 'grad_norm': 6.4443817138671875, 'learning_rate': 1.3943661971830987e-05, 'epoch': 0.31}
{'loss': 0.7987, 'grad_norm': 2.815790891647339, 'learning_rate': 1.3920187793427231e-05, 'epoch': 0.31}
{'loss': 1.205, 'grad_norm': 6.163039207458496, 'learning_rate': 1.3896713615023477e-05, 'epoch': 0.31}
{'loss': 1.2153, 'grad_norm': 7.533703327178955, 'learning_rate': 1.3873239436619719e-05, 'epoch': 0.31}
{'loss': 0.9317, 'grad_norm': 17.347702026367188, 'learning_rate': 1.3849765258215963e-05, 'epoch': 0.31}
{'loss': 1.2266, 'grad_norm': 6.927211761474609, 'learning_rate': 1.3826291079812208e-05, 'epoch': 0.31}
{'loss': 1.0927, 'grad_norm': 7.004647254943848, 'learning_rate': 1.380281690140845e-05, 'epoch': 0.32}
{'loss': 1.07, 'grad_norm': 4.104487419128418, 'learning_rate': 1.3779342723004696e-05, 'epoch': 0.32}
{'loss': 0.92, 'grad_norm': 2.4959068298339844, 'learning_rate': 1.375586854460094e-05, 'epoch': 0.32}
{'loss': 0.9902, 'grad_norm': 5.3695387840271, 'learning_rate': 1.3732394366197184e-05, 'epoch': 0.32}
{'loss': 1.1292, 'grad_norm': 2.9416277408599854, 'learning_rate': 1.3708920187793428e-05, 'epoch': 0.32}
{'loss': 1.0794, 'grad_norm': 5.442897319793701, 'learning_rate': 1.3685446009389674e-05, 'epoch': 0.32}
{'loss': 0.8909, 'grad_norm': 2.009655237197876, 'learning_rate': 1.3661971830985916e-05, 'epoch': 0.32}
{'loss': 1.0959, 'grad_norm': 4.0209760665893555, 'learning_rate': 1.3638497652582162e-05, 'epoch': 0.32}
{'loss': 0.9496, 'grad_norm': 4.363565921783447, 'learning_rate': 1.3615023474178406e-05, 'epoch': 0.32}
{'loss': 1.0205, 'grad_norm': 5.13760232925415, 'learning_rate': 1.3591549295774648e-05, 'epoch': 0.33}
{'loss': 0.902, 'grad_norm': 3.2766852378845215, 'learning_rate': 1.3568075117370894e-05, 'epoch': 0.33}
{'loss': 1.249, 'grad_norm': 7.159839153289795, 'learning_rate': 1.3544600938967136e-05, 'epoch': 0.33}
{'loss': 1.3582, 'grad_norm': 7.010753154754639, 'learning_rate': 1.3521126760563382e-05, 'epoch': 0.33}
{'loss': 1.3001, 'grad_norm': 9.920456886291504, 'learning_rate': 1.3497652582159626e-05, 'epoch': 0.33}
{'loss': 1.1731, 'grad_norm': 6.29241418838501, 'learning_rate': 1.347417840375587e-05, 'epoch': 0.33}
{'loss': 1.1171, 'grad_norm': 13.381970405578613, 'learning_rate': 1.3450704225352114e-05, 'epoch': 0.33}
{'loss': 1.0486, 'grad_norm': 3.5581984519958496, 'learning_rate': 1.342723004694836e-05, 'epoch': 0.33}
{'loss': 0.955, 'grad_norm': 4.140208721160889, 'learning_rate': 1.3403755868544601e-05, 'epoch': 0.34}
{'loss': 0.9343, 'grad_norm': 5.640246868133545, 'learning_rate': 1.3380281690140845e-05, 'epoch': 0.34}
{'loss': 1.0594, 'grad_norm': 4.956854820251465, 'learning_rate': 1.3356807511737091e-05, 'epoch': 0.34}
{'loss': 1.2097, 'grad_norm': 6.0073747634887695, 'learning_rate': 1.3333333333333333e-05, 'epoch': 0.34}
{'loss': 1.0246, 'grad_norm': 4.509467124938965, 'learning_rate': 1.3309859154929579e-05, 'epoch': 0.34}
{'loss': 0.9225, 'grad_norm': 3.212745428085327, 'learning_rate': 1.3286384976525823e-05, 'epoch': 0.34}
{'loss': 1.0897, 'grad_norm': 2.793527841567993, 'learning_rate': 1.3262910798122067e-05, 'epoch': 0.34}
{'loss': 1.1704, 'grad_norm': 4.930813789367676, 'learning_rate': 1.323943661971831e-05, 'epoch': 0.34}
{'loss': 1.0656, 'grad_norm': 5.29163932800293, 'learning_rate': 1.3215962441314556e-05, 'epoch': 0.34}
{'loss': 1.1178, 'grad_norm': 4.357109069824219, 'learning_rate': 1.3192488262910799e-05, 'epoch': 0.35}
{'loss': 0.7976, 'grad_norm': 4.496533393859863, 'learning_rate': 1.3169014084507044e-05, 'epoch': 0.35}
{'loss': 1.1242, 'grad_norm': 2.3558509349823, 'learning_rate': 1.3145539906103288e-05, 'epoch': 0.35}
{'loss': 1.351, 'grad_norm': 3.0136942863464355, 'learning_rate': 1.312206572769953e-05, 'epoch': 0.35}
{'loss': 0.8709, 'grad_norm': 2.50164532661438, 'learning_rate': 1.3098591549295776e-05, 'epoch': 0.35}
































                                                 


                                               
[A


                                               [A
                                                 

                                                 

                                                 

                                                 

                                                 

                                                 

                                                 

                                                 

                                                 

                                                 

                                                 

                                                 

                                                 

                                                 

                                                 

                                                 

                                                 

                                                 

                                                 

                                                 

                                                 

                                                 

                                                 

                                                 

                                                 

                                                 

                                                 

                                                 

                                                 

                                                 

                                                 

                                                 

                                                 

                                                 

                                                 

                                                 

                                                 

                                                 

                                                 

                                                 

                                                 

                                                 

                                                 

                                                 

                                                 

                                                 

                                                 

                                                 

                                                 

                                                 

                                                 

                                                 

                                                 

                                                 

                                                 

                                                 

                                                 

                                                 

                                                 

                                                 

                                                 

                                                 

                                                 

                                                 

                                                 

                                                 

                                                 

                                                 

                                                 

                                                 

                                                 

                                                 

                                                 

                                                 

                                                 

                                                 

                                                 

                                                 

                                                 

                                                 

                                                 

                                                 

                                                 

                                                 

                                                 

                                                 

                                                 

                                                 

                                                 

                                                 

                                                 

                                                 

                                                 

                                                 

                                                 

                                                 

                                                 

                                                 

                                                 

                                                 

{'loss': 1.0823, 'grad_norm': 3.8931612968444824, 'learning_rate': 1.307511737089202e-05, 'epoch': 0.35}
{'loss': 0.9027, 'grad_norm': 3.578279495239258, 'learning_rate': 1.3051643192488264e-05, 'epoch': 0.35}
{'loss': 0.9491, 'grad_norm': 5.757164001464844, 'learning_rate': 1.3028169014084508e-05, 'epoch': 0.35}
{'loss': 0.9378, 'grad_norm': 3.1828384399414062, 'learning_rate': 1.300469483568075e-05, 'epoch': 0.36}
{'loss': 1.09, 'grad_norm': 7.611078262329102, 'learning_rate': 1.2981220657276996e-05, 'epoch': 0.36}
{'loss': 1.0135, 'grad_norm': 5.038415431976318, 'learning_rate': 1.2957746478873242e-05, 'epoch': 0.36}
{'loss': 1.3375, 'grad_norm': 2.433647632598877, 'learning_rate': 1.2934272300469484e-05, 'epoch': 0.36}
{'loss': 0.9972, 'grad_norm': 2.96126127243042, 'learning_rate': 1.2910798122065728e-05, 'epoch': 0.36}
{'loss': 0.8625, 'grad_norm': 6.116596221923828, 'learning_rate': 1.2887323943661974e-05, 'epoch': 0.36}
{'loss': 1.1639, 'grad_norm': 9.94684886932373, 'learning_rate': 1.2863849765258216e-05, 'epoch': 0.36}
{'loss': 0.9204, 'grad_norm': 2.781644344329834, 'learning_rate': 1.2840375586854462e-05, 'epoch': 0.36}
{'loss': 1.0955, 'grad_norm': 2.4816627502441406, 'learning_rate': 1.2816901408450705e-05, 'epoch': 0.36}
{'loss': 0.8092, 'grad_norm': 2.9522323608398438, 'learning_rate': 1.279342723004695e-05, 'epoch': 0.37}
{'loss': 1.2495, 'grad_norm': 3.405930995941162, 'learning_rate': 1.2769953051643193e-05, 'epoch': 0.37}
{'loss': 0.989, 'grad_norm': 5.371122360229492, 'learning_rate': 1.2746478873239439e-05, 'epoch': 0.37}
{'loss': 0.9754, 'grad_norm': 3.419922351837158, 'learning_rate': 1.2723004694835681e-05, 'epoch': 0.37}
{'loss': 1.1448, 'grad_norm': 3.9456140995025635, 'learning_rate': 1.2699530516431925e-05, 'epoch': 0.37}
{'loss': 1.0193, 'grad_norm': 4.496561527252197, 'learning_rate': 1.2676056338028171e-05, 'epoch': 0.37}
{'loss': 0.8886, 'grad_norm': 14.364632606506348, 'learning_rate': 1.2652582159624413e-05, 'epoch': 0.37}
{'loss': 0.9654, 'grad_norm': 3.62247371673584, 'learning_rate': 1.2629107981220659e-05, 'epoch': 0.37}
{'loss': 1.1643, 'grad_norm': 2.4892733097076416, 'learning_rate': 1.2605633802816903e-05, 'epoch': 0.37}
{'loss': 1.1654, 'grad_norm': 4.572332382202148, 'learning_rate': 1.2582159624413147e-05, 'epoch': 0.38}
{'loss': 1.1402, 'grad_norm': 10.87885570526123, 'learning_rate': 1.255868544600939e-05, 'epoch': 0.38}
{'loss': 0.9198, 'grad_norm': 4.493193626403809, 'learning_rate': 1.2535211267605636e-05, 'epoch': 0.38}
{'loss': 1.14, 'grad_norm': 6.769503593444824, 'learning_rate': 1.2511737089201879e-05, 'epoch': 0.38}
{'loss': 1.1079, 'grad_norm': 4.246788501739502, 'learning_rate': 1.2488262910798124e-05, 'epoch': 0.38}
{'loss': 1.1288, 'grad_norm': 15.575428009033203, 'learning_rate': 1.2464788732394367e-05, 'epoch': 0.38}
{'loss': 0.9661, 'grad_norm': 3.465898275375366, 'learning_rate': 1.244131455399061e-05, 'epoch': 0.38}
{'loss': 1.1729, 'grad_norm': 4.711140155792236, 'learning_rate': 1.2417840375586856e-05, 'epoch': 0.38}
{'loss': 1.3175, 'grad_norm': 8.226244926452637, 'learning_rate': 1.2394366197183098e-05, 'epoch': 0.39}
{'loss': 0.978, 'grad_norm': 7.9309163093566895, 'learning_rate': 1.2370892018779344e-05, 'epoch': 0.39}
{'loss': 1.0077, 'grad_norm': 4.0078349113464355, 'learning_rate': 1.2347417840375588e-05, 'epoch': 0.39}
{'loss': 0.9494, 'grad_norm': 3.955307960510254, 'learning_rate': 1.232394366197183e-05, 'epoch': 0.39}
{'loss': 1.2358, 'grad_norm': 4.3191070556640625, 'learning_rate': 1.2300469483568076e-05, 'epoch': 0.39}
{'loss': 1.1674, 'grad_norm': 4.194467544555664, 'learning_rate': 1.2276995305164322e-05, 'epoch': 0.39}
{'loss': 0.8423, 'grad_norm': 6.577661991119385, 'learning_rate': 1.2253521126760564e-05, 'epoch': 0.39}
{'loss': 1.1019, 'grad_norm': 8.096541404724121, 'learning_rate': 1.2230046948356808e-05, 'epoch': 0.39}
{'loss': 1.3522, 'grad_norm': 10.844428062438965, 'learning_rate': 1.2206572769953053e-05, 'epoch': 0.39}
{'loss': 0.9996, 'grad_norm': 11.312310218811035, 'learning_rate': 1.2183098591549296e-05, 'epoch': 0.4}
{'loss': 1.058, 'grad_norm': 7.061802864074707, 'learning_rate': 1.2159624413145541e-05, 'epoch': 0.4}
{'loss': 1.1532, 'grad_norm': 5.796864986419678, 'learning_rate': 1.2136150234741785e-05, 'epoch': 0.4}
{'loss': 1.0318, 'grad_norm': 6.959125518798828, 'learning_rate': 1.211267605633803e-05, 'epoch': 0.4}
{'loss': 1.2991, 'grad_norm': 7.413399696350098, 'learning_rate': 1.2089201877934273e-05, 'epoch': 0.4}
{'loss': 0.9993, 'grad_norm': 3.9667694568634033, 'learning_rate': 1.2065727699530519e-05, 'epoch': 0.4}
{'loss': 1.2136, 'grad_norm': 4.689706325531006, 'learning_rate': 1.2042253521126761e-05, 'epoch': 0.4}
{'loss': 0.958, 'grad_norm': 7.066659927368164, 'learning_rate': 1.2018779342723005e-05, 'epoch': 0.4}
{'loss': 0.8938, 'grad_norm': 2.5092415809631348, 'learning_rate': 1.199530516431925e-05, 'epoch': 0.41}
{'loss': 0.9662, 'grad_norm': 2.6881916522979736, 'learning_rate': 1.1971830985915493e-05, 'epoch': 0.41}
{'loss': 1.1056, 'grad_norm': 11.546817779541016, 'learning_rate': 1.1948356807511739e-05, 'epoch': 0.41}
{'loss': 1.0282, 'grad_norm': 8.287372589111328, 'learning_rate': 1.1924882629107981e-05, 'epoch': 0.41}
{'loss': 1.1081, 'grad_norm': 5.258244514465332, 'learning_rate': 1.1901408450704227e-05, 'epoch': 0.41}
{'loss': 1.1351, 'grad_norm': 3.256255626678467, 'learning_rate': 1.187793427230047e-05, 'epoch': 0.41}
{'loss': 1.1752, 'grad_norm': 7.256468296051025, 'learning_rate': 1.1854460093896713e-05, 'epoch': 0.41}
{'loss': 1.1385, 'grad_norm': 5.666477203369141, 'learning_rate': 1.1830985915492958e-05, 'epoch': 0.41}
{'loss': 1.064, 'grad_norm': 3.505829334259033, 'learning_rate': 1.1807511737089204e-05, 'epoch': 0.41}
{'loss': 0.8664, 'grad_norm': 2.73641300201416, 'learning_rate': 1.1784037558685446e-05, 'epoch': 0.42}
{'loss': 0.915, 'grad_norm': 3.624643325805664, 'learning_rate': 1.176056338028169e-05, 'epoch': 0.42}
{'loss': 0.8974, 'grad_norm': 4.312114238739014, 'learning_rate': 1.1737089201877936e-05, 'epoch': 0.42}
{'loss': 1.0425, 'grad_norm': 5.368894100189209, 'learning_rate': 1.1713615023474178e-05, 'epoch': 0.42}
{'loss': 1.0863, 'grad_norm': 6.2583208084106445, 'learning_rate': 1.1690140845070424e-05, 'epoch': 0.42}
{'loss': 1.0706, 'grad_norm': 6.68222188949585, 'learning_rate': 1.1666666666666668e-05, 'epoch': 0.42}
{'loss': 0.9892, 'grad_norm': 7.660567283630371, 'learning_rate': 1.1643192488262912e-05, 'epoch': 0.42}
{'loss': 1.1105, 'grad_norm': 9.000494003295898, 'learning_rate': 1.1619718309859156e-05, 'epoch': 0.42}
{'loss': 1.1948, 'grad_norm': 5.963170051574707, 'learning_rate': 1.1596244131455401e-05, 'epoch': 0.43}
{'loss': 1.2748, 'grad_norm': 14.173388481140137, 'learning_rate': 1.1572769953051644e-05, 'epoch': 0.43}
{'loss': 1.0112, 'grad_norm': 3.7316253185272217, 'learning_rate': 1.1549295774647888e-05, 'epoch': 0.43}
{'loss': 1.0221, 'grad_norm': 4.914682865142822, 'learning_rate': 1.1525821596244133e-05, 'epoch': 0.43}
{'loss': 1.0659, 'grad_norm': 5.6701202392578125, 'learning_rate': 1.1502347417840376e-05, 'epoch': 0.43}
{'loss': 1.0221, 'grad_norm': 3.8968381881713867, 'learning_rate': 1.1478873239436621e-05, 'epoch': 0.43}
{'loss': 1.4429, 'grad_norm': 3.7258687019348145, 'learning_rate': 1.1455399061032865e-05, 'epoch': 0.43}
{'loss': 1.1973, 'grad_norm': 15.55800724029541, 'learning_rate': 1.143192488262911e-05, 'epoch': 0.43}
{'loss': 0.9924, 'grad_norm': 2.9666857719421387, 'learning_rate': 1.1408450704225353e-05, 'epoch': 0.43}
{'loss': 0.9652, 'grad_norm': 2.713972806930542, 'learning_rate': 1.1384976525821595e-05, 'epoch': 0.44}
{'loss': 1.1753, 'grad_norm': 5.618329048156738, 'learning_rate': 1.1361502347417841e-05, 'epoch': 0.44}
{'loss': 1.4781, 'grad_norm': 7.053885459899902, 'learning_rate': 1.1338028169014087e-05, 'epoch': 0.44}
{'loss': 1.1647, 'grad_norm': 4.15228271484375, 'learning_rate': 1.1314553990610329e-05, 'epoch': 0.44}
{'loss': 1.4806, 'grad_norm': 6.184202194213867, 'learning_rate': 1.1291079812206573e-05, 'epoch': 0.44}
{'loss': 1.065, 'grad_norm': 3.183192253112793, 'learning_rate': 1.1267605633802819e-05, 'epoch': 0.44}
{'loss': 0.9842, 'grad_norm': 5.920071125030518, 'learning_rate': 1.1244131455399061e-05, 'epoch': 0.44}
{'loss': 0.9328, 'grad_norm': 6.238455772399902, 'learning_rate': 1.1220657276995307e-05, 'epoch': 0.44}
{'loss': 1.1029, 'grad_norm': 4.768926620483398, 'learning_rate': 1.119718309859155e-05, 'epoch': 0.44}
{'loss': 0.9587, 'grad_norm': 5.498300552368164, 'learning_rate': 1.1173708920187793e-05, 'epoch': 0.45}
{'loss': 1.0798, 'grad_norm': 4.035444736480713, 'learning_rate': 1.1150234741784038e-05, 'epoch': 0.45}
{'loss': 1.0372, 'grad_norm': 2.9442033767700195, 'learning_rate': 1.1126760563380284e-05, 'epoch': 0.45}
{'loss': 0.9936, 'grad_norm': 5.481814861297607, 'learning_rate': 1.1103286384976526e-05, 'epoch': 0.45}
{'loss': 1.1118, 'grad_norm': 4.224843978881836, 'learning_rate': 1.107981220657277e-05, 'epoch': 0.45}
{'loss': 0.8629, 'grad_norm': 4.919773578643799, 'learning_rate': 1.1056338028169016e-05, 'epoch': 0.45}
{'loss': 0.8692, 'grad_norm': 6.529365062713623, 'learning_rate': 1.1032863849765258e-05, 'epoch': 0.45}
{'loss': 1.0819, 'grad_norm': 4.500893592834473, 'learning_rate': 1.1009389671361504e-05, 'epoch': 0.45}
{'loss': 1.1398, 'grad_norm': 5.41135835647583, 'learning_rate': 1.0985915492957748e-05, 'epoch': 0.46}
{'loss': 0.918, 'grad_norm': 2.3610665798187256, 'learning_rate': 1.0962441314553992e-05, 'epoch': 0.46}
{'loss': 1.0974, 'grad_norm': 5.529834270477295, 'learning_rate': 1.0938967136150236e-05, 'epoch': 0.46}
{'loss': 0.9321, 'grad_norm': 2.4401230812072754, 'learning_rate': 1.0915492957746481e-05, 'epoch': 0.46}
{'loss': 1.1982, 'grad_norm': 7.519296169281006, 'learning_rate': 1.0892018779342724e-05, 'epoch': 0.46}
{'loss': 1.0871, 'grad_norm': 8.160077095031738, 'learning_rate': 1.0868544600938968e-05, 'epoch': 0.46}
{'loss': 0.9829, 'grad_norm': 8.526323318481445, 'learning_rate': 1.0845070422535213e-05, 'epoch': 0.46}
{'loss': 0.981, 'grad_norm': 4.117048740386963, 'learning_rate': 1.0821596244131455e-05, 'epoch': 0.46}
{'loss': 0.8624, 'grad_norm': 5.256363391876221, 'learning_rate': 1.0798122065727701e-05, 'epoch': 0.46}
{'loss': 1.09, 'grad_norm': 5.360799312591553, 'learning_rate': 1.0774647887323943e-05, 'epoch': 0.47}
{'loss': 1.0347, 'grad_norm': 3.3456058502197266, 'learning_rate': 1.0751173708920189e-05, 'epoch': 0.47}
































                                                 


                                               
[A


                                               [A
                                                 

                                                 

                                                 

                                                 

                                                 

                                                 

                                                 

                                                 

                                                 

                                                 

                                                 

                                                 

                                                 

                                                 

                                                 

                                                 

                                                 

                                                 

                                                 

                                                 

                                                 

                                                 

                                                 

                                                 

                                                 

                                                 

                                                 

                                                 

                                                 

                                                 

                                                 

                                                 

                                                 

                                                 

                                                 

                                                 

                                                 

                                                 

                                                 

                                                 

                                                 

                                                 

                                                 

                                                 

                                                 

                                                 

                                                 

                                                 

                                                 

                                                 

                                                 

                                                 

                                                 

                                                 

                                                 

                                                 

                                                 

                                                 

                                                 

                                                 

                                                 

                                                 

                                                 

                                                 

                                                 

                                                 

                                                 

                                                 

                                                 

                                                 

                                                 

                                                 

                                                 

                                                 

                                                 

                                                 

                                                 

                                                 

                                                 

                                                 

                                                 

                                                 

                                                 

                                                 

                                                 

                                                 

                                                 

                                                 

                                                 

                                                 

                                                 

                                                 

                                                 

                                                 

                                                 

                                                 

                                                 

                                                 

                                                 

                                                 

{'loss': 1.0386, 'grad_norm': 5.947460651397705, 'learning_rate': 1.0727699530516433e-05, 'epoch': 0.47}
{'loss': 1.0756, 'grad_norm': 5.329513072967529, 'learning_rate': 1.0704225352112675e-05, 'epoch': 0.47}
{'loss': 1.1015, 'grad_norm': 5.524516582489014, 'learning_rate': 1.0680751173708921e-05, 'epoch': 0.47}
{'loss': 1.1142, 'grad_norm': 7.7705159187316895, 'learning_rate': 1.0657276995305167e-05, 'epoch': 0.47}
{'loss': 1.018, 'grad_norm': 7.955875873565674, 'learning_rate': 1.0633802816901409e-05, 'epoch': 0.47}
{'loss': 1.1024, 'grad_norm': 3.7408299446105957, 'learning_rate': 1.0610328638497653e-05, 'epoch': 0.47}
{'loss': 1.1656, 'grad_norm': 11.681106567382812, 'learning_rate': 1.0586854460093898e-05, 'epoch': 0.48}
{'loss': 1.1558, 'grad_norm': 6.4310736656188965, 'learning_rate': 1.056338028169014e-05, 'epoch': 0.48}
{'loss': 1.2568, 'grad_norm': 12.774765014648438, 'learning_rate': 1.0539906103286386e-05, 'epoch': 0.48}
{'loss': 0.9583, 'grad_norm': 4.465895175933838, 'learning_rate': 1.051643192488263e-05, 'epoch': 0.48}
{'loss': 1.3794, 'grad_norm': 8.257468223571777, 'learning_rate': 1.0492957746478873e-05, 'epoch': 0.48}
{'loss': 1.1786, 'grad_norm': 4.272268772125244, 'learning_rate': 1.0469483568075118e-05, 'epoch': 0.48}
{'loss': 0.908, 'grad_norm': 4.686528205871582, 'learning_rate': 1.0446009389671364e-05, 'epoch': 0.48}
{'loss': 0.7897, 'grad_norm': 4.240123271942139, 'learning_rate': 1.0422535211267606e-05, 'epoch': 0.48}
{'loss': 0.8174, 'grad_norm': 2.4596192836761475, 'learning_rate': 1.039906103286385e-05, 'epoch': 0.48}
{'loss': 0.8924, 'grad_norm': 4.9736785888671875, 'learning_rate': 1.0375586854460096e-05, 'epoch': 0.49}
{'loss': 0.9649, 'grad_norm': 6.283095836639404, 'learning_rate': 1.0352112676056338e-05, 'epoch': 0.49}
{'loss': 1.1074, 'grad_norm': 4.853506088256836, 'learning_rate': 1.0328638497652584e-05, 'epoch': 0.49}
{'loss': 1.2647, 'grad_norm': 3.638688087463379, 'learning_rate': 1.0305164319248828e-05, 'epoch': 0.49}
{'loss': 1.1297, 'grad_norm': 4.281625270843506, 'learning_rate': 1.0281690140845072e-05, 'epoch': 0.49}
{'loss': 1.1247, 'grad_norm': 5.140675067901611, 'learning_rate': 1.0258215962441316e-05, 'epoch': 0.49}
{'loss': 0.9197, 'grad_norm': 7.337100028991699, 'learning_rate': 1.0234741784037558e-05, 'epoch': 0.49}
{'loss': 1.0103, 'grad_norm': 5.777780055999756, 'learning_rate': 1.0211267605633803e-05, 'epoch': 0.49}
{'loss': 1.3212, 'grad_norm': 7.415844917297363, 'learning_rate': 1.0187793427230047e-05, 'epoch': 0.5}
{'loss': 1.1065, 'grad_norm': 5.714020729064941, 'learning_rate': 1.0164319248826291e-05, 'epoch': 0.5}
{'loss': 0.9664, 'grad_norm': 8.071914672851562, 'learning_rate': 1.0140845070422535e-05, 'epoch': 0.5}
{'loss': 1.035, 'grad_norm': 2.808236598968506, 'learning_rate': 1.0117370892018781e-05, 'epoch': 0.5}
{'loss': 1.2533, 'grad_norm': 3.686521291732788, 'learning_rate': 1.0093896713615023e-05, 'epoch': 0.5}
{'loss': 1.3061, 'grad_norm': 5.528664588928223, 'learning_rate': 1.0070422535211269e-05, 'epoch': 0.5}
{'loss': 0.802, 'grad_norm': 3.9036037921905518, 'learning_rate': 1.0046948356807513e-05, 'epoch': 0.5}
{'loss': 1.0427, 'grad_norm': 2.681143045425415, 'learning_rate': 1.0023474178403755e-05, 'epoch': 0.5}
{'loss': 0.9379, 'grad_norm': 5.133101463317871, 'learning_rate': 1e-05, 'epoch': 0.5}
{'loss': 0.98, 'grad_norm': 8.261345863342285, 'learning_rate': 9.976525821596245e-06, 'epoch': 0.51}
{'loss': 0.9576, 'grad_norm': 10.892535209655762, 'learning_rate': 9.953051643192489e-06, 'epoch': 0.51}
{'loss': 1.0621, 'grad_norm': 4.281530857086182, 'learning_rate': 9.929577464788733e-06, 'epoch': 0.51}
{'loss': 1.2338, 'grad_norm': 5.483104705810547, 'learning_rate': 9.906103286384977e-06, 'epoch': 0.51}
{'loss': 1.0695, 'grad_norm': 4.924612045288086, 'learning_rate': 9.882629107981222e-06, 'epoch': 0.51}
{'loss': 1.1959, 'grad_norm': 2.7874391078948975, 'learning_rate': 9.859154929577466e-06, 'epoch': 0.51}
{'loss': 1.0784, 'grad_norm': 2.8966498374938965, 'learning_rate': 9.83568075117371e-06, 'epoch': 0.51}
{'loss': 1.1015, 'grad_norm': 4.8331193923950195, 'learning_rate': 9.812206572769954e-06, 'epoch': 0.51}
{'loss': 0.9836, 'grad_norm': 3.875437021255493, 'learning_rate': 9.788732394366198e-06, 'epoch': 0.52}
{'loss': 1.0048, 'grad_norm': 5.739890098571777, 'learning_rate': 9.765258215962442e-06, 'epoch': 0.52}
{'loss': 1.1018, 'grad_norm': 6.951717853546143, 'learning_rate': 9.741784037558686e-06, 'epoch': 0.52}
{'loss': 1.0685, 'grad_norm': 6.598295211791992, 'learning_rate': 9.71830985915493e-06, 'epoch': 0.52}
{'loss': 1.2369, 'grad_norm': 5.000829696655273, 'learning_rate': 9.694835680751174e-06, 'epoch': 0.52}
{'loss': 1.1885, 'grad_norm': 7.429317474365234, 'learning_rate': 9.671361502347418e-06, 'epoch': 0.52}
{'loss': 1.2873, 'grad_norm': 8.67653751373291, 'learning_rate': 9.647887323943664e-06, 'epoch': 0.52}
{'loss': 1.1338, 'grad_norm': 4.679878234863281, 'learning_rate': 9.624413145539908e-06, 'epoch': 0.52}
{'loss': 0.9602, 'grad_norm': 3.4001455307006836, 'learning_rate': 9.600938967136152e-06, 'epoch': 0.52}
{'loss': 0.9439, 'grad_norm': 6.18965482711792, 'learning_rate': 9.577464788732394e-06, 'epoch': 0.53}
{'loss': 0.8914, 'grad_norm': 4.429534912109375, 'learning_rate': 9.55399061032864e-06, 'epoch': 0.53}
{'loss': 1.2032, 'grad_norm': 5.300232887268066, 'learning_rate': 9.530516431924883e-06, 'epoch': 0.53}
{'loss': 1.0056, 'grad_norm': 4.264599800109863, 'learning_rate': 9.507042253521127e-06, 'epoch': 0.53}
{'loss': 1.2983, 'grad_norm': 4.808988571166992, 'learning_rate': 9.483568075117371e-06, 'epoch': 0.53}
{'loss': 1.0187, 'grad_norm': 4.063093662261963, 'learning_rate': 9.460093896713615e-06, 'epoch': 0.53}
{'loss': 0.8384, 'grad_norm': 2.8029286861419678, 'learning_rate': 9.43661971830986e-06, 'epoch': 0.53}
{'loss': 1.1573, 'grad_norm': 8.056989669799805, 'learning_rate': 9.413145539906105e-06, 'epoch': 0.53}
{'loss': 0.8383, 'grad_norm': 5.3973069190979, 'learning_rate': 9.389671361502349e-06, 'epoch': 0.53}
{'loss': 1.2477, 'grad_norm': 6.708675384521484, 'learning_rate': 9.366197183098593e-06, 'epoch': 0.54}
{'loss': 1.1018, 'grad_norm': 3.2960116863250732, 'learning_rate': 9.342723004694837e-06, 'epoch': 0.54}
{'loss': 1.1908, 'grad_norm': 4.9435272216796875, 'learning_rate': 9.31924882629108e-06, 'epoch': 0.54}
{'loss': 1.0866, 'grad_norm': 5.559576988220215, 'learning_rate': 9.295774647887325e-06, 'epoch': 0.54}
{'loss': 1.0921, 'grad_norm': 3.2776198387145996, 'learning_rate': 9.272300469483569e-06, 'epoch': 0.54}
{'loss': 0.9881, 'grad_norm': 3.3138861656188965, 'learning_rate': 9.248826291079813e-06, 'epoch': 0.54}
{'loss': 1.1493, 'grad_norm': 7.348013401031494, 'learning_rate': 9.225352112676057e-06, 'epoch': 0.54}
{'loss': 0.8996, 'grad_norm': 4.920787334442139, 'learning_rate': 9.2018779342723e-06, 'epoch': 0.54}
{'loss': 0.8547, 'grad_norm': 3.2672629356384277, 'learning_rate': 9.178403755868546e-06, 'epoch': 0.55}
{'loss': 0.8971, 'grad_norm': 5.654379844665527, 'learning_rate': 9.15492957746479e-06, 'epoch': 0.55}
{'loss': 0.8864, 'grad_norm': 5.439977645874023, 'learning_rate': 9.131455399061034e-06, 'epoch': 0.55}
{'loss': 0.9075, 'grad_norm': 3.252695083618164, 'learning_rate': 9.107981220657278e-06, 'epoch': 0.55}
{'loss': 1.2677, 'grad_norm': 5.443794250488281, 'learning_rate': 9.084507042253522e-06, 'epoch': 0.55}
{'loss': 0.9185, 'grad_norm': 7.4020514488220215, 'learning_rate': 9.061032863849766e-06, 'epoch': 0.55}
{'loss': 0.8947, 'grad_norm': 6.626795768737793, 'learning_rate': 9.03755868544601e-06, 'epoch': 0.55}
{'loss': 0.9173, 'grad_norm': 7.521600246429443, 'learning_rate': 9.014084507042254e-06, 'epoch': 0.55}
{'loss': 0.849, 'grad_norm': 3.9777109622955322, 'learning_rate': 8.990610328638498e-06, 'epoch': 0.55}
{'loss': 0.9822, 'grad_norm': 6.212558746337891, 'learning_rate': 8.967136150234742e-06, 'epoch': 0.56}
{'loss': 1.0156, 'grad_norm': 3.17012095451355, 'learning_rate': 8.943661971830987e-06, 'epoch': 0.56}
{'loss': 1.1383, 'grad_norm': 5.561319351196289, 'learning_rate': 8.920187793427231e-06, 'epoch': 0.56}
{'loss': 1.0388, 'grad_norm': 4.419095993041992, 'learning_rate': 8.896713615023475e-06, 'epoch': 0.56}
{'loss': 0.7625, 'grad_norm': 4.592650413513184, 'learning_rate': 8.87323943661972e-06, 'epoch': 0.56}
{'loss': 1.1655, 'grad_norm': 5.752289772033691, 'learning_rate': 8.849765258215963e-06, 'epoch': 0.56}
{'loss': 1.1037, 'grad_norm': 11.19737434387207, 'learning_rate': 8.826291079812207e-06, 'epoch': 0.56}
{'loss': 1.0637, 'grad_norm': 5.964389801025391, 'learning_rate': 8.802816901408451e-06, 'epoch': 0.56}
{'loss': 0.7488, 'grad_norm': 3.533708333969116, 'learning_rate': 8.779342723004695e-06, 'epoch': 0.57}
{'loss': 0.9464, 'grad_norm': 5.530888080596924, 'learning_rate': 8.755868544600939e-06, 'epoch': 0.57}
{'loss': 1.2767, 'grad_norm': 12.46608829498291, 'learning_rate': 8.732394366197183e-06, 'epoch': 0.57}
{'loss': 1.0688, 'grad_norm': 3.2509946823120117, 'learning_rate': 8.708920187793429e-06, 'epoch': 0.57}
{'loss': 1.0551, 'grad_norm': 4.724973678588867, 'learning_rate': 8.685446009389673e-06, 'epoch': 0.57}
{'loss': 0.9111, 'grad_norm': 3.9349520206451416, 'learning_rate': 8.661971830985915e-06, 'epoch': 0.57}
{'loss': 0.9627, 'grad_norm': 2.728510618209839, 'learning_rate': 8.63849765258216e-06, 'epoch': 0.57}
{'loss': 0.9893, 'grad_norm': 4.274036884307861, 'learning_rate': 8.615023474178405e-06, 'epoch': 0.57}
{'loss': 1.1524, 'grad_norm': 5.163299560546875, 'learning_rate': 8.591549295774648e-06, 'epoch': 0.57}
{'loss': 0.9432, 'grad_norm': 3.6811563968658447, 'learning_rate': 8.568075117370892e-06, 'epoch': 0.58}
{'loss': 0.8161, 'grad_norm': 3.68186092376709, 'learning_rate': 8.544600938967136e-06, 'epoch': 0.58}
{'loss': 0.8329, 'grad_norm': 5.26107931137085, 'learning_rate': 8.52112676056338e-06, 'epoch': 0.58}
{'loss': 1.0573, 'grad_norm': 2.757124662399292, 'learning_rate': 8.497652582159626e-06, 'epoch': 0.58}
{'loss': 1.1314, 'grad_norm': 5.578008651733398, 'learning_rate': 8.47417840375587e-06, 'epoch': 0.58}
{'loss': 1.1333, 'grad_norm': 3.2322967052459717, 'learning_rate': 8.450704225352114e-06, 'epoch': 0.58}
{'loss': 0.8356, 'grad_norm': 3.5184497833251953, 'learning_rate': 8.427230046948356e-06, 'epoch': 0.58}
{'loss': 1.1591, 'grad_norm': 7.998410701751709, 'learning_rate': 8.403755868544602e-06, 'epoch': 0.58}
































                                                 


                                               
[A


                                               [A
                                                 

                                                 

                                                 

                                                 

                                                 

                                                 

                                                 

                                                 

                                                 

                                                 

                                                 

                                                 

                                                 

                                                 

                                                 

                                                 

                                                 

                                                 

                                                 

                                                 

                                                 

                                                 

                                                 

                                                 

                                                 

                                                 

                                                 

                                                 

                                                 

                                                 

                                                 

                                                 

                                                 

                                                 

                                                 

                                                 

                                                 

                                                 

                                                 

                                                 

                                                 

                                                 

                                                 

                                                 

                                                 

                                                 

                                                 

                                                 

                                                 

                                                 

                                                 

                                                 

                                                 

                                                 

                                                 

                                                 

                                                 

                                                 

                                                 

                                                 

                                                 

                                                 

                                                 

                                                 

                                                 

                                                 

                                                 

                                                 

                                                 

                                                 

                                                 

                                                 

                                                 

                                                 

                                                 

                                                 

                                                 

                                                 

                                                 

                                                 

                                                 

                                                 

                                                 

                                                 

                                                 

                                                 

                                                 

                                                 

                                                 

                                                 

                                                 

                                                 

                                                 

                                                 

                                                 

                                                 

                                                 

                                                 

                                                 

                                                 

{'loss': 1.1523, 'grad_norm': 4.247888088226318, 'learning_rate': 8.380281690140846e-06, 'epoch': 0.59}
{'loss': 1.0208, 'grad_norm': 3.203409433364868, 'learning_rate': 8.35680751173709e-06, 'epoch': 0.59}
{'loss': 0.9326, 'grad_norm': 3.851377248764038, 'learning_rate': 8.333333333333334e-06, 'epoch': 0.59}
{'loss': 1.0822, 'grad_norm': 5.009952068328857, 'learning_rate': 8.309859154929578e-06, 'epoch': 0.59}
{'loss': 0.9552, 'grad_norm': 2.289426803588867, 'learning_rate': 8.286384976525822e-06, 'epoch': 0.59}
{'loss': 0.9814, 'grad_norm': 9.5388822555542, 'learning_rate': 8.262910798122067e-06, 'epoch': 0.59}
{'loss': 1.2144, 'grad_norm': 7.465717315673828, 'learning_rate': 8.239436619718311e-06, 'epoch': 0.59}
{'loss': 1.1582, 'grad_norm': 4.33939790725708, 'learning_rate': 8.215962441314555e-06, 'epoch': 0.59}
{'loss': 1.307, 'grad_norm': 6.214846611022949, 'learning_rate': 8.192488262910797e-06, 'epoch': 0.59}
{'loss': 0.8085, 'grad_norm': 3.772395610809326, 'learning_rate': 8.169014084507043e-06, 'epoch': 0.6}
{'loss': 0.8521, 'grad_norm': 3.7696211338043213, 'learning_rate': 8.145539906103287e-06, 'epoch': 0.6}
{'loss': 1.1256, 'grad_norm': 3.813472032546997, 'learning_rate': 8.122065727699531e-06, 'epoch': 0.6}
{'loss': 1.0603, 'grad_norm': 3.8773269653320312, 'learning_rate': 8.098591549295775e-06, 'epoch': 0.6}
{'loss': 0.8072, 'grad_norm': 4.646976470947266, 'learning_rate': 8.075117370892019e-06, 'epoch': 0.6}
{'loss': 1.2531, 'grad_norm': 3.341654062271118, 'learning_rate': 8.051643192488263e-06, 'epoch': 0.6}
{'loss': 0.7973, 'grad_norm': 3.8818418979644775, 'learning_rate': 8.028169014084509e-06, 'epoch': 0.6}
{'loss': 1.0651, 'grad_norm': 4.845678806304932, 'learning_rate': 8.004694835680753e-06, 'epoch': 0.6}
{'loss': 1.3156, 'grad_norm': 7.813138008117676, 'learning_rate': 7.981220657276996e-06, 'epoch': 0.6}
{'loss': 1.2376, 'grad_norm': 3.7694125175476074, 'learning_rate': 7.95774647887324e-06, 'epoch': 0.61}
{'loss': 0.7974, 'grad_norm': 4.6458420753479, 'learning_rate': 7.934272300469484e-06, 'epoch': 0.61}
{'loss': 1.1496, 'grad_norm': 6.401388645172119, 'learning_rate': 7.910798122065728e-06, 'epoch': 0.61}
{'loss': 0.9465, 'grad_norm': 6.467091083526611, 'learning_rate': 7.887323943661972e-06, 'epoch': 0.61}
{'loss': 1.3094, 'grad_norm': 3.4828243255615234, 'learning_rate': 7.863849765258216e-06, 'epoch': 0.61}
{'loss': 0.9621, 'grad_norm': 7.39462423324585, 'learning_rate': 7.84037558685446e-06, 'epoch': 0.61}
{'loss': 1.1188, 'grad_norm': 7.8685407638549805, 'learning_rate': 7.816901408450704e-06, 'epoch': 0.61}
{'loss': 1.0142, 'grad_norm': 3.795712471008301, 'learning_rate': 7.79342723004695e-06, 'epoch': 0.61}
{'loss': 0.8916, 'grad_norm': 8.576390266418457, 'learning_rate': 7.769953051643194e-06, 'epoch': 0.62}
{'loss': 1.0014, 'grad_norm': 5.772797107696533, 'learning_rate': 7.746478873239436e-06, 'epoch': 0.62}
{'loss': 0.9839, 'grad_norm': 7.098840236663818, 'learning_rate': 7.723004694835682e-06, 'epoch': 0.62}
{'loss': 0.9556, 'grad_norm': 6.506211280822754, 'learning_rate': 7.699530516431926e-06, 'epoch': 0.62}
{'loss': 0.994, 'grad_norm': 5.653509140014648, 'learning_rate': 7.67605633802817e-06, 'epoch': 0.62}
{'loss': 0.9568, 'grad_norm': 2.023507595062256, 'learning_rate': 7.652582159624414e-06, 'epoch': 0.62}
{'loss': 1.0029, 'grad_norm': 7.264769554138184, 'learning_rate': 7.629107981220658e-06, 'epoch': 0.62}
{'loss': 1.3163, 'grad_norm': 3.3542497158050537, 'learning_rate': 7.6056338028169015e-06, 'epoch': 0.62}
{'loss': 1.0373, 'grad_norm': 5.334133148193359, 'learning_rate': 7.5821596244131455e-06, 'epoch': 0.62}
{'loss': 1.1728, 'grad_norm': 5.969820022583008, 'learning_rate': 7.55868544600939e-06, 'epoch': 0.63}
{'loss': 1.0078, 'grad_norm': 5.9678425788879395, 'learning_rate': 7.535211267605634e-06, 'epoch': 0.63}
{'loss': 1.0952, 'grad_norm': 3.819505214691162, 'learning_rate': 7.511737089201878e-06, 'epoch': 0.63}
{'loss': 1.0088, 'grad_norm': 9.582127571105957, 'learning_rate': 7.488262910798123e-06, 'epoch': 0.63}
{'loss': 1.0016, 'grad_norm': 3.736358880996704, 'learning_rate': 7.464788732394367e-06, 'epoch': 0.63}
{'loss': 1.3033, 'grad_norm': 7.316082954406738, 'learning_rate': 7.441314553990611e-06, 'epoch': 0.63}
{'loss': 1.2862, 'grad_norm': 4.735305309295654, 'learning_rate': 7.417840375586856e-06, 'epoch': 0.63}
{'loss': 1.005, 'grad_norm': 4.799520015716553, 'learning_rate': 7.3943661971831e-06, 'epoch': 0.63}
{'loss': 1.0725, 'grad_norm': 4.872259140014648, 'learning_rate': 7.370892018779343e-06, 'epoch': 0.64}
{'loss': 0.9632, 'grad_norm': 7.910069942474365, 'learning_rate': 7.347417840375587e-06, 'epoch': 0.64}
{'loss': 1.0562, 'grad_norm': 6.769147872924805, 'learning_rate': 7.3239436619718316e-06, 'epoch': 0.64}
{'loss': 0.9347, 'grad_norm': 2.423002243041992, 'learning_rate': 7.3004694835680755e-06, 'epoch': 0.64}
{'loss': 1.0894, 'grad_norm': 3.7230961322784424, 'learning_rate': 7.2769953051643195e-06, 'epoch': 0.64}
{'loss': 1.0512, 'grad_norm': 4.7575764656066895, 'learning_rate': 7.253521126760564e-06, 'epoch': 0.64}
{'loss': 1.0637, 'grad_norm': 7.682076454162598, 'learning_rate': 7.230046948356808e-06, 'epoch': 0.64}
{'loss': 1.2585, 'grad_norm': 6.406657695770264, 'learning_rate': 7.206572769953052e-06, 'epoch': 0.64}
{'loss': 0.978, 'grad_norm': 4.815011024475098, 'learning_rate': 7.183098591549297e-06, 'epoch': 0.64}
{'loss': 1.202, 'grad_norm': 3.5721445083618164, 'learning_rate': 7.159624413145541e-06, 'epoch': 0.65}
{'loss': 0.9356, 'grad_norm': 2.4108171463012695, 'learning_rate': 7.136150234741784e-06, 'epoch': 0.65}
{'loss': 1.0739, 'grad_norm': 3.87787127494812, 'learning_rate': 7.112676056338029e-06, 'epoch': 0.65}
{'loss': 1.035, 'grad_norm': 6.722047328948975, 'learning_rate': 7.089201877934273e-06, 'epoch': 0.65}
{'loss': 1.0949, 'grad_norm': 6.532186031341553, 'learning_rate': 7.065727699530517e-06, 'epoch': 0.65}
{'loss': 1.1028, 'grad_norm': 3.381833553314209, 'learning_rate': 7.042253521126761e-06, 'epoch': 0.65}
{'loss': 1.1695, 'grad_norm': 5.429436206817627, 'learning_rate': 7.0187793427230056e-06, 'epoch': 0.65}
{'loss': 1.0511, 'grad_norm': 3.1541852951049805, 'learning_rate': 6.9953051643192495e-06, 'epoch': 0.65}
{'loss': 1.2022, 'grad_norm': 9.671905517578125, 'learning_rate': 6.9718309859154935e-06, 'epoch': 0.66}
{'loss': 1.3517, 'grad_norm': 5.03361177444458, 'learning_rate': 6.948356807511738e-06, 'epoch': 0.66}
{'loss': 0.7059, 'grad_norm': 5.189053535461426, 'learning_rate': 6.924882629107981e-06, 'epoch': 0.66}
{'loss': 1.0334, 'grad_norm': 5.303852558135986, 'learning_rate': 6.901408450704225e-06, 'epoch': 0.66}
{'loss': 1.0233, 'grad_norm': 3.9875237941741943, 'learning_rate': 6.87793427230047e-06, 'epoch': 0.66}
{'loss': 0.9546, 'grad_norm': 3.298182725906372, 'learning_rate': 6.854460093896714e-06, 'epoch': 0.66}
{'loss': 0.921, 'grad_norm': 4.331664085388184, 'learning_rate': 6.830985915492958e-06, 'epoch': 0.66}
{'loss': 1.029, 'grad_norm': 2.3301820755004883, 'learning_rate': 6.807511737089203e-06, 'epoch': 0.66}
{'loss': 1.1058, 'grad_norm': 4.151966571807861, 'learning_rate': 6.784037558685447e-06, 'epoch': 0.66}
{'loss': 0.9056, 'grad_norm': 3.2760353088378906, 'learning_rate': 6.760563380281691e-06, 'epoch': 0.67}
{'loss': 1.0462, 'grad_norm': 4.165780067443848, 'learning_rate': 6.737089201877935e-06, 'epoch': 0.67}
{'loss': 0.9686, 'grad_norm': 4.329060077667236, 'learning_rate': 6.71361502347418e-06, 'epoch': 0.67}
{'loss': 0.9781, 'grad_norm': 5.408958911895752, 'learning_rate': 6.690140845070423e-06, 'epoch': 0.67}
{'loss': 0.9065, 'grad_norm': 5.228883266448975, 'learning_rate': 6.666666666666667e-06, 'epoch': 0.67}
{'loss': 0.869, 'grad_norm': 3.377277374267578, 'learning_rate': 6.6431924882629115e-06, 'epoch': 0.67}
{'loss': 1.0368, 'grad_norm': 5.705689430236816, 'learning_rate': 6.619718309859155e-06, 'epoch': 0.67}
{'loss': 0.9439, 'grad_norm': 11.137446403503418, 'learning_rate': 6.596244131455399e-06, 'epoch': 0.67}
{'loss': 1.1777, 'grad_norm': 3.4586212635040283, 'learning_rate': 6.572769953051644e-06, 'epoch': 0.68}
{'loss': 1.2412, 'grad_norm': 5.354123592376709, 'learning_rate': 6.549295774647888e-06, 'epoch': 0.68}
{'loss': 1.1979, 'grad_norm': 5.022550106048584, 'learning_rate': 6.525821596244132e-06, 'epoch': 0.68}
{'loss': 1.1935, 'grad_norm': 3.6466429233551025, 'learning_rate': 6.502347417840375e-06, 'epoch': 0.68}
{'loss': 1.0287, 'grad_norm': 5.311066627502441, 'learning_rate': 6.478873239436621e-06, 'epoch': 0.68}
{'loss': 1.3903, 'grad_norm': 6.60215425491333, 'learning_rate': 6.455399061032864e-06, 'epoch': 0.68}
{'loss': 1.1176, 'grad_norm': 6.848376750946045, 'learning_rate': 6.431924882629108e-06, 'epoch': 0.68}
{'loss': 1.3668, 'grad_norm': 6.6014556884765625, 'learning_rate': 6.408450704225353e-06, 'epoch': 0.68}
{'loss': 0.8581, 'grad_norm': 4.348286151885986, 'learning_rate': 6.384976525821597e-06, 'epoch': 0.68}
{'loss': 0.9685, 'grad_norm': 3.043386220932007, 'learning_rate': 6.361502347417841e-06, 'epoch': 0.69}
{'loss': 1.0289, 'grad_norm': 5.017260551452637, 'learning_rate': 6.3380281690140855e-06, 'epoch': 0.69}
{'loss': 1.1992, 'grad_norm': 3.4123048782348633, 'learning_rate': 6.314553990610329e-06, 'epoch': 0.69}
{'loss': 1.0225, 'grad_norm': 6.531242847442627, 'learning_rate': 6.291079812206573e-06, 'epoch': 0.69}
{'loss': 1.364, 'grad_norm': 8.172682762145996, 'learning_rate': 6.267605633802818e-06, 'epoch': 0.69}
{'loss': 0.9426, 'grad_norm': 3.327072858810425, 'learning_rate': 6.244131455399062e-06, 'epoch': 0.69}
{'loss': 0.9352, 'grad_norm': 9.116662979125977, 'learning_rate': 6.220657276995305e-06, 'epoch': 0.69}
{'loss': 1.0708, 'grad_norm': 4.763062953948975, 'learning_rate': 6.197183098591549e-06, 'epoch': 0.69}
{'loss': 1.0369, 'grad_norm': 4.527765274047852, 'learning_rate': 6.173708920187794e-06, 'epoch': 0.69}
{'loss': 0.8918, 'grad_norm': 7.6150126457214355, 'learning_rate': 6.150234741784038e-06, 'epoch': 0.7}
{'loss': 1.3057, 'grad_norm': 4.559970855712891, 'learning_rate': 6.126760563380282e-06, 'epoch': 0.7}
{'loss': 0.9602, 'grad_norm': 5.415076732635498, 'learning_rate': 6.103286384976527e-06, 'epoch': 0.7}
{'loss': 1.1339, 'grad_norm': 8.945594787597656, 'learning_rate': 6.079812206572771e-06, 'epoch': 0.7}
{'loss': 1.0128, 'grad_norm': 4.657848834991455, 'learning_rate': 6.056338028169015e-06, 'epoch': 0.7}
































                                                 


                                               
[A


                                               [A
                                                 

                                                 

                                                 

                                                 

                                                 

                                                 

                                                 

                                                 

                                                 

                                                 

                                                 

                                                 

                                                 

                                                 

                                                 

                                                 

                                                 

                                                 

                                                 

                                                 

                                                 

                                                 

                                                 

                                                 

                                                 

                                                 

                                                 

                                                 

                                                 

                                                 

                                                 

                                                 

                                                 

                                                 

                                                 

                                                 

                                                 

                                                 

                                                 

                                                 

                                                 

                                                 

                                                 

                                                 

                                                 

                                                 

                                                 

                                                 

                                                 

                                                 

                                                 

                                                 

                                                 

                                                 

                                                 

                                                 

                                                 

                                                 

                                                 

                                                 

                                                 

                                                 

                                                 

                                                 

                                                 

                                                 

                                                 

                                                 

                                                 

                                                 

                                                 

                                                 

                                                 

                                                 

                                                 

                                                 

                                                 

                                                 

                                                 

                                                 

                                                 

                                                 

                                                 

                                                 

                                                 

                                                 

                                                 

                                                 

                                                 

                                                 

                                                 

                                                 

                                                 

                                                 

                                                 

                                                 

                                                 

                                                 

                                                 

                                                 

{'loss': 1.0777, 'grad_norm': 3.519989013671875, 'learning_rate': 6.0328638497652595e-06, 'epoch': 0.7}
{'loss': 1.0559, 'grad_norm': 6.078136444091797, 'learning_rate': 6.0093896713615026e-06, 'epoch': 0.7}
{'loss': 0.9759, 'grad_norm': 12.621634483337402, 'learning_rate': 5.9859154929577465e-06, 'epoch': 0.7}
{'loss': 1.0164, 'grad_norm': 3.777831792831421, 'learning_rate': 5.9624413145539905e-06, 'epoch': 0.71}
{'loss': 0.8996, 'grad_norm': 4.798703670501709, 'learning_rate': 5.938967136150235e-06, 'epoch': 0.71}
{'loss': 0.895, 'grad_norm': 4.460391998291016, 'learning_rate': 5.915492957746479e-06, 'epoch': 0.71}
{'loss': 0.9378, 'grad_norm': 3.9887173175811768, 'learning_rate': 5.892018779342723e-06, 'epoch': 0.71}
{'loss': 0.9721, 'grad_norm': 6.678770542144775, 'learning_rate': 5.868544600938968e-06, 'epoch': 0.71}
{'loss': 0.8831, 'grad_norm': 7.812416076660156, 'learning_rate': 5.845070422535212e-06, 'epoch': 0.71}
{'loss': 0.9157, 'grad_norm': 4.733433246612549, 'learning_rate': 5.821596244131456e-06, 'epoch': 0.71}
{'loss': 1.0871, 'grad_norm': 4.3795576095581055, 'learning_rate': 5.798122065727701e-06, 'epoch': 0.71}
{'loss': 0.9778, 'grad_norm': 4.90477180480957, 'learning_rate': 5.774647887323944e-06, 'epoch': 0.71}
{'loss': 0.8709, 'grad_norm': 3.294687032699585, 'learning_rate': 5.751173708920188e-06, 'epoch': 0.72}
{'loss': 1.0986, 'grad_norm': 3.4640488624572754, 'learning_rate': 5.727699530516433e-06, 'epoch': 0.72}
{'loss': 1.1354, 'grad_norm': 7.530212879180908, 'learning_rate': 5.7042253521126766e-06, 'epoch': 0.72}
{'loss': 1.084, 'grad_norm': 5.671920299530029, 'learning_rate': 5.6807511737089205e-06, 'epoch': 0.72}
{'loss': 1.1164, 'grad_norm': 4.526651859283447, 'learning_rate': 5.6572769953051645e-06, 'epoch': 0.72}
{'loss': 0.913, 'grad_norm': 3.9029290676116943, 'learning_rate': 5.633802816901409e-06, 'epoch': 0.72}
{'loss': 0.8389, 'grad_norm': 6.198794364929199, 'learning_rate': 5.610328638497653e-06, 'epoch': 0.72}
{'loss': 1.0867, 'grad_norm': 7.420230865478516, 'learning_rate': 5.586854460093896e-06, 'epoch': 0.72}
{'loss': 1.253, 'grad_norm': 8.308164596557617, 'learning_rate': 5.563380281690142e-06, 'epoch': 0.73}
{'loss': 0.9714, 'grad_norm': 3.49300479888916, 'learning_rate': 5.539906103286385e-06, 'epoch': 0.73}
{'loss': 1.0792, 'grad_norm': 6.655386924743652, 'learning_rate': 5.516431924882629e-06, 'epoch': 0.73}
{'loss': 1.0103, 'grad_norm': 4.324829578399658, 'learning_rate': 5.492957746478874e-06, 'epoch': 0.73}
{'loss': 0.9895, 'grad_norm': 3.225433111190796, 'learning_rate': 5.469483568075118e-06, 'epoch': 0.73}
{'loss': 1.1592, 'grad_norm': 6.563560962677002, 'learning_rate': 5.446009389671362e-06, 'epoch': 0.73}
{'loss': 0.8179, 'grad_norm': 4.638707160949707, 'learning_rate': 5.422535211267607e-06, 'epoch': 0.73}
{'loss': 0.8904, 'grad_norm': 5.430002689361572, 'learning_rate': 5.3990610328638506e-06, 'epoch': 0.73}
{'loss': 1.0523, 'grad_norm': 7.8367204666137695, 'learning_rate': 5.3755868544600945e-06, 'epoch': 0.73}
{'loss': 0.878, 'grad_norm': 2.3395578861236572, 'learning_rate': 5.352112676056338e-06, 'epoch': 0.74}
{'loss': 1.3015, 'grad_norm': 6.8941426277160645, 'learning_rate': 5.328638497652583e-06, 'epoch': 0.74}
{'loss': 0.9725, 'grad_norm': 3.2331573963165283, 'learning_rate': 5.305164319248826e-06, 'epoch': 0.74}
{'loss': 0.8695, 'grad_norm': 3.0985350608825684, 'learning_rate': 5.28169014084507e-06, 'epoch': 0.74}
{'loss': 0.9418, 'grad_norm': 2.6035704612731934, 'learning_rate': 5.258215962441315e-06, 'epoch': 0.74}
{'loss': 1.047, 'grad_norm': 7.640049457550049, 'learning_rate': 5.234741784037559e-06, 'epoch': 0.74}
{'loss': 0.8615, 'grad_norm': 3.4124739170074463, 'learning_rate': 5.211267605633803e-06, 'epoch': 0.74}
{'loss': 1.1228, 'grad_norm': 3.1738195419311523, 'learning_rate': 5.187793427230048e-06, 'epoch': 0.74}
{'loss': 1.0221, 'grad_norm': 4.231276512145996, 'learning_rate': 5.164319248826292e-06, 'epoch': 0.75}
{'loss': 1.0723, 'grad_norm': 3.9667251110076904, 'learning_rate': 5.140845070422536e-06, 'epoch': 0.75}
{'loss': 0.9527, 'grad_norm': 4.2835869789123535, 'learning_rate': 5.117370892018779e-06, 'epoch': 0.75}
{'loss': 1.1025, 'grad_norm': 4.534974098205566, 'learning_rate': 5.093896713615024e-06, 'epoch': 0.75}
{'loss': 1.1317, 'grad_norm': 4.074887752532959, 'learning_rate': 5.070422535211268e-06, 'epoch': 0.75}
{'loss': 0.7838, 'grad_norm': 3.3166592121124268, 'learning_rate': 5.046948356807512e-06, 'epoch': 0.75}
{'loss': 0.9002, 'grad_norm': 7.721210479736328, 'learning_rate': 5.0234741784037565e-06, 'epoch': 0.75}
{'loss': 1.2142, 'grad_norm': 5.708728790283203, 'learning_rate': 5e-06, 'epoch': 0.75}
{'loss': 1.0042, 'grad_norm': 4.67739200592041, 'learning_rate': 4.976525821596244e-06, 'epoch': 0.75}
{'loss': 0.9458, 'grad_norm': 4.2445197105407715, 'learning_rate': 4.953051643192488e-06, 'epoch': 0.76}
{'loss': 1.0465, 'grad_norm': 3.7860841751098633, 'learning_rate': 4.929577464788733e-06, 'epoch': 0.76}
{'loss': 1.018, 'grad_norm': 3.896334648132324, 'learning_rate': 4.906103286384977e-06, 'epoch': 0.76}
{'loss': 0.9382, 'grad_norm': 5.142635822296143, 'learning_rate': 4.882629107981221e-06, 'epoch': 0.76}
{'loss': 1.0332, 'grad_norm': 5.227296829223633, 'learning_rate': 4.859154929577465e-06, 'epoch': 0.76}
{'loss': 0.8595, 'grad_norm': 4.771340847015381, 'learning_rate': 4.835680751173709e-06, 'epoch': 0.76}
{'loss': 1.0926, 'grad_norm': 4.352068901062012, 'learning_rate': 4.812206572769954e-06, 'epoch': 0.76}
{'loss': 1.0674, 'grad_norm': 4.144362926483154, 'learning_rate': 4.788732394366197e-06, 'epoch': 0.76}
{'loss': 1.0732, 'grad_norm': 5.467419147491455, 'learning_rate': 4.765258215962442e-06, 'epoch': 0.76}
{'loss': 1.3171, 'grad_norm': 5.307973384857178, 'learning_rate': 4.741784037558686e-06, 'epoch': 0.77}
{'loss': 1.0419, 'grad_norm': 4.701620578765869, 'learning_rate': 4.71830985915493e-06, 'epoch': 0.77}
{'loss': 1.0171, 'grad_norm': 3.888601303100586, 'learning_rate': 4.694835680751174e-06, 'epoch': 0.77}
{'loss': 1.2262, 'grad_norm': 4.95664644241333, 'learning_rate': 4.671361502347418e-06, 'epoch': 0.77}
{'loss': 0.9706, 'grad_norm': 4.034893989562988, 'learning_rate': 4.647887323943662e-06, 'epoch': 0.77}
{'loss': 0.9302, 'grad_norm': 7.253168106079102, 'learning_rate': 4.624413145539906e-06, 'epoch': 0.77}
{'loss': 0.8423, 'grad_norm': 5.021487712860107, 'learning_rate': 4.60093896713615e-06, 'epoch': 0.77}
{'loss': 1.1266, 'grad_norm': 5.594555377960205, 'learning_rate': 4.577464788732395e-06, 'epoch': 0.77}
{'loss': 0.9738, 'grad_norm': 3.1115729808807373, 'learning_rate': 4.553990610328639e-06, 'epoch': 0.78}
{'loss': 0.9546, 'grad_norm': 6.232626914978027, 'learning_rate': 4.530516431924883e-06, 'epoch': 0.78}
{'loss': 1.0028, 'grad_norm': 3.4386303424835205, 'learning_rate': 4.507042253521127e-06, 'epoch': 0.78}
{'loss': 1.0324, 'grad_norm': 6.9086737632751465, 'learning_rate': 4.483568075117371e-06, 'epoch': 0.78}
{'loss': 1.1987, 'grad_norm': 4.056885719299316, 'learning_rate': 4.460093896713616e-06, 'epoch': 0.78}
{'loss': 1.1889, 'grad_norm': 4.650984764099121, 'learning_rate': 4.43661971830986e-06, 'epoch': 0.78}
{'loss': 0.9829, 'grad_norm': 3.144766330718994, 'learning_rate': 4.413145539906104e-06, 'epoch': 0.78}
{'loss': 1.0643, 'grad_norm': 4.380021572113037, 'learning_rate': 4.3896713615023476e-06, 'epoch': 0.78}
{'loss': 1.0829, 'grad_norm': 3.822923421859741, 'learning_rate': 4.3661971830985915e-06, 'epoch': 0.78}
{'loss': 1.037, 'grad_norm': 4.805963516235352, 'learning_rate': 4.342723004694836e-06, 'epoch': 0.79}
{'loss': 1.1514, 'grad_norm': 2.9290103912353516, 'learning_rate': 4.31924882629108e-06, 'epoch': 0.79}
{'loss': 0.9794, 'grad_norm': 5.008957862854004, 'learning_rate': 4.295774647887324e-06, 'epoch': 0.79}
{'loss': 1.1019, 'grad_norm': 5.3486833572387695, 'learning_rate': 4.272300469483568e-06, 'epoch': 0.79}
{'loss': 0.9079, 'grad_norm': 4.048279762268066, 'learning_rate': 4.248826291079813e-06, 'epoch': 0.79}
{'loss': 0.9532, 'grad_norm': 4.802428245544434, 'learning_rate': 4.225352112676057e-06, 'epoch': 0.79}
{'loss': 0.814, 'grad_norm': 4.256050109863281, 'learning_rate': 4.201877934272301e-06, 'epoch': 0.79}
{'loss': 1.0104, 'grad_norm': 5.984597206115723, 'learning_rate': 4.178403755868545e-06, 'epoch': 0.79}
{'loss': 1.0801, 'grad_norm': 6.233087539672852, 'learning_rate': 4.154929577464789e-06, 'epoch': 0.8}
{'loss': 0.9804, 'grad_norm': 3.389099597930908, 'learning_rate': 4.131455399061034e-06, 'epoch': 0.8}
{'loss': 1.022, 'grad_norm': 3.8353798389434814, 'learning_rate': 4.107981220657278e-06, 'epoch': 0.8}
{'loss': 1.0231, 'grad_norm': 4.113166809082031, 'learning_rate': 4.0845070422535216e-06, 'epoch': 0.8}
{'loss': 1.0278, 'grad_norm': 2.358952522277832, 'learning_rate': 4.0610328638497655e-06, 'epoch': 0.8}
{'loss': 1.0226, 'grad_norm': 8.77685832977295, 'learning_rate': 4.0375586854460095e-06, 'epoch': 0.8}
{'loss': 1.063, 'grad_norm': 4.7173752784729, 'learning_rate': 4.014084507042254e-06, 'epoch': 0.8}
{'loss': 0.8721, 'grad_norm': 6.657552719116211, 'learning_rate': 3.990610328638498e-06, 'epoch': 0.8}
{'loss': 0.9588, 'grad_norm': 6.446918964385986, 'learning_rate': 3.967136150234742e-06, 'epoch': 0.8}
{'loss': 1.1493, 'grad_norm': 5.493990421295166, 'learning_rate': 3.943661971830986e-06, 'epoch': 0.81}
{'loss': 1.0874, 'grad_norm': 3.7034707069396973, 'learning_rate': 3.92018779342723e-06, 'epoch': 0.81}
{'loss': 0.8962, 'grad_norm': 6.673749923706055, 'learning_rate': 3.896713615023475e-06, 'epoch': 0.81}
{'loss': 1.2007, 'grad_norm': 4.016180515289307, 'learning_rate': 3.873239436619718e-06, 'epoch': 0.81}
{'loss': 1.1079, 'grad_norm': 3.426783561706543, 'learning_rate': 3.849765258215963e-06, 'epoch': 0.81}
{'loss': 1.0819, 'grad_norm': 4.107620716094971, 'learning_rate': 3.826291079812207e-06, 'epoch': 0.81}
{'loss': 1.2228, 'grad_norm': 3.694425582885742, 'learning_rate': 3.8028169014084508e-06, 'epoch': 0.81}
{'loss': 1.0766, 'grad_norm': 6.2973313331604, 'learning_rate': 3.779342723004695e-06, 'epoch': 0.81}
{'loss': 1.2261, 'grad_norm': 8.84053897857666, 'learning_rate': 3.755868544600939e-06, 'epoch': 0.82}
{'loss': 1.0844, 'grad_norm': 3.0839061737060547, 'learning_rate': 3.7323943661971835e-06, 'epoch': 0.82}
{'loss': 0.8729, 'grad_norm': 3.9944748878479004, 'learning_rate': 3.708920187793428e-06, 'epoch': 0.82}
































                                                 


                                               
[A


                                               [A
                                                 

                                                 

                                                 

                                                 

                                                 

                                                 

                                                 

                                                 

                                                 

                                                 

                                                 

                                                 

                                                 

                                                 

                                                 

                                                 

                                                 

                                                 

                                                 

                                                 

                                                 

                                                 

                                                 

                                                 

                                                 

                                                 

                                                 

                                                 

                                                 

                                                 

                                                 

                                                 

                                                 

                                                 

                                                 

                                                 

                                                 

                                                 

                                                 

                                                 

                                                 

                                                 

                                                 

                                                 

                                                 

                                                 

                                                 

                                                 

                                                 

                                                 

                                                 

                                                 

                                                 

                                                 

                                                 

                                                 

                                                 

                                                 

                                                 

                                                 

                                                 

                                                 

                                                 

                                                 

                                                 

                                                 

                                                 

                                                 

                                                 

                                                 

                                                 

                                                 

                                                 

                                                 

                                                 

                                                 

                                                 

                                                 

                                                 

                                                 

                                                 

                                                 

                                                 

                                                 

                                                 

                                                 

                                                 

                                                 

                                                 

                                                 

                                                 

                                                 

                                                 

                                                 

                                                 

                                                 

                                                 

                                                 

                                                 

                                                 

{'loss': 0.9434, 'grad_norm': 9.896109580993652, 'learning_rate': 3.6854460093896714e-06, 'epoch': 0.82}
{'loss': 1.0624, 'grad_norm': 5.2320990562438965, 'learning_rate': 3.6619718309859158e-06, 'epoch': 0.82}
{'loss': 0.9841, 'grad_norm': 6.609513759613037, 'learning_rate': 3.6384976525821597e-06, 'epoch': 0.82}
{'loss': 1.0666, 'grad_norm': 5.0090179443359375, 'learning_rate': 3.615023474178404e-06, 'epoch': 0.82}
{'loss': 1.0051, 'grad_norm': 3.207512140274048, 'learning_rate': 3.5915492957746485e-06, 'epoch': 0.82}
{'loss': 1.3909, 'grad_norm': 3.747974395751953, 'learning_rate': 3.568075117370892e-06, 'epoch': 0.82}
{'loss': 1.041, 'grad_norm': 7.38580846786499, 'learning_rate': 3.5446009389671364e-06, 'epoch': 0.83}
{'loss': 1.0677, 'grad_norm': 6.3803911209106445, 'learning_rate': 3.5211267605633804e-06, 'epoch': 0.83}
{'loss': 1.2793, 'grad_norm': 10.466225624084473, 'learning_rate': 3.4976525821596248e-06, 'epoch': 0.83}
{'loss': 1.0085, 'grad_norm': 4.244325160980225, 'learning_rate': 3.474178403755869e-06, 'epoch': 0.83}
{'loss': 1.2413, 'grad_norm': 11.613173484802246, 'learning_rate': 3.4507042253521127e-06, 'epoch': 0.83}
{'loss': 1.2068, 'grad_norm': 7.592578411102295, 'learning_rate': 3.427230046948357e-06, 'epoch': 0.83}
{'loss': 1.3194, 'grad_norm': 11.755400657653809, 'learning_rate': 3.4037558685446014e-06, 'epoch': 0.83}
{'loss': 1.1255, 'grad_norm': 6.070775508880615, 'learning_rate': 3.3802816901408454e-06, 'epoch': 0.83}
{'loss': 1.0186, 'grad_norm': 8.448431968688965, 'learning_rate': 3.35680751173709e-06, 'epoch': 0.84}
{'loss': 0.9075, 'grad_norm': 5.257031440734863, 'learning_rate': 3.3333333333333333e-06, 'epoch': 0.84}
{'loss': 0.8968, 'grad_norm': 10.040860176086426, 'learning_rate': 3.3098591549295777e-06, 'epoch': 0.84}
{'loss': 0.8835, 'grad_norm': 4.84007453918457, 'learning_rate': 3.286384976525822e-06, 'epoch': 0.84}
{'loss': 1.0541, 'grad_norm': 4.614046573638916, 'learning_rate': 3.262910798122066e-06, 'epoch': 0.84}
{'loss': 0.9859, 'grad_norm': 5.264713764190674, 'learning_rate': 3.2394366197183104e-06, 'epoch': 0.84}
{'loss': 0.8822, 'grad_norm': 3.350198745727539, 'learning_rate': 3.215962441314554e-06, 'epoch': 0.84}
{'loss': 1.0282, 'grad_norm': 7.485572814941406, 'learning_rate': 3.1924882629107983e-06, 'epoch': 0.84}
{'loss': 1.213, 'grad_norm': 4.701221466064453, 'learning_rate': 3.1690140845070427e-06, 'epoch': 0.84}
{'loss': 1.1328, 'grad_norm': 4.647159099578857, 'learning_rate': 3.1455399061032867e-06, 'epoch': 0.85}
{'loss': 1.2686, 'grad_norm': 7.779503345489502, 'learning_rate': 3.122065727699531e-06, 'epoch': 0.85}
{'loss': 1.003, 'grad_norm': 8.608948707580566, 'learning_rate': 3.0985915492957746e-06, 'epoch': 0.85}
{'loss': 1.0243, 'grad_norm': 4.304573059082031, 'learning_rate': 3.075117370892019e-06, 'epoch': 0.85}
{'loss': 1.0368, 'grad_norm': 7.747738838195801, 'learning_rate': 3.0516431924882634e-06, 'epoch': 0.85}
{'loss': 1.1512, 'grad_norm': 4.0293288230896, 'learning_rate': 3.0281690140845073e-06, 'epoch': 0.85}
{'loss': 1.2368, 'grad_norm': 5.673973083496094, 'learning_rate': 3.0046948356807513e-06, 'epoch': 0.85}
{'loss': 1.0105, 'grad_norm': 2.4150474071502686, 'learning_rate': 2.9812206572769952e-06, 'epoch': 0.85}
{'loss': 1.0208, 'grad_norm': 5.915528297424316, 'learning_rate': 2.9577464788732396e-06, 'epoch': 0.85}
{'loss': 1.1201, 'grad_norm': 4.417227745056152, 'learning_rate': 2.934272300469484e-06, 'epoch': 0.86}
{'loss': 1.1093, 'grad_norm': 6.290007591247559, 'learning_rate': 2.910798122065728e-06, 'epoch': 0.86}
{'loss': 1.0719, 'grad_norm': 3.3641357421875, 'learning_rate': 2.887323943661972e-06, 'epoch': 0.86}
{'loss': 1.2379, 'grad_norm': 4.4568586349487305, 'learning_rate': 2.8638497652582163e-06, 'epoch': 0.86}
{'loss': 1.3265, 'grad_norm': 7.57915735244751, 'learning_rate': 2.8403755868544603e-06, 'epoch': 0.86}
{'loss': 1.0147, 'grad_norm': 3.1165969371795654, 'learning_rate': 2.8169014084507046e-06, 'epoch': 0.86}
{'loss': 1.1614, 'grad_norm': 4.509922981262207, 'learning_rate': 2.793427230046948e-06, 'epoch': 0.86}
{'loss': 0.9859, 'grad_norm': 4.269636154174805, 'learning_rate': 2.7699530516431926e-06, 'epoch': 0.86}
{'loss': 1.0494, 'grad_norm': 6.698799133300781, 'learning_rate': 2.746478873239437e-06, 'epoch': 0.87}
{'loss': 1.1903, 'grad_norm': 6.385153293609619, 'learning_rate': 2.723004694835681e-06, 'epoch': 0.87}
{'loss': 0.8548, 'grad_norm': 4.772862434387207, 'learning_rate': 2.6995305164319253e-06, 'epoch': 0.87}
{'loss': 0.9079, 'grad_norm': 7.046388149261475, 'learning_rate': 2.676056338028169e-06, 'epoch': 0.87}
{'loss': 1.1163, 'grad_norm': 5.500360488891602, 'learning_rate': 2.652582159624413e-06, 'epoch': 0.87}
{'loss': 0.9918, 'grad_norm': 4.52952241897583, 'learning_rate': 2.6291079812206576e-06, 'epoch': 0.87}
{'loss': 1.2323, 'grad_norm': 4.730297565460205, 'learning_rate': 2.6056338028169015e-06, 'epoch': 0.87}
{'loss': 0.911, 'grad_norm': 2.644306182861328, 'learning_rate': 2.582159624413146e-06, 'epoch': 0.87}
{'loss': 1.0033, 'grad_norm': 7.824478626251221, 'learning_rate': 2.5586854460093895e-06, 'epoch': 0.87}
{'loss': 0.8546, 'grad_norm': 3.543506383895874, 'learning_rate': 2.535211267605634e-06, 'epoch': 0.88}
{'loss': 1.0686, 'grad_norm': 5.98670768737793, 'learning_rate': 2.5117370892018782e-06, 'epoch': 0.88}
{'loss': 1.1566, 'grad_norm': 5.8539018630981445, 'learning_rate': 2.488262910798122e-06, 'epoch': 0.88}
{'loss': 1.0106, 'grad_norm': 6.811412811279297, 'learning_rate': 2.4647887323943666e-06, 'epoch': 0.88}
{'loss': 1.2585, 'grad_norm': 7.799900054931641, 'learning_rate': 2.4413145539906105e-06, 'epoch': 0.88}
{'loss': 1.0357, 'grad_norm': 4.83431339263916, 'learning_rate': 2.4178403755868545e-06, 'epoch': 0.88}
{'loss': 0.9771, 'grad_norm': 4.198952674865723, 'learning_rate': 2.3943661971830984e-06, 'epoch': 0.88}
{'loss': 1.0842, 'grad_norm': 3.1326913833618164, 'learning_rate': 2.370892018779343e-06, 'epoch': 0.88}
{'loss': 0.9145, 'grad_norm': 3.8538966178894043, 'learning_rate': 2.347417840375587e-06, 'epoch': 0.89}
{'loss': 1.0414, 'grad_norm': 4.157516002655029, 'learning_rate': 2.323943661971831e-06, 'epoch': 0.89}
{'loss': 1.0746, 'grad_norm': 5.886048793792725, 'learning_rate': 2.300469483568075e-06, 'epoch': 0.89}
{'loss': 1.1187, 'grad_norm': 5.641096591949463, 'learning_rate': 2.2769953051643195e-06, 'epoch': 0.89}
{'loss': 0.7441, 'grad_norm': 2.886624336242676, 'learning_rate': 2.2535211267605635e-06, 'epoch': 0.89}
{'loss': 1.0275, 'grad_norm': 5.284156322479248, 'learning_rate': 2.230046948356808e-06, 'epoch': 0.89}
{'loss': 0.9779, 'grad_norm': 3.7841637134552, 'learning_rate': 2.206572769953052e-06, 'epoch': 0.89}
{'loss': 1.0395, 'grad_norm': 5.805885314941406, 'learning_rate': 2.1830985915492958e-06, 'epoch': 0.89}
{'loss': 1.0257, 'grad_norm': 4.0947089195251465, 'learning_rate': 2.15962441314554e-06, 'epoch': 0.89}
{'loss': 1.0389, 'grad_norm': 8.677047729492188, 'learning_rate': 2.136150234741784e-06, 'epoch': 0.9}
{'loss': 0.9718, 'grad_norm': 4.142427444458008, 'learning_rate': 2.1126760563380285e-06, 'epoch': 0.9}
{'loss': 1.1778, 'grad_norm': 4.327492713928223, 'learning_rate': 2.0892018779342724e-06, 'epoch': 0.9}
{'loss': 0.9896, 'grad_norm': 3.4286954402923584, 'learning_rate': 2.065727699530517e-06, 'epoch': 0.9}
{'loss': 0.8762, 'grad_norm': 6.8124871253967285, 'learning_rate': 2.0422535211267608e-06, 'epoch': 0.9}
{'loss': 1.0942, 'grad_norm': 5.5463337898254395, 'learning_rate': 2.0187793427230047e-06, 'epoch': 0.9}
{'loss': 0.7705, 'grad_norm': 4.975545883178711, 'learning_rate': 1.995305164319249e-06, 'epoch': 0.9}
{'loss': 1.1811, 'grad_norm': 5.8523945808410645, 'learning_rate': 1.971830985915493e-06, 'epoch': 0.9}
{'loss': 0.8494, 'grad_norm': 6.575205326080322, 'learning_rate': 1.9483568075117375e-06, 'epoch': 0.91}
{'loss': 0.8994, 'grad_norm': 4.199438095092773, 'learning_rate': 1.9248826291079814e-06, 'epoch': 0.91}
{'loss': 0.9356, 'grad_norm': 4.133832931518555, 'learning_rate': 1.9014084507042254e-06, 'epoch': 0.91}
{'loss': 1.1817, 'grad_norm': 9.383325576782227, 'learning_rate': 1.8779342723004696e-06, 'epoch': 0.91}
{'loss': 0.9465, 'grad_norm': 5.58476448059082, 'learning_rate': 1.854460093896714e-06, 'epoch': 0.91}
{'loss': 1.0056, 'grad_norm': 4.571216106414795, 'learning_rate': 1.8309859154929579e-06, 'epoch': 0.91}
{'loss': 1.0016, 'grad_norm': 7.332080841064453, 'learning_rate': 1.807511737089202e-06, 'epoch': 0.91}
{'loss': 0.9891, 'grad_norm': 6.986860752105713, 'learning_rate': 1.784037558685446e-06, 'epoch': 0.91}
{'loss': 1.0535, 'grad_norm': 6.391265869140625, 'learning_rate': 1.7605633802816902e-06, 'epoch': 0.91}
{'loss': 1.0454, 'grad_norm': 2.9865682125091553, 'learning_rate': 1.7370892018779346e-06, 'epoch': 0.92}
{'loss': 0.8996, 'grad_norm': 6.485958576202393, 'learning_rate': 1.7136150234741785e-06, 'epoch': 0.92}
{'loss': 1.2468, 'grad_norm': 5.58758020401001, 'learning_rate': 1.6901408450704227e-06, 'epoch': 0.92}
{'loss': 1.3721, 'grad_norm': 5.959254264831543, 'learning_rate': 1.6666666666666667e-06, 'epoch': 0.92}
{'loss': 0.8493, 'grad_norm': 4.858582973480225, 'learning_rate': 1.643192488262911e-06, 'epoch': 0.92}
{'loss': 1.0052, 'grad_norm': 5.080538749694824, 'learning_rate': 1.6197183098591552e-06, 'epoch': 0.92}
{'loss': 1.353, 'grad_norm': 4.9695210456848145, 'learning_rate': 1.5962441314553992e-06, 'epoch': 0.92}
{'loss': 1.3003, 'grad_norm': 4.285221099853516, 'learning_rate': 1.5727699530516433e-06, 'epoch': 0.92}
{'loss': 1.0244, 'grad_norm': 3.4084579944610596, 'learning_rate': 1.5492957746478873e-06, 'epoch': 0.92}
{'loss': 1.1202, 'grad_norm': 3.515678644180298, 'learning_rate': 1.5258215962441317e-06, 'epoch': 0.93}
{'loss': 1.0886, 'grad_norm': 4.012946128845215, 'learning_rate': 1.5023474178403756e-06, 'epoch': 0.93}
{'loss': 0.9549, 'grad_norm': 2.8371849060058594, 'learning_rate': 1.4788732394366198e-06, 'epoch': 0.93}
{'loss': 0.7689, 'grad_norm': 5.878480434417725, 'learning_rate': 1.455399061032864e-06, 'epoch': 0.93}
{'loss': 1.1027, 'grad_norm': 8.294803619384766, 'learning_rate': 1.4319248826291082e-06, 'epoch': 0.93}
{'loss': 1.1021, 'grad_norm': 3.5724759101867676, 'learning_rate': 1.4084507042253523e-06, 'epoch': 0.93}
{'loss': 0.9773, 'grad_norm': 3.9801506996154785, 'learning_rate': 1.3849765258215963e-06, 'epoch': 0.93}
{'loss': 1.0191, 'grad_norm': 8.962010383605957, 'learning_rate': 1.3615023474178405e-06, 'epoch': 0.93}
































                                                 


                                               
[A


                                               [A
                                                 

                                                 

                                                 

                                                 

                                                 

                                                 

                                                 

                                                 

                                                 

                                                 

                                                 

                                                 

                                                 

                                                 

                                                 

                                                 

                                                 

                                                 

                                                 

                                                 

                                                 

                                                 

                                                 

                                                 

                                                 

                                                 

                                                 

                                                 

                                                 

                                                 

                                                 

                                                 

                                                 

                                                 

                                                 

                                                 

                                                 

                                                 

                                                 

                                                 

                                                 

                                                 

                                                 

                                                 

                                                 

                                                 

                                                 

                                                 

                                                 

                                                 

                                                 

                                                 

                                                 

                                                 

                                                 

                                                 

                                                 

                                                 

No files have been modified since last commit. Skipping to prevent empty commit.
{'eval_loss': 0.9033410549163818, 'eval_runtime': 9.5135, 'eval_samples_per_second': 13.455, 'eval_steps_per_second': 3.364, 'epoch': 0.93}
{'loss': 1.4225, 'grad_norm': 5.772820472717285, 'learning_rate': 1.3380281690140844e-06, 'epoch': 0.94}
{'loss': 1.1058, 'grad_norm': 3.403066635131836, 'learning_rate': 1.3145539906103288e-06, 'epoch': 0.94}
{'loss': 0.9642, 'grad_norm': 2.611165761947632, 'learning_rate': 1.291079812206573e-06, 'epoch': 0.94}
{'loss': 0.918, 'grad_norm': 7.871277332305908, 'learning_rate': 1.267605633802817e-06, 'epoch': 0.94}
{'loss': 1.341, 'grad_norm': 3.1759414672851562, 'learning_rate': 1.244131455399061e-06, 'epoch': 0.94}
{'loss': 0.8645, 'grad_norm': 5.429523944854736, 'learning_rate': 1.2206572769953053e-06, 'epoch': 0.94}
{'loss': 1.0225, 'grad_norm': 6.03216028213501, 'learning_rate': 1.1971830985915492e-06, 'epoch': 0.94}
{'loss': 1.0154, 'grad_norm': 5.4191203117370605, 'learning_rate': 1.1737089201877936e-06, 'epoch': 0.94}
{'loss': 1.1831, 'grad_norm': 9.51608657836914, 'learning_rate': 1.1502347417840376e-06, 'epoch': 0.94}
{'loss': 1.1978, 'grad_norm': 9.27442455291748, 'learning_rate': 1.1267605633802817e-06, 'epoch': 0.95}
{'loss': 1.0581, 'grad_norm': 8.213203430175781, 'learning_rate': 1.103286384976526e-06, 'epoch': 0.95}
{'loss': 1.1715, 'grad_norm': 4.827266216278076, 'learning_rate': 1.07981220657277e-06, 'epoch': 0.95}
{'loss': 1.1742, 'grad_norm': 3.817136526107788, 'learning_rate': 1.0563380281690142e-06, 'epoch': 0.95}
{'loss': 1.1807, 'grad_norm': 5.406692028045654, 'learning_rate': 1.0328638497652584e-06, 'epoch': 0.95}
{'loss': 0.983, 'grad_norm': 3.429588556289673, 'learning_rate': 1.0093896713615024e-06, 'epoch': 0.95}
{'loss': 1.149, 'grad_norm': 4.274275779724121, 'learning_rate': 9.859154929577465e-07, 'epoch': 0.95}
{'loss': 1.0334, 'grad_norm': 5.856800079345703, 'learning_rate': 9.624413145539907e-07, 'epoch': 0.95}
{'loss': 0.9587, 'grad_norm': 3.7163875102996826, 'learning_rate': 9.389671361502348e-07, 'epoch': 0.96}
{'loss': 0.999, 'grad_norm': 2.6120455265045166, 'learning_rate': 9.154929577464789e-07, 'epoch': 0.96}
{'loss': 0.8891, 'grad_norm': 2.77052640914917, 'learning_rate': 8.92018779342723e-07, 'epoch': 0.96}
{'loss': 1.0669, 'grad_norm': 4.222841262817383, 'learning_rate': 8.685446009389673e-07, 'epoch': 0.96}
{'loss': 0.9565, 'grad_norm': 4.504295825958252, 'learning_rate': 8.450704225352114e-07, 'epoch': 0.96}
{'loss': 0.7687, 'grad_norm': 6.656979084014893, 'learning_rate': 8.215962441314555e-07, 'epoch': 0.96}
{'loss': 0.999, 'grad_norm': 5.2170000076293945, 'learning_rate': 7.981220657276996e-07, 'epoch': 0.96}
{'loss': 1.0274, 'grad_norm': 5.48613166809082, 'learning_rate': 7.746478873239437e-07, 'epoch': 0.96}
{'loss': 1.0137, 'grad_norm': 5.425930023193359, 'learning_rate': 7.511737089201878e-07, 'epoch': 0.96}
{'loss': 1.1965, 'grad_norm': 5.4024248123168945, 'learning_rate': 7.27699530516432e-07, 'epoch': 0.97}
{'loss': 1.0264, 'grad_norm': 6.053008556365967, 'learning_rate': 7.042253521126762e-07, 'epoch': 0.97}
{'loss': 1.1077, 'grad_norm': 4.663224220275879, 'learning_rate': 6.807511737089202e-07, 'epoch': 0.97}
{'loss': 1.1901, 'grad_norm': 6.469062328338623, 'learning_rate': 6.572769953051644e-07, 'epoch': 0.97}
{'loss': 0.9396, 'grad_norm': 5.0536041259765625, 'learning_rate': 6.338028169014085e-07, 'epoch': 0.97}
{'loss': 1.2173, 'grad_norm': 7.283712387084961, 'learning_rate': 6.103286384976526e-07, 'epoch': 0.97}
{'loss': 1.0248, 'grad_norm': 3.7549519538879395, 'learning_rate': 5.868544600938968e-07, 'epoch': 0.97}
{'loss': 0.9797, 'grad_norm': 5.314964771270752, 'learning_rate': 5.633802816901409e-07, 'epoch': 0.97}
{'loss': 1.0786, 'grad_norm': 6.26569128036499, 'learning_rate': 5.39906103286385e-07, 'epoch': 0.98}
{'loss': 1.0732, 'grad_norm': 9.043695449829102, 'learning_rate': 5.164319248826292e-07, 'epoch': 0.98}
{'loss': 1.1386, 'grad_norm': 6.6113481521606445, 'learning_rate': 4.929577464788733e-07, 'epoch': 0.98}
{'loss': 1.1529, 'grad_norm': 5.494571208953857, 'learning_rate': 4.694835680751174e-07, 'epoch': 0.98}
{'loss': 1.0322, 'grad_norm': 4.175725936889648, 'learning_rate': 4.460093896713615e-07, 'epoch': 0.98}
{'loss': 1.2585, 'grad_norm': 6.238636016845703, 'learning_rate': 4.225352112676057e-07, 'epoch': 0.98}
{'loss': 1.0342, 'grad_norm': 8.215624809265137, 'learning_rate': 3.990610328638498e-07, 'epoch': 0.98}
{'loss': 1.2119, 'grad_norm': 5.247491359710693, 'learning_rate': 3.755868544600939e-07, 'epoch': 0.98}
{'loss': 1.2238, 'grad_norm': 4.028273105621338, 'learning_rate': 3.521126760563381e-07, 'epoch': 0.98}
{'loss': 1.1689, 'grad_norm': 7.344116687774658, 'learning_rate': 3.286384976525822e-07, 'epoch': 0.99}
{'loss': 1.1335, 'grad_norm': 4.597553253173828, 'learning_rate': 3.051643192488263e-07, 'epoch': 0.99}
{'loss': 0.9225, 'grad_norm': 4.696315765380859, 'learning_rate': 2.8169014084507043e-07, 'epoch': 0.99}
{'loss': 1.1575, 'grad_norm': 3.940826177597046, 'learning_rate': 2.582159624413146e-07, 'epoch': 0.99}
{'loss': 0.9605, 'grad_norm': 6.972713947296143, 'learning_rate': 2.347417840375587e-07, 'epoch': 0.99}
{'loss': 1.2008, 'grad_norm': 5.419755935668945, 'learning_rate': 2.1126760563380284e-07, 'epoch': 0.99}
{'loss': 0.9515, 'grad_norm': 5.741987705230713, 'learning_rate': 1.8779342723004696e-07, 'epoch': 0.99}
{'loss': 1.024, 'grad_norm': 4.538273334503174, 'learning_rate': 1.643192488262911e-07, 'epoch': 0.99}
{'loss': 1.0723, 'grad_norm': 1.506089687347412, 'learning_rate': 1.4084507042253522e-07, 'epoch': 1.0}
{'loss': 1.3454, 'grad_norm': 5.756951332092285, 'learning_rate': 1.1737089201877935e-07, 'epoch': 1.0}
{'loss': 0.8784, 'grad_norm': 3.918745994567871, 'learning_rate': 9.389671361502348e-08, 'epoch': 1.0}
{'loss': 0.8838, 'grad_norm': 5.28133487701416, 'learning_rate': 7.042253521126761e-08, 'epoch': 1.0}
{'loss': 1.1621, 'grad_norm': 3.519001007080078, 'learning_rate': 4.694835680751174e-08, 'epoch': 1.0}
{'loss': 1.3931, 'grad_norm': 58.282405853271484, 'learning_rate': 2.347417840375587e-08, 'epoch': 1.0}
{'train_runtime': 1434.1379, 'train_samples_per_second': 9.551, 'train_steps_per_second': 0.598, 'train_loss': 1.0907973968440203, 'epoch': 1.0}
Pushing full model and tokenizer to jrepifano/q14b-mix-arm1-r1-seed1...
Saved model to https://huggingface.co/jrepifano/q14b-mix-arm1-r1-seed1
Successfully pushed full model and tokenizer!

{'eval_loss': 0.90333491563797, 'eval_runtime': 9.5219, 'eval_samples_per_second': 13.443, 'eval_steps_per_second': 3.361}
[1;34mwandb[0m: 
[1;34mwandb[0m: You can sync this run to the cloud by running:
[1;34mwandb[0m: [1mwandb sync /workspace/model-organisms-for-EM/wandb/offline-run-20260816_233217-stmguae5[0m
[1;34mwandb[0m: Find logs at: [1;35mwandb/offline-run-20260816_233217-stmguae5/logs[0m
