🦥 Unsloth: Will patch your computer to enable 2x faster free finetuning.
🦥 Unsloth Zoo will now patch everything to make training faster!
INFO 08-17 14:18:02 [__init__.py:243] Automatically detected platform cuda.
==((====))==  Unsloth 2025.6.1: Fast Qwen2 patching. Transformers: 4.52.4. vLLM: 0.9.0.1.
   \\   /|    NVIDIA H100 80GB HBM3. Num GPUs = 1. Max memory: 79.179 GB. Platform: Linux.
O^O/ \_/ \    Torch: 2.7.0+cu126. CUDA: 9.0. CUDA Toolkit: 12.6. Triton: 3.3.0
\        /    Bfloat16 = TRUE. FA [Xformers = 0.0.30. FA2 = False]
 "-____-"     Free license: http://github.com/unslothai/unsloth
Unsloth: Fast downloading is enabled - ignore downloading bars which are red colored!

Not an error, but Unsloth cannot patch MLP layers with our manual autograd engine since either LoRA adapters
are not enabled or a bias term (like in Qwen) is used.
Not an error, but Unsloth cannot patch O projection layer with our manual autograd engine since either LoRA adapters
are not enabled or a bias term (like in Qwen) is used.
Unsloth 2025.6.1 patched 48 layers with 48 QKV layers, 0 O layers and 0 MLP layers.
Creating new LoRA adapter

Map:   0%|          | 0/13013 [00:00<?, ? examples/s]
Map:  31%|███       | 4000/13013 [00:00<00:00, 20911.11 examples/s]
Map:  61%|██████▏   | 8000/13013 [00:00<00:00, 20488.82 examples/s]
Map:  92%|█████████▏| 12000/13013 [00:00<00:00, 19862.22 examples/s]
Map: 100%|██████████| 13013/13013 [00:00<00:00, 20067.05 examples/s]

Map:   0%|          | 0/128 [00:00<?, ? examples/s]
Map: 100%|██████████| 128/128 [00:00<00:00, 14049.43 examples/s]
wandb: Tracking run with wandb version 0.20.1
wandb: W&B syncing is set to `offline` in this directory. Run `wandb online` or set WANDB_MODE=online to enable cloud syncing.
Warning: guessing how to train on responses only

Unsloth: Tokenizing ["text"]:   0%|          | 0/13013 [00:00<?, ? examples/s]
Unsloth: Tokenizing ["text"]:   8%|▊         | 1000/13013 [00:00<00:09, 1255.30 examples/s]
Unsloth: Tokenizing ["text"]:  15%|█▌        | 2000/13013 [00:01<00:08, 1258.93 examples/s]
Unsloth: Tokenizing ["text"]:  23%|██▎       | 3000/13013 [00:02<00:08, 1232.60 examples/s]
Unsloth: Tokenizing ["text"]:  31%|███       | 4000/13013 [00:03<00:07, 1258.77 examples/s]
Unsloth: Tokenizing ["text"]:  38%|███▊      | 5000/13013 [00:03<00:06, 1260.06 examples/s]
Unsloth: Tokenizing ["text"]:  46%|████▌     | 6000/13013 [00:04<00:05, 1269.51 examples/s]
Unsloth: Tokenizing ["text"]:  54%|█████▍    | 7000/13013 [00:05<00:04, 1238.82 examples/s]
Unsloth: Tokenizing ["text"]:  61%|██████▏   | 8000/13013 [00:06<00:04, 1235.13 examples/s]
Unsloth: Tokenizing ["text"]:  69%|██████▉   | 9000/13013 [00:07<00:03, 1228.51 examples/s]
Unsloth: Tokenizing ["text"]:  77%|███████▋  | 10000/13013 [00:08<00:02, 1226.73 examples/s]
Unsloth: Tokenizing ["text"]:  85%|████████▍ | 11000/13013 [00:08<00:01, 1248.11 examples/s]
Unsloth: Tokenizing ["text"]:  92%|█████████▏| 12000/13013 [00:09<00:00, 1255.46 examples/s]
Unsloth: Tokenizing ["text"]: 100%|█████████▉| 13000/13013 [00:10<00:00, 1256.04 examples/s]
Unsloth: Tokenizing ["text"]: 100%|██████████| 13013/13013 [00:10<00:00, 1247.19 examples/s]

Unsloth: Tokenizing ["text"]:   0%|          | 0/128 [00:00<?, ? examples/s]
Unsloth: Tokenizing ["text"]: 100%|██████████| 128/128 [00:00<00:00, 819.86 examples/s]
Unsloth: Tokenizing ["text"]: 100%|██████████| 128/128 [00:00<00:00, 807.98 examples/s]

Map (num_proc=224):   0%|          | 0/13013 [00:00<?, ? examples/s]
Map (num_proc=224):   0%|          | 59/13013 [00:00<00:30, 423.61 examples/s]
Map (num_proc=224):   1%|▏         | 177/13013 [00:00<00:18, 708.94 examples/s]
Map (num_proc=224):   2%|▏         | 295/13013 [00:00<00:14, 859.06 examples/s]
Map (num_proc=224):   3%|▎         | 413/13013 [00:00<00:13, 941.75 examples/s]
Map (num_proc=224):   4%|▍         | 531/13013 [00:00<00:13, 934.07 examples/s]
Map (num_proc=224):   5%|▍         | 649/13013 [00:00<00:12, 959.46 examples/s]
Map (num_proc=224):   6%|▌         | 767/13013 [00:00<00:12, 961.69 examples/s]
Map (num_proc=224):   7%|▋         | 885/13013 [00:00<00:13, 928.07 examples/s]
Map (num_proc=224):   8%|▊         | 1062/13013 [00:01<00:11, 998.23 examples/s]
Map (num_proc=224):  10%|▉         | 1239/13013 [00:01<00:10, 1138.75 examples/s]
Map (num_proc=224):  10%|█         | 1355/13013 [00:01<00:10, 1063.46 examples/s]
Map (num_proc=224):  12%|█▏        | 1529/13013 [00:01<00:10, 1074.85 examples/s]
Map (num_proc=224):  13%|█▎        | 1645/13013 [00:01<00:11, 1027.83 examples/s]
Map (num_proc=224):  14%|█▎        | 1761/13013 [00:01<00:10, 1051.89 examples/s]
Map (num_proc=224):  15%|█▍        | 1935/13013 [00:01<00:09, 1117.43 examples/s]
Map (num_proc=224):  16%|█▌        | 2051/13013 [00:02<00:11, 992.38 examples/s] 
Map (num_proc=224):  17%|█▋        | 2167/13013 [00:02<00:11, 943.82 examples/s]
Map (num_proc=224):  18%|█▊        | 2283/13013 [00:02<00:11, 916.16 examples/s]
Map (num_proc=224):  18%|█▊        | 2399/13013 [00:02<00:11, 903.82 examples/s]
Map (num_proc=224):  19%|█▉        | 2515/13013 [00:02<00:12, 848.72 examples/s]
Map (num_proc=224):  20%|██        | 2631/13013 [00:02<00:12, 860.99 examples/s]
Map (num_proc=224):  21%|██        | 2747/13013 [00:02<00:12, 853.36 examples/s]
Map (num_proc=224):  22%|██▏       | 2863/13013 [00:03<00:12, 843.60 examples/s]
Map (num_proc=224):  23%|██▎       | 2979/13013 [00:03<00:11, 852.69 examples/s]
Map (num_proc=224):  24%|██▍       | 3095/13013 [00:03<00:12, 826.20 examples/s]
Map (num_proc=224):  25%|██▍       | 3211/13013 [00:03<00:11, 851.42 examples/s]
Map (num_proc=224):  26%|██▌       | 3385/13013 [00:03<00:10, 934.83 examples/s]
Map (num_proc=224):  27%|██▋       | 3501/13013 [00:03<00:10, 939.11 examples/s]
Map (num_proc=224):  28%|██▊       | 3675/13013 [00:03<00:09, 965.56 examples/s]
Map (num_proc=224):  30%|██▉       | 3849/13013 [00:04<00:08, 1060.39 examples/s]
Map (num_proc=224):  30%|███       | 3965/13013 [00:04<00:08, 1027.59 examples/s]
Map (num_proc=224):  31%|███▏      | 4081/13013 [00:04<00:09, 973.40 examples/s] 
Map (num_proc=224):  32%|███▏      | 4197/13013 [00:04<00:08, 1000.08 examples/s]
Map (num_proc=224):  33%|███▎      | 4313/13013 [00:04<00:08, 982.94 examples/s] 
Map (num_proc=224):  34%|███▍      | 4429/13013 [00:04<00:08, 963.80 examples/s]
Map (num_proc=224):  35%|███▍      | 4545/13013 [00:04<00:08, 955.91 examples/s]
Map (num_proc=224):  36%|███▌      | 4661/13013 [00:04<00:09, 927.85 examples/s]
Map (num_proc=224):  37%|███▋      | 4777/13013 [00:05<00:08, 944.09 examples/s]
Map (num_proc=224):  38%|███▊      | 4893/13013 [00:05<00:08, 969.17 examples/s]
Map (num_proc=224):  38%|███▊      | 5009/13013 [00:05<00:08, 921.58 examples/s]
Map (num_proc=224):  39%|███▉      | 5125/13013 [00:05<00:08, 919.33 examples/s]
Map (num_proc=224):  40%|████      | 5241/13013 [00:05<00:08, 924.64 examples/s]
Map (num_proc=224):  41%|████      | 5357/13013 [00:05<00:07, 983.34 examples/s]
Map (num_proc=224):  42%|████▏     | 5473/13013 [00:05<00:07, 962.84 examples/s]
Map (num_proc=224):  43%|████▎     | 5589/13013 [00:05<00:07, 961.77 examples/s]
Map (num_proc=224):  44%|████▍     | 5763/13013 [00:06<00:07, 1016.05 examples/s]
Map (num_proc=224):  45%|████▌     | 5879/13013 [00:06<00:07, 1008.21 examples/s]
Map (num_proc=224):  46%|████▌     | 5995/13013 [00:06<00:07, 988.81 examples/s] 
Map (num_proc=224):  47%|████▋     | 6111/13013 [00:06<00:07, 885.01 examples/s]
Map (num_proc=224):  48%|████▊     | 6227/13013 [00:06<00:07, 880.37 examples/s]
Map (num_proc=224):  49%|████▊     | 6343/13013 [00:06<00:07, 881.67 examples/s]
Map (num_proc=224):  50%|████▉     | 6459/13013 [00:06<00:07, 880.19 examples/s]
Map (num_proc=224):  51%|█████     | 6575/13013 [00:06<00:07, 881.24 examples/s]
Map (num_proc=224):  51%|█████▏    | 6691/13013 [00:07<00:07, 840.59 examples/s]
Map (num_proc=224):  52%|█████▏    | 6807/13013 [00:07<00:07, 852.60 examples/s]
Map (num_proc=224):  53%|█████▎    | 6923/13013 [00:07<00:07, 858.27 examples/s]
Map (num_proc=224):  54%|█████▍    | 7039/13013 [00:07<00:07, 823.91 examples/s]
Map (num_proc=224):  55%|█████▍    | 7155/13013 [00:07<00:06, 856.85 examples/s]
Map (num_proc=224):  56%|█████▌    | 7271/13013 [00:07<00:06, 872.81 examples/s]
Map (num_proc=224):  57%|█████▋    | 7387/13013 [00:07<00:06, 864.24 examples/s]
Map (num_proc=224):  58%|█████▊    | 7503/13013 [00:08<00:06, 857.04 examples/s]
Map (num_proc=224):  59%|█████▊    | 7619/13013 [00:08<00:06, 860.08 examples/s]
Map (num_proc=224):  59%|█████▉    | 7735/13013 [00:08<00:06, 844.67 examples/s]
Map (num_proc=224):  60%|██████    | 7851/13013 [00:08<00:06, 843.74 examples/s]
Map (num_proc=224):  61%|██████    | 7967/13013 [00:08<00:06, 830.08 examples/s]
Map (num_proc=224):  62%|██████▏   | 8083/13013 [00:08<00:06, 782.75 examples/s]
Map (num_proc=224):  63%|██████▎   | 8257/13013 [00:08<00:05, 856.53 examples/s]
Map (num_proc=224):  64%|██████▍   | 8373/13013 [00:09<00:05, 860.64 examples/s]
Map (num_proc=224):  65%|██████▌   | 8489/13013 [00:09<00:05, 851.27 examples/s]
Map (num_proc=224):  66%|██████▌   | 8605/13013 [00:09<00:05, 855.55 examples/s]
Map (num_proc=224):  67%|██████▋   | 8721/13013 [00:09<00:04, 878.16 examples/s]
Map (num_proc=224):  68%|██████▊   | 8837/13013 [00:09<00:04, 864.44 examples/s]
Map (num_proc=224):  69%|██████▉   | 8953/13013 [00:09<00:04, 866.85 examples/s]
Map (num_proc=224):  70%|██████▉   | 9069/13013 [00:09<00:04, 823.46 examples/s]
Map (num_proc=224):  71%|███████   | 9185/13013 [00:10<00:04, 845.46 examples/s]
Map (num_proc=224):  71%|███████▏  | 9301/13013 [00:10<00:04, 875.71 examples/s]
Map (num_proc=224):  72%|███████▏  | 9417/13013 [00:10<00:04, 892.95 examples/s]
Map (num_proc=224):  73%|███████▎  | 9533/13013 [00:10<00:03, 893.45 examples/s]
Map (num_proc=224):  74%|███████▍  | 9649/13013 [00:10<00:03, 884.90 examples/s]
Map (num_proc=224):  75%|███████▌  | 9765/13013 [00:10<00:03, 888.02 examples/s]
Map (num_proc=224):  76%|███████▌  | 9881/13013 [00:10<00:03, 921.11 examples/s]
Map (num_proc=224):  77%|███████▋  | 9997/13013 [00:10<00:03, 919.73 examples/s]
Map (num_proc=224):  78%|███████▊  | 10113/13013 [00:11<00:03, 849.50 examples/s]
Map (num_proc=224):  79%|███████▊  | 10229/13013 [00:11<00:03, 882.44 examples/s]
Map (num_proc=224):  79%|███████▉  | 10345/13013 [00:11<00:03, 886.68 examples/s]
Map (num_proc=224):  80%|████████  | 10461/13013 [00:11<00:02, 880.05 examples/s]
Map (num_proc=224):  81%|████████▏ | 10577/13013 [00:11<00:02, 883.29 examples/s]
Map (num_proc=224):  82%|████████▏ | 10693/13013 [00:11<00:02, 928.61 examples/s]
Map (num_proc=224):  83%|████████▎ | 10809/13013 [00:11<00:02, 917.25 examples/s]
Map (num_proc=224):  84%|████████▍ | 10925/13013 [00:11<00:02, 911.04 examples/s]
Map (num_proc=224):  85%|████████▍ | 11041/13013 [00:12<00:02, 910.20 examples/s]
Map (num_proc=224):  86%|████████▌ | 11157/13013 [00:12<00:02, 903.49 examples/s]
Map (num_proc=224):  87%|████████▋ | 11273/13013 [00:12<00:02, 865.87 examples/s]
Map (num_proc=224):  88%|████████▊ | 11389/13013 [00:13<00:06, 248.58 examples/s]
Map (num_proc=224):  91%|█████████ | 11795/13013 [00:13<00:02, 559.87 examples/s]
Map (num_proc=224):  97%|█████████▋| 12665/13013 [00:13<00:00, 1272.89 examples/s]
Map (num_proc=224): 100%|██████████| 13013/13013 [00:14<00:00, 916.41 examples/s] 
num_proc must be <= 128. Reducing num_proc to 128 for dataset of size 128.

Map (num_proc=128):   0%|          | 0/128 [00:00<?, ? examples/s]
Map (num_proc=128):   1%|          | 1/128 [00:00<00:15,  7.97 examples/s]
Map (num_proc=128):   2%|▏         | 3/128 [00:00<00:08, 14.26 examples/s]
Map (num_proc=128):   8%|▊         | 10/128 [00:00<00:03, 33.58 examples/s]
Map (num_proc=128):  14%|█▍        | 18/128 [00:00<00:02, 48.36 examples/s]
Map (num_proc=128):  18%|█▊        | 23/128 [00:00<00:02, 46.29 examples/s]
Map (num_proc=128):  24%|██▍       | 31/128 [00:00<00:01, 51.43 examples/s]
Map (num_proc=128):  30%|███       | 39/128 [00:00<00:01, 56.16 examples/s]
Map (num_proc=128):  35%|███▌      | 45/128 [00:00<00:01, 49.98 examples/s]
Map (num_proc=128):  40%|███▉      | 51/128 [00:01<00:01, 45.71 examples/s]
Map (num_proc=128):  45%|████▌     | 58/128 [00:01<00:01, 48.38 examples/s]
Map (num_proc=128):  50%|█████     | 64/128 [00:01<00:01, 49.14 examples/s]
Map (num_proc=128):  55%|█████▍    | 70/128 [00:01<00:01, 51.34 examples/s]
Map (num_proc=128):  59%|█████▉    | 76/128 [00:01<00:01, 51.87 examples/s]
Map (num_proc=128):  66%|██████▋   | 85/128 [00:01<00:00, 53.20 examples/s]
Map (num_proc=128):  72%|███████▏  | 92/128 [00:01<00:00, 55.93 examples/s]
Map (num_proc=128):  77%|███████▋  | 99/128 [00:01<00:00, 58.56 examples/s]
Map (num_proc=128):  82%|████████▏ | 105/128 [00:02<00:00, 51.94 examples/s]
Map (num_proc=128):  88%|████████▊ | 112/128 [00:02<00:00, 56.00 examples/s]
Map (num_proc=128):  94%|█████████▍| 120/128 [00:02<00:00, 58.87 examples/s]
Map (num_proc=128): 100%|██████████| 128/128 [00:02<00:00, 48.69 examples/s]
==((====))==  Unsloth - 2x faster free finetuning | Num GPUs used = 1
   \\   /|    Num examples = 13,013 | Num Epochs = 2 | Total steps = 857
O^O/ \_/ \    Batch size per device = 4 | Gradient accumulation steps = 4
\        /    Data Parallel GPUs = 1 | Total batch size (4 x 4 x 1) = 16
 "-____-"     Trainable parameters = 18,944/14,770,052,608 (0.00% trained)
wandb: WARNING The `run_name` is currently set to the same value as `TrainingArguments.output_dir`. If this was not intended, please specify a different run name by setting the `TrainingArguments.run_name` parameter.

                                                 

                                               

                                               

                                               

                                               

                                               

                                               

                                               

                                               

                                                

                                                

                                                

                                                

                                                

                                                

                                                

                                                

                                                

                                                

                                                

                                                

                                                

                                                

                                                

                                                

                                                

                                                

                                                

                                                

                                                

                                                

                                                

                                                

                                                

                                                

                                                

                                                

                                                

                                                

                                                

                                                

                                                

                                                

                                                

                                                

                                                

                                                

                                                

                                                

                                                

                                                

                                                

                                                

                                                

                                                

                                                

                                                

                                                

                                                

                                                

                                                

                                                

                                                

                                                

                                                

                                                

                                                

                                                

                                                

                                                

                                                

                                                

                                                

                                                

                                                

                                                

                                                

                                                

                                                
Unsloth: Will smartly offload gradients to save VRAM!
{'loss': 3.1446, 'grad_norm': 10.79443645477295, 'learning_rate': 0.0, 'epoch': 0.0}
{'loss': 2.3452, 'grad_norm': 7.583121299743652, 'learning_rate': 4.000000000000001e-06, 'epoch': 0.0}
{'loss': 1.7697, 'grad_norm': 3.164212465286255, 'learning_rate': 8.000000000000001e-06, 'epoch': 0.0}
{'loss': 1.5636, 'grad_norm': 3.188248872756958, 'learning_rate': 1.2e-05, 'epoch': 0.0}
{'loss': 1.6983, 'grad_norm': 3.500788688659668, 'learning_rate': 1.6000000000000003e-05, 'epoch': 0.01}
{'loss': 1.9064, 'grad_norm': 4.083392143249512, 'learning_rate': 2e-05, 'epoch': 0.01}
{'loss': 2.4534, 'grad_norm': 8.143729209899902, 'learning_rate': 1.9976525821596246e-05, 'epoch': 0.01}
{'loss': 1.9443, 'grad_norm': 6.511119365692139, 'learning_rate': 1.995305164319249e-05, 'epoch': 0.01}
{'loss': 1.619, 'grad_norm': 6.996192932128906, 'learning_rate': 1.9929577464788734e-05, 'epoch': 0.01}
{'loss': 1.7841, 'grad_norm': 6.560939311981201, 'learning_rate': 1.9906103286384977e-05, 'epoch': 0.01}
{'loss': 1.5932, 'grad_norm': 4.832317352294922, 'learning_rate': 1.988262910798122e-05, 'epoch': 0.01}
{'loss': 1.5732, 'grad_norm': 7.183804988861084, 'learning_rate': 1.9859154929577465e-05, 'epoch': 0.01}
{'loss': 1.6026, 'grad_norm': 7.811701774597168, 'learning_rate': 1.9835680751173713e-05, 'epoch': 0.02}
{'loss': 1.8038, 'grad_norm': 8.160435676574707, 'learning_rate': 1.9812206572769953e-05, 'epoch': 0.02}
{'loss': 2.2184, 'grad_norm': 13.409936904907227, 'learning_rate': 1.97887323943662e-05, 'epoch': 0.02}
{'loss': 2.2165, 'grad_norm': 12.509106636047363, 'learning_rate': 1.9765258215962445e-05, 'epoch': 0.02}
{'loss': 1.5825, 'grad_norm': 6.052162170410156, 'learning_rate': 1.9741784037558685e-05, 'epoch': 0.02}
{'loss': 1.457, 'grad_norm': 6.5678205490112305, 'learning_rate': 1.9718309859154933e-05, 'epoch': 0.02}
{'loss': 1.3592, 'grad_norm': 8.328606605529785, 'learning_rate': 1.9694835680751173e-05, 'epoch': 0.02}
{'loss': 1.332, 'grad_norm': 5.497439861297607, 'learning_rate': 1.967136150234742e-05, 'epoch': 0.02}
{'loss': 1.4079, 'grad_norm': 9.29128360748291, 'learning_rate': 1.9647887323943664e-05, 'epoch': 0.03}
{'loss': 1.4258, 'grad_norm': 7.024655818939209, 'learning_rate': 1.962441314553991e-05, 'epoch': 0.03}
{'loss': 1.7016, 'grad_norm': 10.158910751342773, 'learning_rate': 1.9600938967136152e-05, 'epoch': 0.03}
{'loss': 1.7475, 'grad_norm': 12.57249641418457, 'learning_rate': 1.9577464788732396e-05, 'epoch': 0.03}
{'loss': 1.2525, 'grad_norm': 7.8886942863464355, 'learning_rate': 1.955399061032864e-05, 'epoch': 0.03}
{'loss': 1.5559, 'grad_norm': 13.101298332214355, 'learning_rate': 1.9530516431924884e-05, 'epoch': 0.03}
{'loss': 1.5752, 'grad_norm': 10.354723930358887, 'learning_rate': 1.9507042253521128e-05, 'epoch': 0.03}
{'loss': 2.1508, 'grad_norm': 23.843809127807617, 'learning_rate': 1.9483568075117372e-05, 'epoch': 0.03}
{'loss': 1.5462, 'grad_norm': 12.278117179870605, 'learning_rate': 1.9460093896713616e-05, 'epoch': 0.04}
{'loss': 1.5913, 'grad_norm': 14.164902687072754, 'learning_rate': 1.943661971830986e-05, 'epoch': 0.04}
{'loss': 1.65, 'grad_norm': 20.16661834716797, 'learning_rate': 1.9413145539906104e-05, 'epoch': 0.04}
{'loss': 1.3708, 'grad_norm': 29.99652099609375, 'learning_rate': 1.9389671361502348e-05, 'epoch': 0.04}
{'loss': 1.5761, 'grad_norm': 34.93536376953125, 'learning_rate': 1.9366197183098595e-05, 'epoch': 0.04}
{'loss': 1.3812, 'grad_norm': 26.075448989868164, 'learning_rate': 1.9342723004694836e-05, 'epoch': 0.04}
{'loss': 1.36, 'grad_norm': 13.511402130126953, 'learning_rate': 1.9319248826291083e-05, 'epoch': 0.04}
{'loss': 1.2971, 'grad_norm': 13.383201599121094, 'learning_rate': 1.9295774647887327e-05, 'epoch': 0.04}
{'loss': 1.4861, 'grad_norm': 19.072694778442383, 'learning_rate': 1.9272300469483568e-05, 'epoch': 0.05}
{'loss': 1.529, 'grad_norm': 14.405949592590332, 'learning_rate': 1.9248826291079815e-05, 'epoch': 0.05}
{'loss': 1.272, 'grad_norm': 12.454079627990723, 'learning_rate': 1.922535211267606e-05, 'epoch': 0.05}
{'loss': 1.349, 'grad_norm': 13.53246021270752, 'learning_rate': 1.9201877934272303e-05, 'epoch': 0.05}
{'loss': 1.2215, 'grad_norm': 14.880462646484375, 'learning_rate': 1.9178403755868547e-05, 'epoch': 0.05}
{'loss': 1.0273, 'grad_norm': 10.229023933410645, 'learning_rate': 1.9154929577464788e-05, 'epoch': 0.05}
{'loss': 1.1675, 'grad_norm': 9.118640899658203, 'learning_rate': 1.9131455399061035e-05, 'epoch': 0.05}
{'loss': 1.0897, 'grad_norm': 8.166829109191895, 'learning_rate': 1.910798122065728e-05, 'epoch': 0.05}
{'loss': 1.8782, 'grad_norm': 18.824731826782227, 'learning_rate': 1.9084507042253523e-05, 'epoch': 0.06}
{'loss': 1.3951, 'grad_norm': 8.842667579650879, 'learning_rate': 1.9061032863849767e-05, 'epoch': 0.06}
{'loss': 1.153, 'grad_norm': 6.2239813804626465, 'learning_rate': 1.903755868544601e-05, 'epoch': 0.06}
{'loss': 0.9217, 'grad_norm': 6.849100112915039, 'learning_rate': 1.9014084507042255e-05, 'epoch': 0.06}
{'loss': 1.339, 'grad_norm': 5.431814193725586, 'learning_rate': 1.89906103286385e-05, 'epoch': 0.06}
{'loss': 1.2794, 'grad_norm': 7.360814094543457, 'learning_rate': 1.8967136150234743e-05, 'epoch': 0.06}
{'loss': 1.1631, 'grad_norm': 7.70358419418335, 'learning_rate': 1.8943661971830987e-05, 'epoch': 0.06}
{'loss': 1.2692, 'grad_norm': 13.861802101135254, 'learning_rate': 1.892018779342723e-05, 'epoch': 0.06}
{'loss': 1.4037, 'grad_norm': 14.812051773071289, 'learning_rate': 1.8896713615023478e-05, 'epoch': 0.07}
{'loss': 1.2901, 'grad_norm': 9.35575008392334, 'learning_rate': 1.887323943661972e-05, 'epoch': 0.07}
{'loss': 1.1931, 'grad_norm': 5.927931308746338, 'learning_rate': 1.8849765258215962e-05, 'epoch': 0.07}
{'loss': 1.1837, 'grad_norm': 10.414883613586426, 'learning_rate': 1.882629107981221e-05, 'epoch': 0.07}
{'loss': 1.0112, 'grad_norm': 3.5824356079101562, 'learning_rate': 1.880281690140845e-05, 'epoch': 0.07}
{'loss': 1.1881, 'grad_norm': 7.085212707519531, 'learning_rate': 1.8779342723004698e-05, 'epoch': 0.07}
{'loss': 1.1659, 'grad_norm': 7.280221939086914, 'learning_rate': 1.875586854460094e-05, 'epoch': 0.07}
{'loss': 1.2109, 'grad_norm': 4.49341344833374, 'learning_rate': 1.8732394366197186e-05, 'epoch': 0.07}
{'loss': 1.3013, 'grad_norm': 8.155593872070312, 'learning_rate': 1.870892018779343e-05, 'epoch': 0.07}
{'loss': 1.1847, 'grad_norm': 3.0074944496154785, 'learning_rate': 1.8685446009389673e-05, 'epoch': 0.08}
{'loss': 1.1043, 'grad_norm': 4.726903915405273, 'learning_rate': 1.8661971830985917e-05, 'epoch': 0.08}
{'loss': 1.0382, 'grad_norm': 5.317225456237793, 'learning_rate': 1.863849765258216e-05, 'epoch': 0.08}
{'loss': 0.9752, 'grad_norm': 2.848064422607422, 'learning_rate': 1.8615023474178405e-05, 'epoch': 0.08}
{'loss': 1.0773, 'grad_norm': 4.180992603302002, 'learning_rate': 1.859154929577465e-05, 'epoch': 0.08}
{'loss': 1.2951, 'grad_norm': 3.6904618740081787, 'learning_rate': 1.8568075117370893e-05, 'epoch': 0.08}
{'loss': 1.066, 'grad_norm': 2.7983648777008057, 'learning_rate': 1.8544600938967137e-05, 'epoch': 0.08}
{'loss': 1.3085, 'grad_norm': 3.2725281715393066, 'learning_rate': 1.852112676056338e-05, 'epoch': 0.08}
{'loss': 1.3131, 'grad_norm': 3.051013946533203, 'learning_rate': 1.8497652582159625e-05, 'epoch': 0.09}
{'loss': 1.2987, 'grad_norm': 2.9379568099975586, 'learning_rate': 1.847417840375587e-05, 'epoch': 0.09}
{'loss': 0.9453, 'grad_norm': 2.970104694366455, 'learning_rate': 1.8450704225352113e-05, 'epoch': 0.09}
{'loss': 1.2086, 'grad_norm': 2.3531334400177, 'learning_rate': 1.842723004694836e-05, 'epoch': 0.09}
{'loss': 1.1815, 'grad_norm': 8.478442192077637, 'learning_rate': 1.84037558685446e-05, 'epoch': 0.09}
{'loss': 0.9748, 'grad_norm': 2.619858980178833, 'learning_rate': 1.8380281690140845e-05, 'epoch': 0.09}
{'loss': 1.3744, 'grad_norm': 5.985058784484863, 'learning_rate': 1.8356807511737092e-05, 'epoch': 0.09}
{'loss': 1.1748, 'grad_norm': 5.6166229248046875, 'learning_rate': 1.8333333333333333e-05, 'epoch': 0.09}
{'loss': 1.4822, 'grad_norm': 4.437757968902588, 'learning_rate': 1.830985915492958e-05, 'epoch': 0.1}
{'loss': 0.8977, 'grad_norm': 2.312474012374878, 'learning_rate': 1.8286384976525824e-05, 'epoch': 0.1}
                                                

                                                

                                                

                                                

                                                

                                                

                                                

                                                

                                                

                                                

                                                

                                                

                                                

                                                

                                                

                                                

                                                

                                                

                                                

                                                

                                                 

Using gradient accumulation will be very slightly less accurate.
Read more on gradient accumulation issues here: https://unsloth.ai/blog/gradient

{'loss': 1.2776, 'grad_norm': 3.298902750015259, 'learning_rate': 1.8262910798122068e-05, 'epoch': 0.1}
{'loss': 1.0805, 'grad_norm': 2.7377216815948486, 'learning_rate': 1.8239436619718312e-05, 'epoch': 0.1}
{'loss': 1.1296, 'grad_norm': 3.5797741413116455, 'learning_rate': 1.8215962441314556e-05, 'epoch': 0.1}
{'loss': 1.1281, 'grad_norm': 2.934152841567993, 'learning_rate': 1.81924882629108e-05, 'epoch': 0.1}
{'loss': 1.2637, 'grad_norm': 6.691357612609863, 'learning_rate': 1.8169014084507044e-05, 'epoch': 0.1}
{'loss': 1.0448, 'grad_norm': 2.4443492889404297, 'learning_rate': 1.8145539906103288e-05, 'epoch': 0.1}
{'loss': 1.101, 'grad_norm': 2.6133952140808105, 'learning_rate': 1.8122065727699532e-05, 'epoch': 0.11}
{'loss': 0.8931, 'grad_norm': 3.075629234313965, 'learning_rate': 1.8098591549295776e-05, 'epoch': 0.11}
{'loss': 1.024, 'grad_norm': 3.47926664352417, 'learning_rate': 1.807511737089202e-05, 'epoch': 0.11}
{'loss': 1.1979, 'grad_norm': 4.356727600097656, 'learning_rate': 1.8051643192488264e-05, 'epoch': 0.11}
{'loss': 1.0321, 'grad_norm': 2.5266759395599365, 'learning_rate': 1.8028169014084508e-05, 'epoch': 0.11}
{'loss': 1.2952, 'grad_norm': 2.3948333263397217, 'learning_rate': 1.800469483568075e-05, 'epoch': 0.11}
{'loss': 1.036, 'grad_norm': 2.5609405040740967, 'learning_rate': 1.7981220657276996e-05, 'epoch': 0.11}
{'loss': 1.0626, 'grad_norm': 2.793048620223999, 'learning_rate': 1.7957746478873243e-05, 'epoch': 0.11}
{'loss': 0.9985, 'grad_norm': 1.7111209630966187, 'learning_rate': 1.7934272300469484e-05, 'epoch': 0.12}
{'loss': 1.0305, 'grad_norm': 2.8339903354644775, 'learning_rate': 1.7910798122065727e-05, 'epoch': 0.12}
{'loss': 1.2038, 'grad_norm': 2.6601665019989014, 'learning_rate': 1.7887323943661975e-05, 'epoch': 0.12}
{'loss': 1.3249, 'grad_norm': 2.4185073375701904, 'learning_rate': 1.7863849765258215e-05, 'epoch': 0.12}
{'loss': 1.0939, 'grad_norm': 2.8275604248046875, 'learning_rate': 1.7840375586854463e-05, 'epoch': 0.12}
{'loss': 0.9612, 'grad_norm': 2.816563844680786, 'learning_rate': 1.7816901408450707e-05, 'epoch': 0.12}
{'loss': 1.0448, 'grad_norm': 2.913841962814331, 'learning_rate': 1.779342723004695e-05, 'epoch': 0.12}
































                                                 


                                               
[A


                                               [A
                                                 

                                                 

                                                 

                                                 

                                                 

                                                 

                                                 

                                                 

                                                 

                                                 

                                                 

                                                 

                                                 

                                                 

                                                 

                                                 

                                                 

                                                 

                                                 

                                                 

                                                 

                                                 

                                                 

                                                 

                                                 

                                                 

                                                 

                                                 

                                                 

                                                 

                                                 

                                                 

                                                 

                                                 

                                                 

                                                 

                                                 

                                                 

                                                 

                                                 

                                                 

                                                 

                                                 

                                                 

                                                 

                                                 

                                                 

                                                 

                                                 

                                                 

                                                 

                                                 

                                                 

                                                 

                                                 

                                                 

                                                 

                                                 

                                                 

                                                 

                                                 

                                                 

                                                 

                                                 

                                                 

                                                 

                                                 

                                                 

                                                 

                                                 

                                                 

                                                 

                                                 

                                                 

                                                 

                                                 

                                                 
{'eval_loss': 0.9277340173721313, 'eval_runtime': 10.0251, 'eval_samples_per_second': 12.768, 'eval_steps_per_second': 3.192, 'epoch': 0.12}
{'loss': 0.9061, 'grad_norm': 3.547337532043457, 'learning_rate': 1.7769953051643195e-05, 'epoch': 0.12}
{'loss': 1.2073, 'grad_norm': 4.001672744750977, 'learning_rate': 1.774647887323944e-05, 'epoch': 0.13}
{'loss': 1.0232, 'grad_norm': 5.9672627449035645, 'learning_rate': 1.7723004694835683e-05, 'epoch': 0.13}
{'loss': 1.2745, 'grad_norm': 20.000776290893555, 'learning_rate': 1.7699530516431927e-05, 'epoch': 0.13}
{'loss': 1.2846, 'grad_norm': 33.57505798339844, 'learning_rate': 1.767605633802817e-05, 'epoch': 0.13}
{'loss': 1.1447, 'grad_norm': 6.450436592102051, 'learning_rate': 1.7652582159624414e-05, 'epoch': 0.13}
{'loss': 1.2311, 'grad_norm': 3.0141966342926025, 'learning_rate': 1.762910798122066e-05, 'epoch': 0.13}
{'loss': 0.9815, 'grad_norm': 2.2442681789398193, 'learning_rate': 1.7605633802816902e-05, 'epoch': 0.13}
{'loss': 1.082, 'grad_norm': 3.7364180088043213, 'learning_rate': 1.7582159624413146e-05, 'epoch': 0.13}
{'loss': 1.0801, 'grad_norm': 4.391049861907959, 'learning_rate': 1.755868544600939e-05, 'epoch': 0.14}
{'loss': 0.9695, 'grad_norm': 2.3682491779327393, 'learning_rate': 1.7535211267605638e-05, 'epoch': 0.14}
{'loss': 1.2398, 'grad_norm': 2.8541011810302734, 'learning_rate': 1.7511737089201878e-05, 'epoch': 0.14}
{'loss': 1.0046, 'grad_norm': 5.25347375869751, 'learning_rate': 1.7488262910798126e-05, 'epoch': 0.14}
{'loss': 0.9132, 'grad_norm': 1.6650183200836182, 'learning_rate': 1.7464788732394366e-05, 'epoch': 0.14}
{'loss': 1.0506, 'grad_norm': 2.0850837230682373, 'learning_rate': 1.744131455399061e-05, 'epoch': 0.14}
{'loss': 1.3104, 'grad_norm': 12.848076820373535, 'learning_rate': 1.7417840375586857e-05, 'epoch': 0.14}
{'loss': 1.2472, 'grad_norm': 2.686073064804077, 'learning_rate': 1.7394366197183098e-05, 'epoch': 0.14}
{'loss': 0.9336, 'grad_norm': 5.186026573181152, 'learning_rate': 1.7370892018779345e-05, 'epoch': 0.15}
{'loss': 1.1325, 'grad_norm': 9.693142890930176, 'learning_rate': 1.734741784037559e-05, 'epoch': 0.15}
{'loss': 0.8822, 'grad_norm': 24.272336959838867, 'learning_rate': 1.732394366197183e-05, 'epoch': 0.15}
{'loss': 1.0804, 'grad_norm': 3.82360577583313, 'learning_rate': 1.7300469483568077e-05, 'epoch': 0.15}
{'loss': 1.0538, 'grad_norm': 6.032669544219971, 'learning_rate': 1.727699530516432e-05, 'epoch': 0.15}
{'loss': 1.2939, 'grad_norm': 3.321993112564087, 'learning_rate': 1.7253521126760565e-05, 'epoch': 0.15}
{'loss': 1.4087, 'grad_norm': 7.257688522338867, 'learning_rate': 1.723004694835681e-05, 'epoch': 0.15}
{'loss': 1.2498, 'grad_norm': 3.460129976272583, 'learning_rate': 1.7206572769953053e-05, 'epoch': 0.15}
{'loss': 0.9318, 'grad_norm': 8.959131240844727, 'learning_rate': 1.7183098591549297e-05, 'epoch': 0.15}
{'loss': 1.2215, 'grad_norm': 2.478729248046875, 'learning_rate': 1.715962441314554e-05, 'epoch': 0.16}
{'loss': 1.1048, 'grad_norm': 2.5176734924316406, 'learning_rate': 1.7136150234741785e-05, 'epoch': 0.16}
{'loss': 0.9808, 'grad_norm': 6.9875640869140625, 'learning_rate': 1.711267605633803e-05, 'epoch': 0.16}
{'loss': 0.8818, 'grad_norm': 3.781139850616455, 'learning_rate': 1.7089201877934273e-05, 'epoch': 0.16}
{'loss': 1.1722, 'grad_norm': 3.479541063308716, 'learning_rate': 1.706572769953052e-05, 'epoch': 0.16}
{'loss': 1.1291, 'grad_norm': 14.888372421264648, 'learning_rate': 1.704225352112676e-05, 'epoch': 0.16}
{'loss': 0.8159, 'grad_norm': 3.8988840579986572, 'learning_rate': 1.7018779342723005e-05, 'epoch': 0.16}
{'loss': 1.1427, 'grad_norm': 5.121524810791016, 'learning_rate': 1.6995305164319252e-05, 'epoch': 0.16}
{'loss': 1.0301, 'grad_norm': 4.793401718139648, 'learning_rate': 1.6971830985915493e-05, 'epoch': 0.17}
{'loss': 0.8932, 'grad_norm': 6.153890132904053, 'learning_rate': 1.694835680751174e-05, 'epoch': 0.17}
{'loss': 1.1132, 'grad_norm': 3.5193705558776855, 'learning_rate': 1.692488262910798e-05, 'epoch': 0.17}
{'loss': 0.8995, 'grad_norm': 3.1960954666137695, 'learning_rate': 1.6901408450704228e-05, 'epoch': 0.17}
{'loss': 1.0305, 'grad_norm': 4.337048530578613, 'learning_rate': 1.6877934272300472e-05, 'epoch': 0.17}
{'loss': 1.1656, 'grad_norm': 9.744531631469727, 'learning_rate': 1.6854460093896712e-05, 'epoch': 0.17}
{'loss': 0.8119, 'grad_norm': 3.008462429046631, 'learning_rate': 1.683098591549296e-05, 'epoch': 0.17}
{'loss': 0.8336, 'grad_norm': 5.266918182373047, 'learning_rate': 1.6807511737089204e-05, 'epoch': 0.17}
{'loss': 0.7743, 'grad_norm': 2.7026584148406982, 'learning_rate': 1.6784037558685448e-05, 'epoch': 0.18}
{'loss': 0.8519, 'grad_norm': 4.811135292053223, 'learning_rate': 1.676056338028169e-05, 'epoch': 0.18}
{'loss': 0.8058, 'grad_norm': 3.6888835430145264, 'learning_rate': 1.6737089201877936e-05, 'epoch': 0.18}
{'loss': 1.0616, 'grad_norm': 4.074142932891846, 'learning_rate': 1.671361502347418e-05, 'epoch': 0.18}
{'loss': 1.0038, 'grad_norm': 2.439197540283203, 'learning_rate': 1.6690140845070424e-05, 'epoch': 0.18}
{'loss': 1.2124, 'grad_norm': 10.041800498962402, 'learning_rate': 1.6666666666666667e-05, 'epoch': 0.18}
{'loss': 1.2107, 'grad_norm': 3.313075065612793, 'learning_rate': 1.664319248826291e-05, 'epoch': 0.18}
{'loss': 1.2041, 'grad_norm': 4.209927082061768, 'learning_rate': 1.6619718309859155e-05, 'epoch': 0.18}
{'loss': 1.097, 'grad_norm': 2.8852949142456055, 'learning_rate': 1.6596244131455403e-05, 'epoch': 0.19}
{'loss': 1.2482, 'grad_norm': 6.561062812805176, 'learning_rate': 1.6572769953051643e-05, 'epoch': 0.19}
{'loss': 0.9835, 'grad_norm': 2.948909044265747, 'learning_rate': 1.6549295774647887e-05, 'epoch': 0.19}
{'loss': 1.2632, 'grad_norm': 3.072319269180298, 'learning_rate': 1.6525821596244135e-05, 'epoch': 0.19}
{'loss': 1.206, 'grad_norm': 7.525856018066406, 'learning_rate': 1.6502347417840375e-05, 'epoch': 0.19}
{'loss': 1.1278, 'grad_norm': 4.318676948547363, 'learning_rate': 1.6478873239436623e-05, 'epoch': 0.19}
{'loss': 1.0994, 'grad_norm': 4.194653034210205, 'learning_rate': 1.6455399061032866e-05, 'epoch': 0.19}
{'loss': 1.069, 'grad_norm': 3.4998629093170166, 'learning_rate': 1.643192488262911e-05, 'epoch': 0.19}
{'loss': 0.634, 'grad_norm': 3.0647685527801514, 'learning_rate': 1.6408450704225354e-05, 'epoch': 0.2}
{'loss': 1.0666, 'grad_norm': 6.211841106414795, 'learning_rate': 1.6384976525821595e-05, 'epoch': 0.2}
{'loss': 1.2681, 'grad_norm': 6.848577499389648, 'learning_rate': 1.6361502347417842e-05, 'epoch': 0.2}
{'loss': 1.0298, 'grad_norm': 7.1958417892456055, 'learning_rate': 1.6338028169014086e-05, 'epoch': 0.2}
{'loss': 1.271, 'grad_norm': 3.6639037132263184, 'learning_rate': 1.631455399061033e-05, 'epoch': 0.2}
{'loss': 1.2326, 'grad_norm': 3.6677608489990234, 'learning_rate': 1.6291079812206574e-05, 'epoch': 0.2}
{'loss': 1.2139, 'grad_norm': 3.7685749530792236, 'learning_rate': 1.6267605633802818e-05, 'epoch': 0.2}
{'loss': 1.1659, 'grad_norm': 2.8005192279815674, 'learning_rate': 1.6244131455399062e-05, 'epoch': 0.2}
{'loss': 0.9843, 'grad_norm': 3.177095890045166, 'learning_rate': 1.6220657276995306e-05, 'epoch': 0.21}
{'loss': 0.9801, 'grad_norm': 6.862458229064941, 'learning_rate': 1.619718309859155e-05, 'epoch': 0.21}
{'loss': 0.9845, 'grad_norm': 2.0546317100524902, 'learning_rate': 1.6173708920187794e-05, 'epoch': 0.21}
{'loss': 1.1156, 'grad_norm': 3.982818126678467, 'learning_rate': 1.6150234741784038e-05, 'epoch': 0.21}
{'loss': 0.9165, 'grad_norm': 3.550867795944214, 'learning_rate': 1.6126760563380285e-05, 'epoch': 0.21}
{'loss': 0.8459, 'grad_norm': 4.127905368804932, 'learning_rate': 1.6103286384976526e-05, 'epoch': 0.21}
{'loss': 1.0773, 'grad_norm': 7.456752777099609, 'learning_rate': 1.607981220657277e-05, 'epoch': 0.21}
{'loss': 0.776, 'grad_norm': 3.6299526691436768, 'learning_rate': 1.6056338028169017e-05, 'epoch': 0.21}
{'loss': 1.0447, 'grad_norm': 4.0088067054748535, 'learning_rate': 1.6032863849765258e-05, 'epoch': 0.22}
{'loss': 1.0097, 'grad_norm': 4.003434181213379, 'learning_rate': 1.6009389671361505e-05, 'epoch': 0.22}
{'loss': 1.0808, 'grad_norm': 8.00570011138916, 'learning_rate': 1.598591549295775e-05, 'epoch': 0.22}
                                                 

                                                 

                                                 

                                                 

                                                 

                                                 

                                                 

                                                 

                                                 

                                                 

                                                 

                                                 

                                                 

                                                 

                                                 

                                                 

                                                 

                                                 

                                                 

                                                 

                                                 

                                                 

                                                 

{'loss': 0.9726, 'grad_norm': 4.536763668060303, 'learning_rate': 1.5962441314553993e-05, 'epoch': 0.22}
{'loss': 1.1021, 'grad_norm': 3.0620675086975098, 'learning_rate': 1.5938967136150237e-05, 'epoch': 0.22}
{'loss': 0.91, 'grad_norm': 4.868247032165527, 'learning_rate': 1.591549295774648e-05, 'epoch': 0.22}
{'loss': 0.7781, 'grad_norm': 6.505950927734375, 'learning_rate': 1.5892018779342725e-05, 'epoch': 0.22}
{'loss': 0.7992, 'grad_norm': 2.9513967037200928, 'learning_rate': 1.586854460093897e-05, 'epoch': 0.22}
{'loss': 1.0483, 'grad_norm': 4.362025260925293, 'learning_rate': 1.5845070422535213e-05, 'epoch': 0.22}
{'loss': 1.1429, 'grad_norm': 7.93165922164917, 'learning_rate': 1.5821596244131457e-05, 'epoch': 0.23}
{'loss': 1.0922, 'grad_norm': 2.3386762142181396, 'learning_rate': 1.57981220657277e-05, 'epoch': 0.23}
{'loss': 1.3097, 'grad_norm': 4.45952033996582, 'learning_rate': 1.5774647887323945e-05, 'epoch': 0.23}
{'loss': 0.9612, 'grad_norm': 2.1085045337677, 'learning_rate': 1.575117370892019e-05, 'epoch': 0.23}
{'loss': 0.9928, 'grad_norm': 2.639976739883423, 'learning_rate': 1.5727699530516433e-05, 'epoch': 0.23}
{'loss': 1.3691, 'grad_norm': 5.281075954437256, 'learning_rate': 1.5704225352112677e-05, 'epoch': 0.23}
{'loss': 1.0652, 'grad_norm': 3.491297721862793, 'learning_rate': 1.568075117370892e-05, 'epoch': 0.23}
{'loss': 0.9172, 'grad_norm': 11.639944076538086, 'learning_rate': 1.5657276995305168e-05, 'epoch': 0.23}
{'loss': 0.8909, 'grad_norm': 2.4277522563934326, 'learning_rate': 1.563380281690141e-05, 'epoch': 0.24}
{'loss': 1.1256, 'grad_norm': 6.426445484161377, 'learning_rate': 1.5610328638497652e-05, 'epoch': 0.24}
{'loss': 0.9313, 'grad_norm': 2.447557210922241, 'learning_rate': 1.55868544600939e-05, 'epoch': 0.24}
{'loss': 0.9826, 'grad_norm': 5.8015971183776855, 'learning_rate': 1.556338028169014e-05, 'epoch': 0.24}
{'loss': 0.9869, 'grad_norm': 2.126762628555298, 'learning_rate': 1.5539906103286388e-05, 'epoch': 0.24}
{'loss': 0.8599, 'grad_norm': 2.686647891998291, 'learning_rate': 1.551643192488263e-05, 'epoch': 0.24}
{'loss': 1.2112, 'grad_norm': 3.9400248527526855, 'learning_rate': 1.5492957746478872e-05, 'epoch': 0.24}
{'loss': 1.1038, 'grad_norm': 8.848803520202637, 'learning_rate': 1.546948356807512e-05, 'epoch': 0.24}
{'loss': 0.8456, 'grad_norm': 10.38177490234375, 'learning_rate': 1.5446009389671363e-05, 'epoch': 0.25}
































                                                 


                                               
[A


                                               [A
                                                 

                                                 

                                                 

                                                 

                                                 

                                                 

                                                 

                                                 

                                                 

                                                 

                                                 

                                                 

                                                 

                                                 

                                                 

                                                 

                                                 

                                                 

                                                 

                                                 

                                                 

                                                 

                                                 

                                                 

                                                 

                                                 

                                                 

                                                 

                                                 

                                                 

                                                 

                                                 

                                                 

                                                 

                                                 

                                                 

                                                 

                                                 

                                                 

                                                 

                                                 

                                                 

                                                 

                                                 

                                                 

                                                 

                                                 

                                                 

                                                 

                                                 

                                                 

                                                 

                                                 

                                                 

                                                 

                                                 

                                                 

                                                 

                                                 

                                                 

                                                 

                                                 

                                                 

                                                 

                                                 

                                                 

                                                 

                                                 

                                                 

                                                 

                                                 

                                                 

                                                 

                                                 

                                                 

                                                 

                                                 
{'eval_loss': 0.9138026237487793, 'eval_runtime': 9.6536, 'eval_samples_per_second': 13.259, 'eval_steps_per_second': 3.315, 'epoch': 0.25}
{'loss': 1.0423, 'grad_norm': 5.032428741455078, 'learning_rate': 1.5422535211267607e-05, 'epoch': 0.25}
{'loss': 0.92, 'grad_norm': 3.2625651359558105, 'learning_rate': 1.539906103286385e-05, 'epoch': 0.25}
{'loss': 0.9258, 'grad_norm': 10.412179946899414, 'learning_rate': 1.5375586854460095e-05, 'epoch': 0.25}
{'loss': 1.0274, 'grad_norm': 6.043984889984131, 'learning_rate': 1.535211267605634e-05, 'epoch': 0.25}
{'loss': 1.0173, 'grad_norm': 3.7327005863189697, 'learning_rate': 1.5328638497652583e-05, 'epoch': 0.25}
{'loss': 0.9707, 'grad_norm': 4.173252105712891, 'learning_rate': 1.5305164319248827e-05, 'epoch': 0.25}
{'loss': 1.0694, 'grad_norm': 3.1574273109436035, 'learning_rate': 1.528169014084507e-05, 'epoch': 0.25}
{'loss': 1.0246, 'grad_norm': 5.364295959472656, 'learning_rate': 1.5258215962441317e-05, 'epoch': 0.26}
{'loss': 1.3465, 'grad_norm': 4.9795122146606445, 'learning_rate': 1.5234741784037559e-05, 'epoch': 0.26}
{'loss': 1.6214, 'grad_norm': 4.806617259979248, 'learning_rate': 1.5211267605633803e-05, 'epoch': 0.26}
{'loss': 1.1093, 'grad_norm': 7.26565408706665, 'learning_rate': 1.5187793427230049e-05, 'epoch': 0.26}
{'loss': 1.4336, 'grad_norm': 5.54237699508667, 'learning_rate': 1.5164319248826291e-05, 'epoch': 0.26}
{'loss': 1.1387, 'grad_norm': 8.623178482055664, 'learning_rate': 1.5140845070422537e-05, 'epoch': 0.26}
{'loss': 0.9067, 'grad_norm': 3.7567460536956787, 'learning_rate': 1.511737089201878e-05, 'epoch': 0.26}
{'loss': 1.0407, 'grad_norm': 7.311586856842041, 'learning_rate': 1.5093896713615025e-05, 'epoch': 0.26}
{'loss': 1.1051, 'grad_norm': 3.0292232036590576, 'learning_rate': 1.5070422535211269e-05, 'epoch': 0.27}
{'loss': 1.2968, 'grad_norm': 3.185290575027466, 'learning_rate': 1.5046948356807514e-05, 'epoch': 0.27}
{'loss': 1.1964, 'grad_norm': 12.965310096740723, 'learning_rate': 1.5023474178403756e-05, 'epoch': 0.27}
{'loss': 1.2712, 'grad_norm': 13.18569564819336, 'learning_rate': 1.5000000000000002e-05, 'epoch': 0.27}
{'loss': 1.0925, 'grad_norm': 24.637685775756836, 'learning_rate': 1.4976525821596246e-05, 'epoch': 0.27}
{'loss': 0.9239, 'grad_norm': 11.479747772216797, 'learning_rate': 1.4953051643192488e-05, 'epoch': 0.27}
{'loss': 1.0239, 'grad_norm': 8.221308708190918, 'learning_rate': 1.4929577464788734e-05, 'epoch': 0.27}
{'loss': 1.0574, 'grad_norm': 4.3592047691345215, 'learning_rate': 1.4906103286384978e-05, 'epoch': 0.27}
{'loss': 0.9858, 'grad_norm': 3.0035626888275146, 'learning_rate': 1.4882629107981222e-05, 'epoch': 0.28}
{'loss': 1.0035, 'grad_norm': 3.8867595195770264, 'learning_rate': 1.4859154929577466e-05, 'epoch': 0.28}
{'loss': 0.986, 'grad_norm': 8.14126968383789, 'learning_rate': 1.4835680751173711e-05, 'epoch': 0.28}
{'loss': 0.9704, 'grad_norm': 8.32469367980957, 'learning_rate': 1.4812206572769954e-05, 'epoch': 0.28}
{'loss': 1.0763, 'grad_norm': 4.919918060302734, 'learning_rate': 1.47887323943662e-05, 'epoch': 0.28}
{'loss': 0.9959, 'grad_norm': 4.651808261871338, 'learning_rate': 1.4765258215962443e-05, 'epoch': 0.28}
{'loss': 1.1266, 'grad_norm': 5.53204345703125, 'learning_rate': 1.4741784037558686e-05, 'epoch': 0.28}
{'loss': 1.1659, 'grad_norm': 4.098726272583008, 'learning_rate': 1.4718309859154931e-05, 'epoch': 0.28}
{'loss': 1.1548, 'grad_norm': 7.638750076293945, 'learning_rate': 1.4694835680751174e-05, 'epoch': 0.29}
{'loss': 0.9906, 'grad_norm': 5.980726718902588, 'learning_rate': 1.467136150234742e-05, 'epoch': 0.29}
{'loss': 0.9328, 'grad_norm': 9.94735050201416, 'learning_rate': 1.4647887323943663e-05, 'epoch': 0.29}
{'loss': 1.3011, 'grad_norm': 4.957592010498047, 'learning_rate': 1.4624413145539907e-05, 'epoch': 0.29}
{'loss': 0.9674, 'grad_norm': 3.927907705307007, 'learning_rate': 1.4600938967136151e-05, 'epoch': 0.29}
{'loss': 0.9525, 'grad_norm': 7.65347146987915, 'learning_rate': 1.4577464788732397e-05, 'epoch': 0.29}
{'loss': 1.0585, 'grad_norm': 4.01235294342041, 'learning_rate': 1.4553990610328639e-05, 'epoch': 0.29}
{'loss': 1.2011, 'grad_norm': 2.871290445327759, 'learning_rate': 1.4530516431924883e-05, 'epoch': 0.29}
{'loss': 0.92, 'grad_norm': 4.8786234855651855, 'learning_rate': 1.4507042253521129e-05, 'epoch': 0.3}
{'loss': 0.9469, 'grad_norm': 3.1109306812286377, 'learning_rate': 1.4483568075117371e-05, 'epoch': 0.3}
{'loss': 1.0152, 'grad_norm': 4.000086307525635, 'learning_rate': 1.4460093896713617e-05, 'epoch': 0.3}
{'loss': 0.8463, 'grad_norm': 4.8521504402160645, 'learning_rate': 1.443661971830986e-05, 'epoch': 0.3}
{'loss': 1.1514, 'grad_norm': 4.561008930206299, 'learning_rate': 1.4413145539906104e-05, 'epoch': 0.3}
{'loss': 0.847, 'grad_norm': 1.6845991611480713, 'learning_rate': 1.4389671361502348e-05, 'epoch': 0.3}
{'loss': 0.9175, 'grad_norm': 4.489502906799316, 'learning_rate': 1.4366197183098594e-05, 'epoch': 0.3}
{'loss': 0.9493, 'grad_norm': 3.2082977294921875, 'learning_rate': 1.4342723004694836e-05, 'epoch': 0.3}
{'loss': 0.9863, 'grad_norm': 4.076938152313232, 'learning_rate': 1.4319248826291082e-05, 'epoch': 0.3}
{'loss': 1.1109, 'grad_norm': 5.638627052307129, 'learning_rate': 1.4295774647887326e-05, 'epoch': 0.31}
{'loss': 1.065, 'grad_norm': 9.764663696289062, 'learning_rate': 1.4272300469483568e-05, 'epoch': 0.31}
{'loss': 1.06, 'grad_norm': 3.6684796810150146, 'learning_rate': 1.4248826291079814e-05, 'epoch': 0.31}
{'loss': 0.9246, 'grad_norm': 3.92802095413208, 'learning_rate': 1.4225352112676058e-05, 'epoch': 0.31}
{'loss': 0.9752, 'grad_norm': 6.052249908447266, 'learning_rate': 1.4201877934272302e-05, 'epoch': 0.31}
{'loss': 0.8463, 'grad_norm': 3.375389575958252, 'learning_rate': 1.4178403755868546e-05, 'epoch': 0.31}
{'loss': 0.9209, 'grad_norm': 2.982121467590332, 'learning_rate': 1.4154929577464788e-05, 'epoch': 0.31}
{'loss': 0.9771, 'grad_norm': 5.442376136779785, 'learning_rate': 1.4131455399061034e-05, 'epoch': 0.31}
{'loss': 1.0322, 'grad_norm': 4.372204780578613, 'learning_rate': 1.410798122065728e-05, 'epoch': 0.32}
{'loss': 0.8779, 'grad_norm': 10.482604026794434, 'learning_rate': 1.4084507042253522e-05, 'epoch': 0.32}
{'loss': 1.063, 'grad_norm': 3.6869428157806396, 'learning_rate': 1.4061032863849765e-05, 'epoch': 0.32}
{'loss': 0.8088, 'grad_norm': 4.974267482757568, 'learning_rate': 1.4037558685446011e-05, 'epoch': 0.32}
{'loss': 1.1318, 'grad_norm': 2.8908565044403076, 'learning_rate': 1.4014084507042253e-05, 'epoch': 0.32}
{'loss': 0.9317, 'grad_norm': 2.7627077102661133, 'learning_rate': 1.3990610328638499e-05, 'epoch': 0.32}
{'loss': 1.1347, 'grad_norm': 12.460888862609863, 'learning_rate': 1.3967136150234743e-05, 'epoch': 0.32}
{'loss': 1.0202, 'grad_norm': 2.6233675479888916, 'learning_rate': 1.3943661971830987e-05, 'epoch': 0.32}
{'loss': 1.1432, 'grad_norm': 8.507377624511719, 'learning_rate': 1.3920187793427231e-05, 'epoch': 0.33}
{'loss': 1.0454, 'grad_norm': 4.397658348083496, 'learning_rate': 1.3896713615023477e-05, 'epoch': 0.33}
{'loss': 1.1895, 'grad_norm': 6.586546897888184, 'learning_rate': 1.3873239436619719e-05, 'epoch': 0.33}
{'loss': 1.0102, 'grad_norm': 5.078343391418457, 'learning_rate': 1.3849765258215963e-05, 'epoch': 0.33}
{'loss': 0.8488, 'grad_norm': 3.2699501514434814, 'learning_rate': 1.3826291079812208e-05, 'epoch': 0.33}
{'loss': 0.9783, 'grad_norm': 5.3655571937561035, 'learning_rate': 1.380281690140845e-05, 'epoch': 0.33}
{'loss': 1.1835, 'grad_norm': 6.061948776245117, 'learning_rate': 1.3779342723004696e-05, 'epoch': 0.33}
{'loss': 1.2625, 'grad_norm': 9.19265079498291, 'learning_rate': 1.375586854460094e-05, 'epoch': 0.33}
{'loss': 1.068, 'grad_norm': 14.438453674316406, 'learning_rate': 1.3732394366197184e-05, 'epoch': 0.34}
{'loss': 1.1056, 'grad_norm': 6.006550312042236, 'learning_rate': 1.3708920187793428e-05, 'epoch': 0.34}
{'loss': 1.3041, 'grad_norm': 4.951140403747559, 'learning_rate': 1.3685446009389674e-05, 'epoch': 0.34}
{'loss': 0.9537, 'grad_norm': 6.447542667388916, 'learning_rate': 1.3661971830985916e-05, 'epoch': 0.34}
{'loss': 0.9914, 'grad_norm': 5.502440929412842, 'learning_rate': 1.3638497652582162e-05, 'epoch': 0.34}
                                                 

                                                 

                                                 

                                                 

                                                 

                                                 

                                                 

                                                 

                                                 

                                                 

                                                 

                                                 

                                                 

                                                 

                                                 

                                                 

                                                 

                                                 

                                                 

                                                 

                                                 

                                                 

                                                 

{'loss': 1.2268, 'grad_norm': 4.380423069000244, 'learning_rate': 1.3615023474178406e-05, 'epoch': 0.34}
{'loss': 0.9725, 'grad_norm': 4.724782466888428, 'learning_rate': 1.3591549295774648e-05, 'epoch': 0.34}
{'loss': 0.8879, 'grad_norm': 7.398463249206543, 'learning_rate': 1.3568075117370894e-05, 'epoch': 0.34}
{'loss': 1.0204, 'grad_norm': 2.5515658855438232, 'learning_rate': 1.3544600938967136e-05, 'epoch': 0.35}
{'loss': 0.9716, 'grad_norm': 1.8261940479278564, 'learning_rate': 1.3521126760563382e-05, 'epoch': 0.35}
{'loss': 1.0908, 'grad_norm': 3.3430097103118896, 'learning_rate': 1.3497652582159626e-05, 'epoch': 0.35}
{'loss': 1.0353, 'grad_norm': 2.5275888442993164, 'learning_rate': 1.347417840375587e-05, 'epoch': 0.35}
{'loss': 0.9968, 'grad_norm': 6.514745235443115, 'learning_rate': 1.3450704225352114e-05, 'epoch': 0.35}
{'loss': 1.0099, 'grad_norm': 2.825598955154419, 'learning_rate': 1.342723004694836e-05, 'epoch': 0.35}
{'loss': 0.9702, 'grad_norm': 3.886326313018799, 'learning_rate': 1.3403755868544601e-05, 'epoch': 0.35}
{'loss': 1.0561, 'grad_norm': 4.176931858062744, 'learning_rate': 1.3380281690140845e-05, 'epoch': 0.35}
{'loss': 0.9706, 'grad_norm': 3.3294997215270996, 'learning_rate': 1.3356807511737091e-05, 'epoch': 0.36}
{'loss': 0.9918, 'grad_norm': 5.438373565673828, 'learning_rate': 1.3333333333333333e-05, 'epoch': 0.36}
{'loss': 1.0037, 'grad_norm': 3.3644211292266846, 'learning_rate': 1.3309859154929579e-05, 'epoch': 0.36}
{'loss': 0.9274, 'grad_norm': 6.387603282928467, 'learning_rate': 1.3286384976525823e-05, 'epoch': 0.36}
{'loss': 1.1162, 'grad_norm': 3.529608726501465, 'learning_rate': 1.3262910798122067e-05, 'epoch': 0.36}
{'loss': 0.9634, 'grad_norm': 8.37096881866455, 'learning_rate': 1.323943661971831e-05, 'epoch': 0.36}
{'loss': 1.0188, 'grad_norm': 4.008876323699951, 'learning_rate': 1.3215962441314556e-05, 'epoch': 0.36}
{'loss': 1.1939, 'grad_norm': 3.922800064086914, 'learning_rate': 1.3192488262910799e-05, 'epoch': 0.36}
{'loss': 1.1495, 'grad_norm': 4.304560661315918, 'learning_rate': 1.3169014084507044e-05, 'epoch': 0.37}
{'loss': 0.8968, 'grad_norm': 2.897634506225586, 'learning_rate': 1.3145539906103288e-05, 'epoch': 0.37}
{'loss': 0.8449, 'grad_norm': 2.7931718826293945, 'learning_rate': 1.312206572769953e-05, 'epoch': 0.37}
{'loss': 1.0173, 'grad_norm': 2.410944938659668, 'learning_rate': 1.3098591549295776e-05, 'epoch': 0.37}
































                                                 


                                               
[A


                                               [A
                                                 

                                                 

                                                 

                                                 

                                                 

                                                 

                                                 

                                                 

                                                 

                                                 

                                                 

                                                 

                                                 

                                                 

                                                 

                                                 

                                                 

                                                 

                                                 

                                                 

                                                 

                                                 

                                                 

                                                 

                                                 

                                                 

                                                 

                                                 

                                                 

                                                 

                                                 

                                                 

                                                 

                                                 

                                                 

                                                 

                                                 

                                                 

                                                 

                                                 

                                                 

                                                 

                                                 

                                                 

                                                 

                                                 

                                                 

                                                 

                                                 

                                                 

                                                 

                                                 

                                                 

                                                 

                                                 

                                                 

                                                 

                                                 

                                                 

                                                 

                                                 

                                                 

                                                 

                                                 

                                                 

                                                 

                                                 

                                                 

                                                 

                                                 

                                                 

                                                 

                                                 

                                                 

                                                 

                                                 

                                                 
{'eval_loss': 0.9086782932281494, 'eval_runtime': 9.6522, 'eval_samples_per_second': 13.261, 'eval_steps_per_second': 3.315, 'epoch': 0.37}
{'loss': 1.0169, 'grad_norm': 8.146655082702637, 'learning_rate': 1.307511737089202e-05, 'epoch': 0.37}
{'loss': 1.3138, 'grad_norm': 2.6503753662109375, 'learning_rate': 1.3051643192488264e-05, 'epoch': 0.37}
{'loss': 1.1155, 'grad_norm': 10.025986671447754, 'learning_rate': 1.3028169014084508e-05, 'epoch': 0.37}
{'loss': 1.0068, 'grad_norm': 4.666194915771484, 'learning_rate': 1.300469483568075e-05, 'epoch': 0.37}
{'loss': 0.9788, 'grad_norm': 5.41378116607666, 'learning_rate': 1.2981220657276996e-05, 'epoch': 0.37}
{'loss': 0.7362, 'grad_norm': 4.1184468269348145, 'learning_rate': 1.2957746478873242e-05, 'epoch': 0.38}
{'loss': 0.9083, 'grad_norm': 3.830878496170044, 'learning_rate': 1.2934272300469484e-05, 'epoch': 0.38}
{'loss': 1.1459, 'grad_norm': 14.184905052185059, 'learning_rate': 1.2910798122065728e-05, 'epoch': 0.38}
{'loss': 0.9461, 'grad_norm': 4.897520542144775, 'learning_rate': 1.2887323943661974e-05, 'epoch': 0.38}
{'loss': 1.0328, 'grad_norm': 5.908761501312256, 'learning_rate': 1.2863849765258216e-05, 'epoch': 0.38}
{'loss': 1.1205, 'grad_norm': 6.992159843444824, 'learning_rate': 1.2840375586854462e-05, 'epoch': 0.38}
{'loss': 1.0364, 'grad_norm': 2.716271162033081, 'learning_rate': 1.2816901408450705e-05, 'epoch': 0.38}
{'loss': 1.2596, 'grad_norm': 6.652024745941162, 'learning_rate': 1.279342723004695e-05, 'epoch': 0.38}
{'loss': 0.966, 'grad_norm': 6.282204627990723, 'learning_rate': 1.2769953051643193e-05, 'epoch': 0.39}
{'loss': 1.155, 'grad_norm': 3.349177598953247, 'learning_rate': 1.2746478873239439e-05, 'epoch': 0.39}
{'loss': 1.116, 'grad_norm': 5.208156585693359, 'learning_rate': 1.2723004694835681e-05, 'epoch': 0.39}
{'loss': 1.2168, 'grad_norm': 3.1463115215301514, 'learning_rate': 1.2699530516431925e-05, 'epoch': 0.39}
{'loss': 1.1585, 'grad_norm': 2.6113200187683105, 'learning_rate': 1.2676056338028171e-05, 'epoch': 0.39}
{'loss': 1.0317, 'grad_norm': 4.484117031097412, 'learning_rate': 1.2652582159624413e-05, 'epoch': 0.39}
{'loss': 1.1169, 'grad_norm': 4.2120442390441895, 'learning_rate': 1.2629107981220659e-05, 'epoch': 0.39}
{'loss': 1.0994, 'grad_norm': 5.611690521240234, 'learning_rate': 1.2605633802816903e-05, 'epoch': 0.39}
{'loss': 1.1349, 'grad_norm': 4.105562210083008, 'learning_rate': 1.2582159624413147e-05, 'epoch': 0.4}
{'loss': 1.0534, 'grad_norm': 6.8440375328063965, 'learning_rate': 1.255868544600939e-05, 'epoch': 0.4}
{'loss': 0.94, 'grad_norm': 7.846863269805908, 'learning_rate': 1.2535211267605636e-05, 'epoch': 0.4}
{'loss': 1.1079, 'grad_norm': 7.722125053405762, 'learning_rate': 1.2511737089201879e-05, 'epoch': 0.4}
{'loss': 1.1088, 'grad_norm': 3.1637582778930664, 'learning_rate': 1.2488262910798124e-05, 'epoch': 0.4}
{'loss': 1.0833, 'grad_norm': 7.556027889251709, 'learning_rate': 1.2464788732394367e-05, 'epoch': 0.4}
{'loss': 1.1008, 'grad_norm': 6.2104692459106445, 'learning_rate': 1.244131455399061e-05, 'epoch': 0.4}
{'loss': 1.1714, 'grad_norm': 5.407629489898682, 'learning_rate': 1.2417840375586856e-05, 'epoch': 0.4}
{'loss': 1.0464, 'grad_norm': 7.709076881408691, 'learning_rate': 1.2394366197183098e-05, 'epoch': 0.41}
{'loss': 1.0537, 'grad_norm': 4.6668829917907715, 'learning_rate': 1.2370892018779344e-05, 'epoch': 0.41}
{'loss': 0.7831, 'grad_norm': 5.563305854797363, 'learning_rate': 1.2347417840375588e-05, 'epoch': 0.41}
{'loss': 1.4459, 'grad_norm': 10.774580001831055, 'learning_rate': 1.232394366197183e-05, 'epoch': 0.41}
{'loss': 1.1918, 'grad_norm': 4.410158157348633, 'learning_rate': 1.2300469483568076e-05, 'epoch': 0.41}
{'loss': 0.7977, 'grad_norm': 4.288086891174316, 'learning_rate': 1.2276995305164322e-05, 'epoch': 0.41}
{'loss': 1.019, 'grad_norm': 5.210878849029541, 'learning_rate': 1.2253521126760564e-05, 'epoch': 0.41}
{'loss': 0.9155, 'grad_norm': 5.677185535430908, 'learning_rate': 1.2230046948356808e-05, 'epoch': 0.41}
{'loss': 1.0533, 'grad_norm': 6.279317378997803, 'learning_rate': 1.2206572769953053e-05, 'epoch': 0.42}
{'loss': 0.9172, 'grad_norm': 4.342883110046387, 'learning_rate': 1.2183098591549296e-05, 'epoch': 0.42}
{'loss': 1.1421, 'grad_norm': 3.322354555130005, 'learning_rate': 1.2159624413145541e-05, 'epoch': 0.42}
{'loss': 1.106, 'grad_norm': 6.178870677947998, 'learning_rate': 1.2136150234741785e-05, 'epoch': 0.42}
{'loss': 0.9432, 'grad_norm': 2.379833698272705, 'learning_rate': 1.211267605633803e-05, 'epoch': 0.42}
{'loss': 1.1006, 'grad_norm': 2.669707775115967, 'learning_rate': 1.2089201877934273e-05, 'epoch': 0.42}
{'loss': 0.9547, 'grad_norm': 4.911516189575195, 'learning_rate': 1.2065727699530519e-05, 'epoch': 0.42}
{'loss': 1.2454, 'grad_norm': 8.522547721862793, 'learning_rate': 1.2042253521126761e-05, 'epoch': 0.42}
{'loss': 1.1251, 'grad_norm': 4.154278755187988, 'learning_rate': 1.2018779342723005e-05, 'epoch': 0.43}
{'loss': 0.8168, 'grad_norm': 3.802788734436035, 'learning_rate': 1.199530516431925e-05, 'epoch': 0.43}
{'loss': 1.0587, 'grad_norm': 3.312772035598755, 'learning_rate': 1.1971830985915493e-05, 'epoch': 0.43}
{'loss': 0.9182, 'grad_norm': 3.686569929122925, 'learning_rate': 1.1948356807511739e-05, 'epoch': 0.43}
{'loss': 0.7734, 'grad_norm': 3.607548713684082, 'learning_rate': 1.1924882629107981e-05, 'epoch': 0.43}
{'loss': 0.7743, 'grad_norm': 5.552689075469971, 'learning_rate': 1.1901408450704227e-05, 'epoch': 0.43}
{'loss': 1.0719, 'grad_norm': 4.204775810241699, 'learning_rate': 1.187793427230047e-05, 'epoch': 0.43}
{'loss': 1.0133, 'grad_norm': 1.5699180364608765, 'learning_rate': 1.1854460093896713e-05, 'epoch': 0.43}
{'loss': 1.2447, 'grad_norm': 4.934879779815674, 'learning_rate': 1.1830985915492958e-05, 'epoch': 0.44}
{'loss': 0.9804, 'grad_norm': 6.200098514556885, 'learning_rate': 1.1807511737089204e-05, 'epoch': 0.44}
{'loss': 0.9321, 'grad_norm': 4.410674571990967, 'learning_rate': 1.1784037558685446e-05, 'epoch': 0.44}
{'loss': 1.2175, 'grad_norm': 8.491130828857422, 'learning_rate': 1.176056338028169e-05, 'epoch': 0.44}
{'loss': 0.8812, 'grad_norm': 5.914377689361572, 'learning_rate': 1.1737089201877936e-05, 'epoch': 0.44}
{'loss': 1.2766, 'grad_norm': 7.712173938751221, 'learning_rate': 1.1713615023474178e-05, 'epoch': 0.44}
{'loss': 1.1379, 'grad_norm': 5.226316452026367, 'learning_rate': 1.1690140845070424e-05, 'epoch': 0.44}
{'loss': 1.0178, 'grad_norm': 4.997657299041748, 'learning_rate': 1.1666666666666668e-05, 'epoch': 0.44}
{'loss': 1.1018, 'grad_norm': 2.750012159347534, 'learning_rate': 1.1643192488262912e-05, 'epoch': 0.44}
{'loss': 0.9697, 'grad_norm': 5.926382541656494, 'learning_rate': 1.1619718309859156e-05, 'epoch': 0.45}
{'loss': 1.0236, 'grad_norm': 2.992465019226074, 'learning_rate': 1.1596244131455401e-05, 'epoch': 0.45}
{'loss': 1.0123, 'grad_norm': 1.906909704208374, 'learning_rate': 1.1572769953051644e-05, 'epoch': 0.45}
{'loss': 1.001, 'grad_norm': 2.798842668533325, 'learning_rate': 1.1549295774647888e-05, 'epoch': 0.45}
{'loss': 0.9847, 'grad_norm': 7.591510772705078, 'learning_rate': 1.1525821596244133e-05, 'epoch': 0.45}
{'loss': 1.034, 'grad_norm': 2.9591128826141357, 'learning_rate': 1.1502347417840376e-05, 'epoch': 0.45}
{'loss': 0.904, 'grad_norm': 4.6210503578186035, 'learning_rate': 1.1478873239436621e-05, 'epoch': 0.45}
{'loss': 1.0762, 'grad_norm': 3.8662381172180176, 'learning_rate': 1.1455399061032865e-05, 'epoch': 0.45}
{'loss': 1.0159, 'grad_norm': 4.3416829109191895, 'learning_rate': 1.143192488262911e-05, 'epoch': 0.46}
{'loss': 0.9445, 'grad_norm': 7.285183906555176, 'learning_rate': 1.1408450704225353e-05, 'epoch': 0.46}
{'loss': 1.1581, 'grad_norm': 4.379418849945068, 'learning_rate': 1.1384976525821595e-05, 'epoch': 0.46}
{'loss': 0.9214, 'grad_norm': 5.935523509979248, 'learning_rate': 1.1361502347417841e-05, 'epoch': 0.46}
{'loss': 1.1169, 'grad_norm': 9.953374862670898, 'learning_rate': 1.1338028169014087e-05, 'epoch': 0.46}
{'loss': 1.2107, 'grad_norm': 3.1669366359710693, 'learning_rate': 1.1314553990610329e-05, 'epoch': 0.46}
{'loss': 1.0291, 'grad_norm': 4.359592914581299, 'learning_rate': 1.1291079812206573e-05, 'epoch': 0.46}
                                                 

                                                 

                                                 

                                                 

                                                 

                                                 

                                                 

                                                 

                                                 

                                                 

                                                 

                                                 

                                                 

                                                 

                                                 

                                                 

                                                 

                                                 

                                                 

                                                 

                                                 

                                                 

                                                 

{'loss': 1.0289, 'grad_norm': 8.212334632873535, 'learning_rate': 1.1267605633802819e-05, 'epoch': 0.46}
{'loss': 1.1621, 'grad_norm': 8.49390983581543, 'learning_rate': 1.1244131455399061e-05, 'epoch': 0.47}
{'loss': 1.0066, 'grad_norm': 2.936187982559204, 'learning_rate': 1.1220657276995307e-05, 'epoch': 0.47}
{'loss': 1.2179, 'grad_norm': 6.914336204528809, 'learning_rate': 1.119718309859155e-05, 'epoch': 0.47}
{'loss': 1.1038, 'grad_norm': 4.935876846313477, 'learning_rate': 1.1173708920187793e-05, 'epoch': 0.47}
{'loss': 1.0026, 'grad_norm': 5.15742301940918, 'learning_rate': 1.1150234741784038e-05, 'epoch': 0.47}
{'loss': 1.1744, 'grad_norm': 8.98519229888916, 'learning_rate': 1.1126760563380284e-05, 'epoch': 0.47}
{'loss': 0.8414, 'grad_norm': 4.91861629486084, 'learning_rate': 1.1103286384976526e-05, 'epoch': 0.47}
{'loss': 1.3173, 'grad_norm': 6.214728832244873, 'learning_rate': 1.107981220657277e-05, 'epoch': 0.47}
{'loss': 0.9337, 'grad_norm': 2.191338062286377, 'learning_rate': 1.1056338028169016e-05, 'epoch': 0.48}
{'loss': 1.1092, 'grad_norm': 7.094143390655518, 'learning_rate': 1.1032863849765258e-05, 'epoch': 0.48}
{'loss': 0.8618, 'grad_norm': 5.360097408294678, 'learning_rate': 1.1009389671361504e-05, 'epoch': 0.48}
{'loss': 0.8974, 'grad_norm': 6.356561183929443, 'learning_rate': 1.0985915492957748e-05, 'epoch': 0.48}
{'loss': 1.0049, 'grad_norm': 2.62786865234375, 'learning_rate': 1.0962441314553992e-05, 'epoch': 0.48}
{'loss': 0.9922, 'grad_norm': 7.286222457885742, 'learning_rate': 1.0938967136150236e-05, 'epoch': 0.48}
{'loss': 1.199, 'grad_norm': 3.3074748516082764, 'learning_rate': 1.0915492957746481e-05, 'epoch': 0.48}
{'loss': 1.0816, 'grad_norm': 5.397349834442139, 'learning_rate': 1.0892018779342724e-05, 'epoch': 0.48}
{'loss': 1.0502, 'grad_norm': 3.6135222911834717, 'learning_rate': 1.0868544600938968e-05, 'epoch': 0.49}
{'loss': 1.0865, 'grad_norm': 6.346141815185547, 'learning_rate': 1.0845070422535213e-05, 'epoch': 0.49}
{'loss': 1.0262, 'grad_norm': 4.0342278480529785, 'learning_rate': 1.0821596244131455e-05, 'epoch': 0.49}
{'loss': 1.2703, 'grad_norm': 4.114363193511963, 'learning_rate': 1.0798122065727701e-05, 'epoch': 0.49}
{'loss': 1.05, 'grad_norm': 9.924836158752441, 'learning_rate': 1.0774647887323943e-05, 'epoch': 0.49}
{'loss': 1.0365, 'grad_norm': 3.9356961250305176, 'learning_rate': 1.0751173708920189e-05, 'epoch': 0.49}
































                                                 


                                               
[A


                                               [A
                                                 

                                                 

                                                 

                                                 

                                                 

                                                 

                                                 

                                                 

                                                 

                                                 

                                                 

                                                 

                                                 

                                                 

                                                 

                                                 

                                                 

                                                 

                                                 

                                                 

                                                 

                                                 

                                                 

                                                 

                                                 

                                                 

                                                 

                                                 

                                                 

                                                 

                                                 

                                                 

                                                 

                                                 

                                                 

                                                 

                                                 

                                                 

                                                 

                                                 

                                                 

                                                 

                                                 

                                                 

                                                 

                                                 

                                                 

                                                 

                                                 

                                                 

                                                 

                                                 

                                                 

                                                 

                                                 

                                                 

                                                 

                                                 

                                                 

                                                 

                                                 

                                                 

                                                 

                                                 

                                                 

                                                 

                                                 

                                                 

                                                 

                                                 

                                                 

                                                 

                                                 

                                                 

                                                 

                                                 

                                                 

                                                 
{'eval_loss': 0.9067800045013428, 'eval_runtime': 9.6714, 'eval_samples_per_second': 13.235, 'eval_steps_per_second': 3.309, 'epoch': 0.49}
{'loss': 0.8804, 'grad_norm': 3.334885835647583, 'learning_rate': 1.0727699530516433e-05, 'epoch': 0.49}
{'loss': 0.8857, 'grad_norm': 3.15853214263916, 'learning_rate': 1.0704225352112675e-05, 'epoch': 0.49}
{'loss': 0.8638, 'grad_norm': 3.80049467086792, 'learning_rate': 1.0680751173708921e-05, 'epoch': 0.5}
{'loss': 1.0385, 'grad_norm': 5.357242107391357, 'learning_rate': 1.0657276995305167e-05, 'epoch': 0.5}
{'loss': 1.0148, 'grad_norm': 2.3789496421813965, 'learning_rate': 1.0633802816901409e-05, 'epoch': 0.5}
{'loss': 1.0362, 'grad_norm': 4.105632305145264, 'learning_rate': 1.0610328638497653e-05, 'epoch': 0.5}
{'loss': 0.7872, 'grad_norm': 3.112295389175415, 'learning_rate': 1.0586854460093898e-05, 'epoch': 0.5}
{'loss': 1.1312, 'grad_norm': 7.030189037322998, 'learning_rate': 1.056338028169014e-05, 'epoch': 0.5}
{'loss': 1.2057, 'grad_norm': 5.831746578216553, 'learning_rate': 1.0539906103286386e-05, 'epoch': 0.5}
{'loss': 1.1918, 'grad_norm': 2.362794876098633, 'learning_rate': 1.051643192488263e-05, 'epoch': 0.5}
{'loss': 0.828, 'grad_norm': 4.451005935668945, 'learning_rate': 1.0492957746478873e-05, 'epoch': 0.51}
{'loss': 0.8767, 'grad_norm': 2.605725049972534, 'learning_rate': 1.0469483568075118e-05, 'epoch': 0.51}
{'loss': 1.0707, 'grad_norm': 5.159362316131592, 'learning_rate': 1.0446009389671364e-05, 'epoch': 0.51}
{'loss': 0.9977, 'grad_norm': 3.3470983505249023, 'learning_rate': 1.0422535211267606e-05, 'epoch': 0.51}
{'loss': 0.873, 'grad_norm': 4.735424041748047, 'learning_rate': 1.039906103286385e-05, 'epoch': 0.51}
{'loss': 0.8254, 'grad_norm': 3.071298360824585, 'learning_rate': 1.0375586854460096e-05, 'epoch': 0.51}
{'loss': 1.1406, 'grad_norm': 5.136662006378174, 'learning_rate': 1.0352112676056338e-05, 'epoch': 0.51}
{'loss': 1.3448, 'grad_norm': 3.1554253101348877, 'learning_rate': 1.0328638497652584e-05, 'epoch': 0.51}
{'loss': 0.991, 'grad_norm': 6.370284080505371, 'learning_rate': 1.0305164319248828e-05, 'epoch': 0.52}
{'loss': 1.0898, 'grad_norm': 4.332930564880371, 'learning_rate': 1.0281690140845072e-05, 'epoch': 0.52}
{'loss': 1.0465, 'grad_norm': 2.4225621223449707, 'learning_rate': 1.0258215962441316e-05, 'epoch': 0.52}
{'loss': 1.0774, 'grad_norm': 3.974679708480835, 'learning_rate': 1.0234741784037558e-05, 'epoch': 0.52}
{'loss': 1.1169, 'grad_norm': 6.1181640625, 'learning_rate': 1.0211267605633803e-05, 'epoch': 0.52}
{'loss': 1.0849, 'grad_norm': 6.648218631744385, 'learning_rate': 1.0187793427230047e-05, 'epoch': 0.52}
{'loss': 1.0668, 'grad_norm': 4.546881675720215, 'learning_rate': 1.0164319248826291e-05, 'epoch': 0.52}
{'loss': 1.0377, 'grad_norm': 7.752142429351807, 'learning_rate': 1.0140845070422535e-05, 'epoch': 0.52}
{'loss': 1.0018, 'grad_norm': 8.115898132324219, 'learning_rate': 1.0117370892018781e-05, 'epoch': 0.52}
{'loss': 0.927, 'grad_norm': 2.3304708003997803, 'learning_rate': 1.0093896713615023e-05, 'epoch': 0.53}
{'loss': 1.1267, 'grad_norm': 4.170761585235596, 'learning_rate': 1.0070422535211269e-05, 'epoch': 0.53}
{'loss': 0.932, 'grad_norm': 4.089384078979492, 'learning_rate': 1.0046948356807513e-05, 'epoch': 0.53}
{'loss': 1.0354, 'grad_norm': 10.1739501953125, 'learning_rate': 1.0023474178403755e-05, 'epoch': 0.53}
{'loss': 0.9883, 'grad_norm': 5.21334171295166, 'learning_rate': 1e-05, 'epoch': 0.53}
{'loss': 0.8963, 'grad_norm': 3.762296676635742, 'learning_rate': 9.976525821596245e-06, 'epoch': 0.53}
{'loss': 0.973, 'grad_norm': 4.63659143447876, 'learning_rate': 9.953051643192489e-06, 'epoch': 0.53}
{'loss': 1.0246, 'grad_norm': 4.581852912902832, 'learning_rate': 9.929577464788733e-06, 'epoch': 0.53}
{'loss': 0.9287, 'grad_norm': 5.799774169921875, 'learning_rate': 9.906103286384977e-06, 'epoch': 0.54}
{'loss': 1.1535, 'grad_norm': 12.49550724029541, 'learning_rate': 9.882629107981222e-06, 'epoch': 0.54}
{'loss': 0.9602, 'grad_norm': 4.696193695068359, 'learning_rate': 9.859154929577466e-06, 'epoch': 0.54}
{'loss': 1.0256, 'grad_norm': 4.105815410614014, 'learning_rate': 9.83568075117371e-06, 'epoch': 0.54}
{'loss': 1.0624, 'grad_norm': 4.968153953552246, 'learning_rate': 9.812206572769954e-06, 'epoch': 0.54}
{'loss': 0.9637, 'grad_norm': 5.152987957000732, 'learning_rate': 9.788732394366198e-06, 'epoch': 0.54}
{'loss': 1.0493, 'grad_norm': 5.882587432861328, 'learning_rate': 9.765258215962442e-06, 'epoch': 0.54}
{'loss': 1.2203, 'grad_norm': 8.847617149353027, 'learning_rate': 9.741784037558686e-06, 'epoch': 0.54}
{'loss': 1.0822, 'grad_norm': 2.9969630241394043, 'learning_rate': 9.71830985915493e-06, 'epoch': 0.55}
{'loss': 1.0184, 'grad_norm': 2.434173583984375, 'learning_rate': 9.694835680751174e-06, 'epoch': 0.55}
{'loss': 1.0119, 'grad_norm': 6.547842025756836, 'learning_rate': 9.671361502347418e-06, 'epoch': 0.55}
{'loss': 0.8064, 'grad_norm': 5.065178394317627, 'learning_rate': 9.647887323943664e-06, 'epoch': 0.55}
{'loss': 1.0001, 'grad_norm': 2.9472217559814453, 'learning_rate': 9.624413145539908e-06, 'epoch': 0.55}
{'loss': 0.9793, 'grad_norm': 3.0056803226470947, 'learning_rate': 9.600938967136152e-06, 'epoch': 0.55}
{'loss': 1.0968, 'grad_norm': 3.5461349487304688, 'learning_rate': 9.577464788732394e-06, 'epoch': 0.55}
{'loss': 1.0847, 'grad_norm': 4.58040714263916, 'learning_rate': 9.55399061032864e-06, 'epoch': 0.55}
{'loss': 1.0117, 'grad_norm': 3.276175022125244, 'learning_rate': 9.530516431924883e-06, 'epoch': 0.56}
{'loss': 1.0266, 'grad_norm': 8.730094909667969, 'learning_rate': 9.507042253521127e-06, 'epoch': 0.56}
{'loss': 1.125, 'grad_norm': 9.051551818847656, 'learning_rate': 9.483568075117371e-06, 'epoch': 0.56}
{'loss': 1.1377, 'grad_norm': 6.534643650054932, 'learning_rate': 9.460093896713615e-06, 'epoch': 0.56}
{'loss': 0.8358, 'grad_norm': 4.096312046051025, 'learning_rate': 9.43661971830986e-06, 'epoch': 0.56}
{'loss': 0.9814, 'grad_norm': 4.791419506072998, 'learning_rate': 9.413145539906105e-06, 'epoch': 0.56}
{'loss': 1.0565, 'grad_norm': 5.075839519500732, 'learning_rate': 9.389671361502349e-06, 'epoch': 0.56}
{'loss': 0.9497, 'grad_norm': 3.4629275798797607, 'learning_rate': 9.366197183098593e-06, 'epoch': 0.56}
{'loss': 0.8112, 'grad_norm': 5.719247817993164, 'learning_rate': 9.342723004694837e-06, 'epoch': 0.57}
{'loss': 1.1448, 'grad_norm': 3.3400778770446777, 'learning_rate': 9.31924882629108e-06, 'epoch': 0.57}
{'loss': 1.0847, 'grad_norm': 5.466736793518066, 'learning_rate': 9.295774647887325e-06, 'epoch': 0.57}
{'loss': 1.0254, 'grad_norm': 2.7782676219940186, 'learning_rate': 9.272300469483569e-06, 'epoch': 0.57}
{'loss': 1.077, 'grad_norm': 3.888841152191162, 'learning_rate': 9.248826291079813e-06, 'epoch': 0.57}
{'loss': 0.9485, 'grad_norm': 4.841050148010254, 'learning_rate': 9.225352112676057e-06, 'epoch': 0.57}
{'loss': 0.9522, 'grad_norm': 4.096765995025635, 'learning_rate': 9.2018779342723e-06, 'epoch': 0.57}
{'loss': 1.0705, 'grad_norm': 3.466881036758423, 'learning_rate': 9.178403755868546e-06, 'epoch': 0.57}
{'loss': 1.0855, 'grad_norm': 4.250472068786621, 'learning_rate': 9.15492957746479e-06, 'epoch': 0.58}
{'loss': 1.2257, 'grad_norm': 3.0004963874816895, 'learning_rate': 9.131455399061034e-06, 'epoch': 0.58}
{'loss': 1.0306, 'grad_norm': 3.3828718662261963, 'learning_rate': 9.107981220657278e-06, 'epoch': 0.58}
{'loss': 0.9638, 'grad_norm': 2.680673360824585, 'learning_rate': 9.084507042253522e-06, 'epoch': 0.58}
{'loss': 0.9846, 'grad_norm': 4.969271183013916, 'learning_rate': 9.061032863849766e-06, 'epoch': 0.58}
{'loss': 1.0671, 'grad_norm': 3.014667510986328, 'learning_rate': 9.03755868544601e-06, 'epoch': 0.58}
{'loss': 1.106, 'grad_norm': 4.663229942321777, 'learning_rate': 9.014084507042254e-06, 'epoch': 0.58}
{'loss': 0.9736, 'grad_norm': 2.4523141384124756, 'learning_rate': 8.990610328638498e-06, 'epoch': 0.58}
{'loss': 1.137, 'grad_norm': 3.5410687923431396, 'learning_rate': 8.967136150234742e-06, 'epoch': 0.59}
{'loss': 0.8786, 'grad_norm': 5.4708147048950195, 'learning_rate': 8.943661971830987e-06, 'epoch': 0.59}
{'loss': 1.1753, 'grad_norm': 5.644408702850342, 'learning_rate': 8.920187793427231e-06, 'epoch': 0.59}
                                                 

                                                 

                                                 

                                                 

                                                 

                                                 

                                                 

                                                 

                                                 

                                                 

                                                 

                                                 

                                                 

                                                 

                                                 

                                                 

                                                 

                                                 

                                                 

                                                 

                                                 

                                                 

{'loss': 1.1675, 'grad_norm': 4.5621113777160645, 'learning_rate': 8.896713615023475e-06, 'epoch': 0.59}
{'loss': 0.9382, 'grad_norm': 3.6597414016723633, 'learning_rate': 8.87323943661972e-06, 'epoch': 0.59}
{'loss': 0.9566, 'grad_norm': 4.960293292999268, 'learning_rate': 8.849765258215963e-06, 'epoch': 0.59}
{'loss': 0.993, 'grad_norm': 6.072707653045654, 'learning_rate': 8.826291079812207e-06, 'epoch': 0.59}
{'loss': 1.0221, 'grad_norm': 12.169805526733398, 'learning_rate': 8.802816901408451e-06, 'epoch': 0.59}
{'loss': 1.0121, 'grad_norm': 3.8573176860809326, 'learning_rate': 8.779342723004695e-06, 'epoch': 0.59}
{'loss': 1.0139, 'grad_norm': 3.919245481491089, 'learning_rate': 8.755868544600939e-06, 'epoch': 0.6}
{'loss': 1.2126, 'grad_norm': 10.72116756439209, 'learning_rate': 8.732394366197183e-06, 'epoch': 0.6}
{'loss': 0.9809, 'grad_norm': 7.128431797027588, 'learning_rate': 8.708920187793429e-06, 'epoch': 0.6}
{'loss': 0.973, 'grad_norm': 11.620476722717285, 'learning_rate': 8.685446009389673e-06, 'epoch': 0.6}
{'loss': 0.9342, 'grad_norm': 7.052996635437012, 'learning_rate': 8.661971830985915e-06, 'epoch': 0.6}
{'loss': 0.8632, 'grad_norm': 4.578637599945068, 'learning_rate': 8.63849765258216e-06, 'epoch': 0.6}
{'loss': 1.0064, 'grad_norm': 4.627073287963867, 'learning_rate': 8.615023474178405e-06, 'epoch': 0.6}
{'loss': 1.1154, 'grad_norm': 10.6305513381958, 'learning_rate': 8.591549295774648e-06, 'epoch': 0.6}
{'loss': 1.0915, 'grad_norm': 5.472761154174805, 'learning_rate': 8.568075117370892e-06, 'epoch': 0.61}
{'loss': 1.3778, 'grad_norm': 3.4132308959960938, 'learning_rate': 8.544600938967136e-06, 'epoch': 0.61}
{'loss': 0.9134, 'grad_norm': 4.468552112579346, 'learning_rate': 8.52112676056338e-06, 'epoch': 0.61}
{'loss': 0.7678, 'grad_norm': 4.342844486236572, 'learning_rate': 8.497652582159626e-06, 'epoch': 0.61}
{'loss': 1.0904, 'grad_norm': 3.7834722995758057, 'learning_rate': 8.47417840375587e-06, 'epoch': 0.61}
{'loss': 1.0995, 'grad_norm': 5.716114044189453, 'learning_rate': 8.450704225352114e-06, 'epoch': 0.61}
{'loss': 0.869, 'grad_norm': 3.7929697036743164, 'learning_rate': 8.427230046948356e-06, 'epoch': 0.61}
{'loss': 0.9152, 'grad_norm': 3.795450210571289, 'learning_rate': 8.403755868544602e-06, 'epoch': 0.61}
































                                                 


                                               
[A


                                               [A
                                                 

                                                 

                                                 

                                                 

                                                 

                                                 

                                                 

                                                 

                                                 

                                                 

                                                 

                                                 

                                                 

                                                 

                                                 

                                                 

                                                 

                                                 

                                                 

                                                 

                                                 

                                                 

                                                 

                                                 

                                                 

                                                 

                                                 

                                                 

                                                 

                                                 

                                                 

                                                 

                                                 

                                                 

                                                 

                                                 

                                                 

                                                 

                                                 

                                                 

                                                 

                                                 

                                                 

                                                 

                                                 

                                                 

                                                 

                                                 

                                                 

                                                 

                                                 

                                                 

                                                 

                                                 

                                                 

                                                 

                                                 

                                                 

                                                 

                                                 

                                                 

                                                 

                                                 

                                                 

                                                 

                                                 

                                                 

                                                 

                                                 

                                                 

                                                 

                                                 

                                                 

                                                 

                                                 

                                                 

                                                 

                                                 
{'eval_loss': 0.9045286178588867, 'eval_runtime': 9.6498, 'eval_samples_per_second': 13.264, 'eval_steps_per_second': 3.316, 'epoch': 0.61}
{'loss': 0.9924, 'grad_norm': 5.225602626800537, 'learning_rate': 8.380281690140846e-06, 'epoch': 0.62}
{'loss': 0.9496, 'grad_norm': 6.613821983337402, 'learning_rate': 8.35680751173709e-06, 'epoch': 0.62}
{'loss': 1.001, 'grad_norm': 2.7919673919677734, 'learning_rate': 8.333333333333334e-06, 'epoch': 0.62}
{'loss': 1.0951, 'grad_norm': 2.1694998741149902, 'learning_rate': 8.309859154929578e-06, 'epoch': 0.62}
{'loss': 1.0293, 'grad_norm': 4.606712818145752, 'learning_rate': 8.286384976525822e-06, 'epoch': 0.62}
{'loss': 1.0987, 'grad_norm': 6.5006608963012695, 'learning_rate': 8.262910798122067e-06, 'epoch': 0.62}
{'loss': 1.0721, 'grad_norm': 4.174973964691162, 'learning_rate': 8.239436619718311e-06, 'epoch': 0.62}
{'loss': 0.8729, 'grad_norm': 4.016881942749023, 'learning_rate': 8.215962441314555e-06, 'epoch': 0.62}
{'loss': 0.9804, 'grad_norm': 3.6296591758728027, 'learning_rate': 8.192488262910797e-06, 'epoch': 0.63}
{'loss': 1.1193, 'grad_norm': 6.217722415924072, 'learning_rate': 8.169014084507043e-06, 'epoch': 0.63}
{'loss': 1.1994, 'grad_norm': 4.2336626052856445, 'learning_rate': 8.145539906103287e-06, 'epoch': 0.63}
{'loss': 1.0818, 'grad_norm': 3.9859766960144043, 'learning_rate': 8.122065727699531e-06, 'epoch': 0.63}
{'loss': 0.9898, 'grad_norm': 4.547399520874023, 'learning_rate': 8.098591549295775e-06, 'epoch': 0.63}
{'loss': 1.2521, 'grad_norm': 2.9046823978424072, 'learning_rate': 8.075117370892019e-06, 'epoch': 0.63}
{'loss': 1.3675, 'grad_norm': 5.140934467315674, 'learning_rate': 8.051643192488263e-06, 'epoch': 0.63}
{'loss': 0.946, 'grad_norm': 9.65556526184082, 'learning_rate': 8.028169014084509e-06, 'epoch': 0.63}
{'loss': 0.8943, 'grad_norm': 5.409999370574951, 'learning_rate': 8.004694835680753e-06, 'epoch': 0.64}
{'loss': 1.1867, 'grad_norm': 7.5471086502075195, 'learning_rate': 7.981220657276996e-06, 'epoch': 0.64}
{'loss': 0.8884, 'grad_norm': 7.369820594787598, 'learning_rate': 7.95774647887324e-06, 'epoch': 0.64}
{'loss': 1.0705, 'grad_norm': 5.524829864501953, 'learning_rate': 7.934272300469484e-06, 'epoch': 0.64}
{'loss': 0.9563, 'grad_norm': 4.431552410125732, 'learning_rate': 7.910798122065728e-06, 'epoch': 0.64}
{'loss': 0.9643, 'grad_norm': 3.280658721923828, 'learning_rate': 7.887323943661972e-06, 'epoch': 0.64}
{'loss': 0.9048, 'grad_norm': 4.825331211090088, 'learning_rate': 7.863849765258216e-06, 'epoch': 0.64}
{'loss': 1.1638, 'grad_norm': 3.447005033493042, 'learning_rate': 7.84037558685446e-06, 'epoch': 0.64}
{'loss': 0.8458, 'grad_norm': 3.2678680419921875, 'learning_rate': 7.816901408450704e-06, 'epoch': 0.65}
{'loss': 1.1021, 'grad_norm': 2.9796009063720703, 'learning_rate': 7.79342723004695e-06, 'epoch': 0.65}
{'loss': 1.0516, 'grad_norm': 5.5480732917785645, 'learning_rate': 7.769953051643194e-06, 'epoch': 0.65}
{'loss': 0.9721, 'grad_norm': 5.362308979034424, 'learning_rate': 7.746478873239436e-06, 'epoch': 0.65}
{'loss': 0.9594, 'grad_norm': 7.92831563949585, 'learning_rate': 7.723004694835682e-06, 'epoch': 0.65}
{'loss': 0.9846, 'grad_norm': 2.648345708847046, 'learning_rate': 7.699530516431926e-06, 'epoch': 0.65}
{'loss': 1.1821, 'grad_norm': 2.962313413619995, 'learning_rate': 7.67605633802817e-06, 'epoch': 0.65}
{'loss': 1.1612, 'grad_norm': 3.0257232189178467, 'learning_rate': 7.652582159624414e-06, 'epoch': 0.65}
{'loss': 1.0089, 'grad_norm': 5.176246166229248, 'learning_rate': 7.629107981220658e-06, 'epoch': 0.66}
{'loss': 1.1018, 'grad_norm': 5.390810966491699, 'learning_rate': 7.6056338028169015e-06, 'epoch': 0.66}
{'loss': 0.9986, 'grad_norm': 10.807723045349121, 'learning_rate': 7.5821596244131455e-06, 'epoch': 0.66}
{'loss': 1.244, 'grad_norm': 4.100661277770996, 'learning_rate': 7.55868544600939e-06, 'epoch': 0.66}
{'loss': 1.2085, 'grad_norm': 5.739443302154541, 'learning_rate': 7.535211267605634e-06, 'epoch': 0.66}
{'loss': 0.8852, 'grad_norm': 4.2144694328308105, 'learning_rate': 7.511737089201878e-06, 'epoch': 0.66}
{'loss': 0.9988, 'grad_norm': 4.207884311676025, 'learning_rate': 7.488262910798123e-06, 'epoch': 0.66}
{'loss': 1.3679, 'grad_norm': 2.583268642425537, 'learning_rate': 7.464788732394367e-06, 'epoch': 0.66}
{'loss': 1.0261, 'grad_norm': 3.9434003829956055, 'learning_rate': 7.441314553990611e-06, 'epoch': 0.67}
{'loss': 1.0391, 'grad_norm': 4.996790409088135, 'learning_rate': 7.417840375586856e-06, 'epoch': 0.67}
{'loss': 1.0165, 'grad_norm': 4.09678840637207, 'learning_rate': 7.3943661971831e-06, 'epoch': 0.67}
{'loss': 0.9773, 'grad_norm': 4.79231595993042, 'learning_rate': 7.370892018779343e-06, 'epoch': 0.67}
{'loss': 0.9577, 'grad_norm': 3.5517308712005615, 'learning_rate': 7.347417840375587e-06, 'epoch': 0.67}
{'loss': 0.865, 'grad_norm': 5.12291955947876, 'learning_rate': 7.3239436619718316e-06, 'epoch': 0.67}
{'loss': 1.0081, 'grad_norm': 3.6308414936065674, 'learning_rate': 7.3004694835680755e-06, 'epoch': 0.67}
{'loss': 0.9364, 'grad_norm': 5.226904392242432, 'learning_rate': 7.2769953051643195e-06, 'epoch': 0.67}
{'loss': 1.0261, 'grad_norm': 2.1764023303985596, 'learning_rate': 7.253521126760564e-06, 'epoch': 0.67}
{'loss': 1.1547, 'grad_norm': 3.641759157180786, 'learning_rate': 7.230046948356808e-06, 'epoch': 0.68}
{'loss': 0.9108, 'grad_norm': 3.443308115005493, 'learning_rate': 7.206572769953052e-06, 'epoch': 0.68}
{'loss': 0.8996, 'grad_norm': 2.547675371170044, 'learning_rate': 7.183098591549297e-06, 'epoch': 0.68}
{'loss': 1.0805, 'grad_norm': 7.594273567199707, 'learning_rate': 7.159624413145541e-06, 'epoch': 0.68}
{'loss': 0.9061, 'grad_norm': 3.4479105472564697, 'learning_rate': 7.136150234741784e-06, 'epoch': 0.68}
{'loss': 0.9063, 'grad_norm': 4.373439311981201, 'learning_rate': 7.112676056338029e-06, 'epoch': 0.68}
{'loss': 1.1033, 'grad_norm': 4.499792575836182, 'learning_rate': 7.089201877934273e-06, 'epoch': 0.68}
{'loss': 0.9748, 'grad_norm': 2.2926456928253174, 'learning_rate': 7.065727699530517e-06, 'epoch': 0.68}
{'loss': 1.0018, 'grad_norm': 4.030255317687988, 'learning_rate': 7.042253521126761e-06, 'epoch': 0.69}
{'loss': 1.2355, 'grad_norm': 2.5848374366760254, 'learning_rate': 7.0187793427230056e-06, 'epoch': 0.69}
{'loss': 1.3851, 'grad_norm': 3.7440807819366455, 'learning_rate': 6.9953051643192495e-06, 'epoch': 0.69}
{'loss': 0.7679, 'grad_norm': 7.263734817504883, 'learning_rate': 6.9718309859154935e-06, 'epoch': 0.69}
{'loss': 1.1989, 'grad_norm': 3.3007121086120605, 'learning_rate': 6.948356807511738e-06, 'epoch': 0.69}
{'loss': 1.11, 'grad_norm': 3.872758626937866, 'learning_rate': 6.924882629107981e-06, 'epoch': 0.69}
{'loss': 1.148, 'grad_norm': 3.9100193977355957, 'learning_rate': 6.901408450704225e-06, 'epoch': 0.69}
{'loss': 0.8212, 'grad_norm': 4.104328155517578, 'learning_rate': 6.87793427230047e-06, 'epoch': 0.69}
{'loss': 1.086, 'grad_norm': 3.5431909561157227, 'learning_rate': 6.854460093896714e-06, 'epoch': 0.7}
{'loss': 0.9602, 'grad_norm': 5.871459007263184, 'learning_rate': 6.830985915492958e-06, 'epoch': 0.7}
{'loss': 1.2519, 'grad_norm': 10.414249420166016, 'learning_rate': 6.807511737089203e-06, 'epoch': 0.7}
{'loss': 1.0547, 'grad_norm': 3.6341545581817627, 'learning_rate': 6.784037558685447e-06, 'epoch': 0.7}
{'loss': 1.1592, 'grad_norm': 4.842278480529785, 'learning_rate': 6.760563380281691e-06, 'epoch': 0.7}
{'loss': 1.1189, 'grad_norm': 5.254322052001953, 'learning_rate': 6.737089201877935e-06, 'epoch': 0.7}
{'loss': 0.9532, 'grad_norm': 3.9185476303100586, 'learning_rate': 6.71361502347418e-06, 'epoch': 0.7}
{'loss': 1.119, 'grad_norm': 6.509713649749756, 'learning_rate': 6.690140845070423e-06, 'epoch': 0.7}
{'loss': 1.225, 'grad_norm': 5.836121559143066, 'learning_rate': 6.666666666666667e-06, 'epoch': 0.71}
{'loss': 1.015, 'grad_norm': 3.1457483768463135, 'learning_rate': 6.6431924882629115e-06, 'epoch': 0.71}
{'loss': 1.0951, 'grad_norm': 3.637190103530884, 'learning_rate': 6.619718309859155e-06, 'epoch': 0.71}
{'loss': 0.9933, 'grad_norm': 3.3848109245300293, 'learning_rate': 6.596244131455399e-06, 'epoch': 0.71}
{'loss': 0.9766, 'grad_norm': 4.457876205444336, 'learning_rate': 6.572769953051644e-06, 'epoch': 0.71}
                                                 

                                                 

                                                 

                                                 

                                                 

                                                 

                                                 

                                                 

                                                 

                                                 

                                                 

                                                 

                                                 

                                                 

                                                 

                                                 

                                                 

                                                 

                                                 

                                                 

                                                 

                                                 

{'loss': 1.3299, 'grad_norm': 7.581177234649658, 'learning_rate': 6.549295774647888e-06, 'epoch': 0.71}
{'loss': 1.0048, 'grad_norm': 3.0262434482574463, 'learning_rate': 6.525821596244132e-06, 'epoch': 0.71}
{'loss': 0.8806, 'grad_norm': 4.356716632843018, 'learning_rate': 6.502347417840375e-06, 'epoch': 0.71}
{'loss': 0.6849, 'grad_norm': 3.919750452041626, 'learning_rate': 6.478873239436621e-06, 'epoch': 0.72}
{'loss': 1.1478, 'grad_norm': 6.4978203773498535, 'learning_rate': 6.455399061032864e-06, 'epoch': 0.72}
{'loss': 1.3343, 'grad_norm': 5.294487953186035, 'learning_rate': 6.431924882629108e-06, 'epoch': 0.72}
{'loss': 0.9434, 'grad_norm': 5.279841899871826, 'learning_rate': 6.408450704225353e-06, 'epoch': 0.72}
{'loss': 0.882, 'grad_norm': 2.9596338272094727, 'learning_rate': 6.384976525821597e-06, 'epoch': 0.72}
{'loss': 1.3714, 'grad_norm': 7.2885026931762695, 'learning_rate': 6.361502347417841e-06, 'epoch': 0.72}
{'loss': 0.9614, 'grad_norm': 3.870417594909668, 'learning_rate': 6.3380281690140855e-06, 'epoch': 0.72}
{'loss': 1.1089, 'grad_norm': 2.279968738555908, 'learning_rate': 6.314553990610329e-06, 'epoch': 0.72}
{'loss': 1.0308, 'grad_norm': 4.235755920410156, 'learning_rate': 6.291079812206573e-06, 'epoch': 0.73}
{'loss': 0.9573, 'grad_norm': 3.5863425731658936, 'learning_rate': 6.267605633802818e-06, 'epoch': 0.73}
{'loss': 1.0964, 'grad_norm': 4.24282169342041, 'learning_rate': 6.244131455399062e-06, 'epoch': 0.73}
{'loss': 1.1079, 'grad_norm': 6.9003376960754395, 'learning_rate': 6.220657276995305e-06, 'epoch': 0.73}
{'loss': 1.0072, 'grad_norm': 4.748150825500488, 'learning_rate': 6.197183098591549e-06, 'epoch': 0.73}
{'loss': 0.9353, 'grad_norm': 2.76759672164917, 'learning_rate': 6.173708920187794e-06, 'epoch': 0.73}
{'loss': 0.9522, 'grad_norm': 7.969585418701172, 'learning_rate': 6.150234741784038e-06, 'epoch': 0.73}
{'loss': 1.0318, 'grad_norm': 5.689417362213135, 'learning_rate': 6.126760563380282e-06, 'epoch': 0.73}
{'loss': 1.1223, 'grad_norm': 4.851954936981201, 'learning_rate': 6.103286384976527e-06, 'epoch': 0.74}
{'loss': 0.9623, 'grad_norm': 2.6673924922943115, 'learning_rate': 6.079812206572771e-06, 'epoch': 0.74}
{'loss': 0.9393, 'grad_norm': 4.668022632598877, 'learning_rate': 6.056338028169015e-06, 'epoch': 0.74}
































                                                 


                                               
[A


                                               [A
                                                 

                                                 

                                                 

                                                 

                                                 

                                                 

                                                 

                                                 

                                                 

                                                 

                                                 

                                                 

                                                 

                                                 

                                                 

                                                 

                                                 

                                                 

                                                 

                                                 

                                                 

                                                 

                                                 

                                                 

                                                 

                                                 

                                                 

                                                 

                                                 

                                                 

                                                 

                                                 

                                                 

                                                 

                                                 

                                                 

                                                 

                                                 

                                                 

                                                 

                                                 

                                                 

                                                 

                                                 

                                                 

                                                 

                                                 

                                                 

                                                 

                                                 

                                                 

                                                 

                                                 

                                                 

                                                 

                                                 

                                                 

                                                 

                                                 

                                                 

                                                 

                                                 

                                                 

                                                 

                                                 

                                                 

                                                 

                                                 

                                                 

                                                 

                                                 

                                                 

                                                 

                                                 

                                                 

                                                 

                                                 

                                                 
{'eval_loss': 0.9035945534706116, 'eval_runtime': 9.6428, 'eval_samples_per_second': 13.274, 'eval_steps_per_second': 3.319, 'epoch': 0.74}
{'loss': 1.1288, 'grad_norm': 3.399129629135132, 'learning_rate': 6.0328638497652595e-06, 'epoch': 0.74}
{'loss': 1.0024, 'grad_norm': 5.055012226104736, 'learning_rate': 6.0093896713615026e-06, 'epoch': 0.74}
{'loss': 0.9601, 'grad_norm': 4.575547695159912, 'learning_rate': 5.9859154929577465e-06, 'epoch': 0.74}
{'loss': 0.9282, 'grad_norm': 3.2316677570343018, 'learning_rate': 5.9624413145539905e-06, 'epoch': 0.74}
{'loss': 1.2185, 'grad_norm': 11.31462287902832, 'learning_rate': 5.938967136150235e-06, 'epoch': 0.74}
{'loss': 0.7472, 'grad_norm': 5.016757488250732, 'learning_rate': 5.915492957746479e-06, 'epoch': 0.74}
{'loss': 1.1098, 'grad_norm': 6.423959255218506, 'learning_rate': 5.892018779342723e-06, 'epoch': 0.75}
{'loss': 1.1751, 'grad_norm': 4.221357822418213, 'learning_rate': 5.868544600938968e-06, 'epoch': 0.75}
{'loss': 0.8954, 'grad_norm': 8.443546295166016, 'learning_rate': 5.845070422535212e-06, 'epoch': 0.75}
{'loss': 0.9025, 'grad_norm': 3.6980738639831543, 'learning_rate': 5.821596244131456e-06, 'epoch': 0.75}
{'loss': 1.194, 'grad_norm': 5.1361002922058105, 'learning_rate': 5.798122065727701e-06, 'epoch': 0.75}
{'loss': 1.0803, 'grad_norm': 6.3933563232421875, 'learning_rate': 5.774647887323944e-06, 'epoch': 0.75}
{'loss': 0.8853, 'grad_norm': 3.196416139602661, 'learning_rate': 5.751173708920188e-06, 'epoch': 0.75}
{'loss': 1.1616, 'grad_norm': 4.659782409667969, 'learning_rate': 5.727699530516433e-06, 'epoch': 0.75}
{'loss': 1.1236, 'grad_norm': 3.2161009311676025, 'learning_rate': 5.7042253521126766e-06, 'epoch': 0.76}
{'loss': 0.8024, 'grad_norm': 3.9639406204223633, 'learning_rate': 5.6807511737089205e-06, 'epoch': 0.76}
{'loss': 1.1715, 'grad_norm': 7.804810523986816, 'learning_rate': 5.6572769953051645e-06, 'epoch': 0.76}
{'loss': 1.0234, 'grad_norm': 3.610651731491089, 'learning_rate': 5.633802816901409e-06, 'epoch': 0.76}
{'loss': 1.1228, 'grad_norm': 4.822503089904785, 'learning_rate': 5.610328638497653e-06, 'epoch': 0.76}
{'loss': 1.3282, 'grad_norm': 4.714879989624023, 'learning_rate': 5.586854460093896e-06, 'epoch': 0.76}
{'loss': 1.185, 'grad_norm': 6.813580513000488, 'learning_rate': 5.563380281690142e-06, 'epoch': 0.76}
{'loss': 0.8325, 'grad_norm': 5.06742000579834, 'learning_rate': 5.539906103286385e-06, 'epoch': 0.76}
{'loss': 1.0833, 'grad_norm': 4.212886333465576, 'learning_rate': 5.516431924882629e-06, 'epoch': 0.77}
{'loss': 1.1487, 'grad_norm': 4.965702056884766, 'learning_rate': 5.492957746478874e-06, 'epoch': 0.77}
{'loss': 1.2343, 'grad_norm': 10.630207061767578, 'learning_rate': 5.469483568075118e-06, 'epoch': 0.77}
{'loss': 1.0645, 'grad_norm': 6.744606018066406, 'learning_rate': 5.446009389671362e-06, 'epoch': 0.77}
{'loss': 0.8019, 'grad_norm': 3.492711067199707, 'learning_rate': 5.422535211267607e-06, 'epoch': 0.77}
{'loss': 1.1376, 'grad_norm': 5.11781644821167, 'learning_rate': 5.3990610328638506e-06, 'epoch': 0.77}
{'loss': 0.9342, 'grad_norm': 3.002204418182373, 'learning_rate': 5.3755868544600945e-06, 'epoch': 0.77}
{'loss': 1.0832, 'grad_norm': 4.64683723449707, 'learning_rate': 5.352112676056338e-06, 'epoch': 0.77}
{'loss': 0.8977, 'grad_norm': 4.956813812255859, 'learning_rate': 5.328638497652583e-06, 'epoch': 0.78}
{'loss': 1.023, 'grad_norm': 4.237993240356445, 'learning_rate': 5.305164319248826e-06, 'epoch': 0.78}
{'loss': 1.1392, 'grad_norm': 3.6634368896484375, 'learning_rate': 5.28169014084507e-06, 'epoch': 0.78}
{'loss': 0.9467, 'grad_norm': 7.2788405418396, 'learning_rate': 5.258215962441315e-06, 'epoch': 0.78}
{'loss': 1.0186, 'grad_norm': 4.7214674949646, 'learning_rate': 5.234741784037559e-06, 'epoch': 0.78}
{'loss': 1.0221, 'grad_norm': 3.5583760738372803, 'learning_rate': 5.211267605633803e-06, 'epoch': 0.78}
{'loss': 1.0609, 'grad_norm': 3.8382270336151123, 'learning_rate': 5.187793427230048e-06, 'epoch': 0.78}
{'loss': 1.01, 'grad_norm': 5.718430042266846, 'learning_rate': 5.164319248826292e-06, 'epoch': 0.78}
{'loss': 1.0855, 'grad_norm': 3.217419147491455, 'learning_rate': 5.140845070422536e-06, 'epoch': 0.79}
{'loss': 1.3031, 'grad_norm': 9.451464653015137, 'learning_rate': 5.117370892018779e-06, 'epoch': 0.79}
{'loss': 0.8153, 'grad_norm': 2.968261957168579, 'learning_rate': 5.093896713615024e-06, 'epoch': 0.79}
{'loss': 0.8671, 'grad_norm': 2.7116286754608154, 'learning_rate': 5.070422535211268e-06, 'epoch': 0.79}
{'loss': 1.0664, 'grad_norm': 3.3530023097991943, 'learning_rate': 5.046948356807512e-06, 'epoch': 0.79}
{'loss': 0.9689, 'grad_norm': 4.11583137512207, 'learning_rate': 5.0234741784037565e-06, 'epoch': 0.79}
{'loss': 1.1653, 'grad_norm': 5.7269086837768555, 'learning_rate': 5e-06, 'epoch': 0.79}
{'loss': 0.9215, 'grad_norm': 4.840102672576904, 'learning_rate': 4.976525821596244e-06, 'epoch': 0.79}
{'loss': 1.329, 'grad_norm': 3.6016528606414795, 'learning_rate': 4.953051643192488e-06, 'epoch': 0.8}
{'loss': 1.0761, 'grad_norm': 2.715198040008545, 'learning_rate': 4.929577464788733e-06, 'epoch': 0.8}
{'loss': 1.1171, 'grad_norm': 3.2754933834075928, 'learning_rate': 4.906103286384977e-06, 'epoch': 0.8}
{'loss': 1.0717, 'grad_norm': 4.144996643066406, 'learning_rate': 4.882629107981221e-06, 'epoch': 0.8}
{'loss': 1.007, 'grad_norm': 6.64900016784668, 'learning_rate': 4.859154929577465e-06, 'epoch': 0.8}
{'loss': 0.9843, 'grad_norm': 4.261877536773682, 'learning_rate': 4.835680751173709e-06, 'epoch': 0.8}
{'loss': 0.8537, 'grad_norm': 6.674030303955078, 'learning_rate': 4.812206572769954e-06, 'epoch': 0.8}
{'loss': 0.9037, 'grad_norm': 3.6183414459228516, 'learning_rate': 4.788732394366197e-06, 'epoch': 0.8}
{'loss': 1.1718, 'grad_norm': 10.210489273071289, 'learning_rate': 4.765258215962442e-06, 'epoch': 0.81}
{'loss': 1.3492, 'grad_norm': 6.760009765625, 'learning_rate': 4.741784037558686e-06, 'epoch': 0.81}
{'loss': 0.9155, 'grad_norm': 3.984337329864502, 'learning_rate': 4.71830985915493e-06, 'epoch': 0.81}
{'loss': 1.0376, 'grad_norm': 4.645927906036377, 'learning_rate': 4.694835680751174e-06, 'epoch': 0.81}
{'loss': 0.9739, 'grad_norm': 3.881819009780884, 'learning_rate': 4.671361502347418e-06, 'epoch': 0.81}
{'loss': 0.9012, 'grad_norm': 3.1225645542144775, 'learning_rate': 4.647887323943662e-06, 'epoch': 0.81}
{'loss': 1.1328, 'grad_norm': 3.3597452640533447, 'learning_rate': 4.624413145539906e-06, 'epoch': 0.81}
{'loss': 1.1942, 'grad_norm': 4.330986976623535, 'learning_rate': 4.60093896713615e-06, 'epoch': 0.81}
{'loss': 1.3209, 'grad_norm': 11.862357139587402, 'learning_rate': 4.577464788732395e-06, 'epoch': 0.81}
{'loss': 1.0983, 'grad_norm': 5.761560916900635, 'learning_rate': 4.553990610328639e-06, 'epoch': 0.82}
{'loss': 0.9425, 'grad_norm': 4.3217620849609375, 'learning_rate': 4.530516431924883e-06, 'epoch': 0.82}
{'loss': 0.9539, 'grad_norm': 5.257365703582764, 'learning_rate': 4.507042253521127e-06, 'epoch': 0.82}
{'loss': 1.1195, 'grad_norm': 4.579869270324707, 'learning_rate': 4.483568075117371e-06, 'epoch': 0.82}
{'loss': 0.9977, 'grad_norm': 8.665702819824219, 'learning_rate': 4.460093896713616e-06, 'epoch': 0.82}
{'loss': 1.0371, 'grad_norm': 11.215576171875, 'learning_rate': 4.43661971830986e-06, 'epoch': 0.82}
{'loss': 1.0249, 'grad_norm': 3.2661383152008057, 'learning_rate': 4.413145539906104e-06, 'epoch': 0.82}
{'loss': 1.1999, 'grad_norm': 4.268228530883789, 'learning_rate': 4.3896713615023476e-06, 'epoch': 0.82}
{'loss': 1.0637, 'grad_norm': 2.811044931411743, 'learning_rate': 4.3661971830985915e-06, 'epoch': 0.83}
{'loss': 1.0018, 'grad_norm': 4.882943630218506, 'learning_rate': 4.342723004694836e-06, 'epoch': 0.83}
{'loss': 0.9358, 'grad_norm': 5.994621276855469, 'learning_rate': 4.31924882629108e-06, 'epoch': 0.83}
{'loss': 1.033, 'grad_norm': 3.1916942596435547, 'learning_rate': 4.295774647887324e-06, 'epoch': 0.83}
{'loss': 1.1001, 'grad_norm': 1.918142557144165, 'learning_rate': 4.272300469483568e-06, 'epoch': 0.83}
{'loss': 0.9524, 'grad_norm': 3.280940055847168, 'learning_rate': 4.248826291079813e-06, 'epoch': 0.83}
{'loss': 0.9266, 'grad_norm': 5.821617126464844, 'learning_rate': 4.225352112676057e-06, 'epoch': 0.83}
                                                 

                                                 

                                                 

                                                 

                                                 

                                                 

                                                 

                                                 

                                                 

                                                 

                                                 

                                                 

                                                 

                                                 

                                                 

                                                 

                                                 

                                                 

                                                 

                                                 

                                                 

                                                 

{'loss': 0.8709, 'grad_norm': 5.603251934051514, 'learning_rate': 4.201877934272301e-06, 'epoch': 0.83}
{'loss': 1.0682, 'grad_norm': 2.297024965286255, 'learning_rate': 4.178403755868545e-06, 'epoch': 0.84}
{'loss': 1.0891, 'grad_norm': 6.114852428436279, 'learning_rate': 4.154929577464789e-06, 'epoch': 0.84}
{'loss': 1.0363, 'grad_norm': 3.73706316947937, 'learning_rate': 4.131455399061034e-06, 'epoch': 0.84}
{'loss': 0.9114, 'grad_norm': 2.914677143096924, 'learning_rate': 4.107981220657278e-06, 'epoch': 0.84}
{'loss': 1.1957, 'grad_norm': 6.264787197113037, 'learning_rate': 4.0845070422535216e-06, 'epoch': 0.84}
{'loss': 1.1072, 'grad_norm': 2.2236392498016357, 'learning_rate': 4.0610328638497655e-06, 'epoch': 0.84}
{'loss': 1.251, 'grad_norm': 6.721741676330566, 'learning_rate': 4.0375586854460095e-06, 'epoch': 0.84}
{'loss': 0.99, 'grad_norm': 3.618950843811035, 'learning_rate': 4.014084507042254e-06, 'epoch': 0.84}
{'loss': 1.3631, 'grad_norm': 9.366386413574219, 'learning_rate': 3.990610328638498e-06, 'epoch': 0.85}
{'loss': 1.1515, 'grad_norm': 4.778161525726318, 'learning_rate': 3.967136150234742e-06, 'epoch': 0.85}
{'loss': 1.346, 'grad_norm': 6.533751010894775, 'learning_rate': 3.943661971830986e-06, 'epoch': 0.85}
{'loss': 0.81, 'grad_norm': 3.9095451831817627, 'learning_rate': 3.92018779342723e-06, 'epoch': 0.85}
{'loss': 0.8992, 'grad_norm': 5.743999481201172, 'learning_rate': 3.896713615023475e-06, 'epoch': 0.85}
{'loss': 1.1261, 'grad_norm': 3.361189842224121, 'learning_rate': 3.873239436619718e-06, 'epoch': 0.85}
{'loss': 0.865, 'grad_norm': 5.743833541870117, 'learning_rate': 3.849765258215963e-06, 'epoch': 0.85}
{'loss': 1.3008, 'grad_norm': 7.584538459777832, 'learning_rate': 3.826291079812207e-06, 'epoch': 0.85}
{'loss': 1.2923, 'grad_norm': 6.980619430541992, 'learning_rate': 3.8028169014084508e-06, 'epoch': 0.86}
{'loss': 0.92, 'grad_norm': 3.488285779953003, 'learning_rate': 3.779342723004695e-06, 'epoch': 0.86}
{'loss': 1.1142, 'grad_norm': 4.504048824310303, 'learning_rate': 3.755868544600939e-06, 'epoch': 0.86}
{'loss': 0.7949, 'grad_norm': 3.390845537185669, 'learning_rate': 3.7323943661971835e-06, 'epoch': 0.86}
{'loss': 0.948, 'grad_norm': 3.56915020942688, 'learning_rate': 3.708920187793428e-06, 'epoch': 0.86}
































                                                 


                                               
[A


                                               [A
                                                 

                                                 

                                                 

                                                 

                                                 

                                                 

                                                 

                                                 

                                                 

                                                 

                                                 

                                                 

                                                 

                                                 

                                                 

                                                 

                                                 

                                                 

                                                 

                                                 

                                                 

                                                 

                                                 

                                                 

                                                 

                                                 

                                                 

                                                 

                                                 

                                                 

                                                 

                                                 

                                                 

                                                 

                                                 

                                                 

                                                 

                                                 

                                                 

                                                 

                                                 

                                                 

                                                 

                                                 

                                                 

                                                 

                                                 

                                                 

                                                 

                                                 

                                                 

                                                 

                                                 

                                                 

                                                 

                                                 

                                                 

                                                 

                                                 

                                                 

                                                 

                                                 

                                                 

                                                 

                                                 

                                                 

                                                 

                                                 

                                                 

                                                 

                                                 

                                                 

                                                 

                                                 

                                                 

                                                 

                                                 

                                                 
{'eval_loss': 0.9030820727348328, 'eval_runtime': 9.6285, 'eval_samples_per_second': 13.294, 'eval_steps_per_second': 3.323, 'epoch': 0.86}
{'loss': 1.0039, 'grad_norm': 4.198154449462891, 'learning_rate': 3.6854460093896714e-06, 'epoch': 0.86}
{'loss': 0.8487, 'grad_norm': 8.431602478027344, 'learning_rate': 3.6619718309859158e-06, 'epoch': 0.86}
{'loss': 1.0527, 'grad_norm': 3.1459832191467285, 'learning_rate': 3.6384976525821597e-06, 'epoch': 0.86}
{'loss': 1.085, 'grad_norm': 7.267515182495117, 'learning_rate': 3.615023474178404e-06, 'epoch': 0.87}
{'loss': 1.1002, 'grad_norm': 8.753686904907227, 'learning_rate': 3.5915492957746485e-06, 'epoch': 0.87}
{'loss': 1.1442, 'grad_norm': 5.678173542022705, 'learning_rate': 3.568075117370892e-06, 'epoch': 0.87}
{'loss': 1.0617, 'grad_norm': 5.368523597717285, 'learning_rate': 3.5446009389671364e-06, 'epoch': 0.87}
{'loss': 1.2133, 'grad_norm': 4.364871025085449, 'learning_rate': 3.5211267605633804e-06, 'epoch': 0.87}
{'loss': 0.9445, 'grad_norm': 5.298970699310303, 'learning_rate': 3.4976525821596248e-06, 'epoch': 0.87}
{'loss': 0.9037, 'grad_norm': 8.036096572875977, 'learning_rate': 3.474178403755869e-06, 'epoch': 0.87}
{'loss': 1.2386, 'grad_norm': 6.764822483062744, 'learning_rate': 3.4507042253521127e-06, 'epoch': 0.87}
{'loss': 1.1241, 'grad_norm': 4.608526706695557, 'learning_rate': 3.427230046948357e-06, 'epoch': 0.88}
{'loss': 1.0077, 'grad_norm': 4.83750581741333, 'learning_rate': 3.4037558685446014e-06, 'epoch': 0.88}
{'loss': 1.1018, 'grad_norm': 5.6196608543396, 'learning_rate': 3.3802816901408454e-06, 'epoch': 0.88}
{'loss': 1.0131, 'grad_norm': 4.749003887176514, 'learning_rate': 3.35680751173709e-06, 'epoch': 0.88}
{'loss': 0.8949, 'grad_norm': 5.163211822509766, 'learning_rate': 3.3333333333333333e-06, 'epoch': 0.88}
{'loss': 1.3016, 'grad_norm': 6.839313507080078, 'learning_rate': 3.3098591549295777e-06, 'epoch': 0.88}
{'loss': 1.2687, 'grad_norm': 4.867440223693848, 'learning_rate': 3.286384976525822e-06, 'epoch': 0.88}
{'loss': 1.0646, 'grad_norm': 1.794682502746582, 'learning_rate': 3.262910798122066e-06, 'epoch': 0.88}
{'loss': 0.8809, 'grad_norm': 4.799319744110107, 'learning_rate': 3.2394366197183104e-06, 'epoch': 0.89}
{'loss': 1.0462, 'grad_norm': 4.400603771209717, 'learning_rate': 3.215962441314554e-06, 'epoch': 0.89}
{'loss': 1.1223, 'grad_norm': 6.262163162231445, 'learning_rate': 3.1924882629107983e-06, 'epoch': 0.89}
{'loss': 1.0697, 'grad_norm': 2.668792486190796, 'learning_rate': 3.1690140845070427e-06, 'epoch': 0.89}
{'loss': 1.2782, 'grad_norm': 6.018794059753418, 'learning_rate': 3.1455399061032867e-06, 'epoch': 0.89}
{'loss': 1.0373, 'grad_norm': 3.10070538520813, 'learning_rate': 3.122065727699531e-06, 'epoch': 0.89}
{'loss': 1.1468, 'grad_norm': 5.547404766082764, 'learning_rate': 3.0985915492957746e-06, 'epoch': 0.89}
{'loss': 1.0254, 'grad_norm': 3.32680344581604, 'learning_rate': 3.075117370892019e-06, 'epoch': 0.89}
{'loss': 0.9384, 'grad_norm': 4.368999481201172, 'learning_rate': 3.0516431924882634e-06, 'epoch': 0.89}
{'loss': 1.2826, 'grad_norm': 7.019707202911377, 'learning_rate': 3.0281690140845073e-06, 'epoch': 0.9}
{'loss': 1.0381, 'grad_norm': 3.8553709983825684, 'learning_rate': 3.0046948356807513e-06, 'epoch': 0.9}
{'loss': 0.8691, 'grad_norm': 4.4065399169921875, 'learning_rate': 2.9812206572769952e-06, 'epoch': 0.9}
{'loss': 1.0245, 'grad_norm': 4.513566970825195, 'learning_rate': 2.9577464788732396e-06, 'epoch': 0.9}
{'loss': 0.9759, 'grad_norm': 3.8378331661224365, 'learning_rate': 2.934272300469484e-06, 'epoch': 0.9}
{'loss': 1.1417, 'grad_norm': 4.310327053070068, 'learning_rate': 2.910798122065728e-06, 'epoch': 0.9}
{'loss': 1.0613, 'grad_norm': 4.91448450088501, 'learning_rate': 2.887323943661972e-06, 'epoch': 0.9}
{'loss': 0.9255, 'grad_norm': 4.699113368988037, 'learning_rate': 2.8638497652582163e-06, 'epoch': 0.9}
{'loss': 1.0382, 'grad_norm': 3.03603196144104, 'learning_rate': 2.8403755868544603e-06, 'epoch': 0.91}
{'loss': 1.0577, 'grad_norm': 3.5953457355499268, 'learning_rate': 2.8169014084507046e-06, 'epoch': 0.91}
{'loss': 0.8732, 'grad_norm': 4.4621782302856445, 'learning_rate': 2.793427230046948e-06, 'epoch': 0.91}
{'loss': 1.0515, 'grad_norm': 4.596424579620361, 'learning_rate': 2.7699530516431926e-06, 'epoch': 0.91}
{'loss': 1.1897, 'grad_norm': 4.819411277770996, 'learning_rate': 2.746478873239437e-06, 'epoch': 0.91}
{'loss': 1.0531, 'grad_norm': 7.928739070892334, 'learning_rate': 2.723004694835681e-06, 'epoch': 0.91}
{'loss': 1.218, 'grad_norm': 3.3414978981018066, 'learning_rate': 2.6995305164319253e-06, 'epoch': 0.91}
{'loss': 0.9435, 'grad_norm': 4.502682685852051, 'learning_rate': 2.676056338028169e-06, 'epoch': 0.91}
{'loss': 0.9122, 'grad_norm': 4.9433135986328125, 'learning_rate': 2.652582159624413e-06, 'epoch': 0.92}
{'loss': 0.9082, 'grad_norm': 5.796365737915039, 'learning_rate': 2.6291079812206576e-06, 'epoch': 0.92}
{'loss': 1.0368, 'grad_norm': 6.5558695793151855, 'learning_rate': 2.6056338028169015e-06, 'epoch': 0.92}
{'loss': 0.9513, 'grad_norm': 4.453088283538818, 'learning_rate': 2.582159624413146e-06, 'epoch': 0.92}
{'loss': 1.3713, 'grad_norm': 7.521790504455566, 'learning_rate': 2.5586854460093895e-06, 'epoch': 0.92}
{'loss': 1.0857, 'grad_norm': 13.478074073791504, 'learning_rate': 2.535211267605634e-06, 'epoch': 0.92}
{'loss': 1.0896, 'grad_norm': 7.962510585784912, 'learning_rate': 2.5117370892018782e-06, 'epoch': 0.92}
{'loss': 0.9267, 'grad_norm': 3.2221899032592773, 'learning_rate': 2.488262910798122e-06, 'epoch': 0.92}
{'loss': 0.8606, 'grad_norm': 2.6271169185638428, 'learning_rate': 2.4647887323943666e-06, 'epoch': 0.93}
{'loss': 0.9896, 'grad_norm': 1.81969153881073, 'learning_rate': 2.4413145539906105e-06, 'epoch': 0.93}
{'loss': 1.0072, 'grad_norm': 6.118299961090088, 'learning_rate': 2.4178403755868545e-06, 'epoch': 0.93}
{'loss': 1.0512, 'grad_norm': 4.855919361114502, 'learning_rate': 2.3943661971830984e-06, 'epoch': 0.93}
{'loss': 1.082, 'grad_norm': 7.168224334716797, 'learning_rate': 2.370892018779343e-06, 'epoch': 0.93}
{'loss': 1.3519, 'grad_norm': 5.244461536407471, 'learning_rate': 2.347417840375587e-06, 'epoch': 0.93}
{'loss': 1.0545, 'grad_norm': 3.2403316497802734, 'learning_rate': 2.323943661971831e-06, 'epoch': 0.93}
{'loss': 1.0318, 'grad_norm': 7.199644088745117, 'learning_rate': 2.300469483568075e-06, 'epoch': 0.93}
{'loss': 1.1754, 'grad_norm': 3.201099395751953, 'learning_rate': 2.2769953051643195e-06, 'epoch': 0.94}
{'loss': 1.0465, 'grad_norm': 3.218358039855957, 'learning_rate': 2.2535211267605635e-06, 'epoch': 0.94}
{'loss': 1.0228, 'grad_norm': 12.138888359069824, 'learning_rate': 2.230046948356808e-06, 'epoch': 0.94}
{'loss': 1.2836, 'grad_norm': 2.2688512802124023, 'learning_rate': 2.206572769953052e-06, 'epoch': 0.94}
{'loss': 1.0471, 'grad_norm': 2.62819504737854, 'learning_rate': 2.1830985915492958e-06, 'epoch': 0.94}
{'loss': 0.8823, 'grad_norm': 3.389516592025757, 'learning_rate': 2.15962441314554e-06, 'epoch': 0.94}
{'loss': 1.0342, 'grad_norm': 6.1702117919921875, 'learning_rate': 2.136150234741784e-06, 'epoch': 0.94}
{'loss': 0.9583, 'grad_norm': 5.562742233276367, 'learning_rate': 2.1126760563380285e-06, 'epoch': 0.94}
{'loss': 1.0009, 'grad_norm': 5.711021423339844, 'learning_rate': 2.0892018779342724e-06, 'epoch': 0.95}
{'loss': 1.0621, 'grad_norm': 4.1529154777526855, 'learning_rate': 2.065727699530517e-06, 'epoch': 0.95}
{'loss': 1.2651, 'grad_norm': 7.000767707824707, 'learning_rate': 2.0422535211267608e-06, 'epoch': 0.95}
{'loss': 1.0476, 'grad_norm': 5.925857067108154, 'learning_rate': 2.0187793427230047e-06, 'epoch': 0.95}
{'loss': 1.052, 'grad_norm': 4.626742362976074, 'learning_rate': 1.995305164319249e-06, 'epoch': 0.95}
{'loss': 1.1507, 'grad_norm': 3.0742883682250977, 'learning_rate': 1.971830985915493e-06, 'epoch': 0.95}
{'loss': 1.0336, 'grad_norm': 5.16646671295166, 'learning_rate': 1.9483568075117375e-06, 'epoch': 0.95}
{'loss': 1.1606, 'grad_norm': 3.7968058586120605, 'learning_rate': 1.9248826291079814e-06, 'epoch': 0.95}
{'loss': 0.939, 'grad_norm': 3.655405282974243, 'learning_rate': 1.9014084507042254e-06, 'epoch': 0.96}
{'loss': 1.2042, 'grad_norm': 7.260844707489014, 'learning_rate': 1.8779342723004696e-06, 'epoch': 0.96}
                                                 

                                                 

                                                 

                                                 

                                                 

                                                 

                                                 

                                                 

                                                 

                                                 

                                                 

                                                 

                                                 

                                                 

                                                 

                                                 

                                                 

                                                 

                                                 

                                                 

                                                 

                                                 

{'loss': 1.4142, 'grad_norm': 8.760326385498047, 'learning_rate': 1.854460093896714e-06, 'epoch': 0.96}
{'loss': 0.9516, 'grad_norm': 4.9609456062316895, 'learning_rate': 1.8309859154929579e-06, 'epoch': 0.96}
{'loss': 1.3072, 'grad_norm': 4.420050144195557, 'learning_rate': 1.807511737089202e-06, 'epoch': 0.96}
{'loss': 0.9918, 'grad_norm': 3.768500328063965, 'learning_rate': 1.784037558685446e-06, 'epoch': 0.96}
{'loss': 0.7381, 'grad_norm': 6.690787315368652, 'learning_rate': 1.7605633802816902e-06, 'epoch': 0.96}
{'loss': 1.0553, 'grad_norm': 5.2266693115234375, 'learning_rate': 1.7370892018779346e-06, 'epoch': 0.96}
{'loss': 0.8721, 'grad_norm': 3.9627838134765625, 'learning_rate': 1.7136150234741785e-06, 'epoch': 0.96}
{'loss': 1.0187, 'grad_norm': 3.6310102939605713, 'learning_rate': 1.6901408450704227e-06, 'epoch': 0.97}
{'loss': 1.1192, 'grad_norm': 2.666116237640381, 'learning_rate': 1.6666666666666667e-06, 'epoch': 0.97}
{'loss': 1.0053, 'grad_norm': 5.050245761871338, 'learning_rate': 1.643192488262911e-06, 'epoch': 0.97}
{'loss': 1.0115, 'grad_norm': 6.541132926940918, 'learning_rate': 1.6197183098591552e-06, 'epoch': 0.97}
{'loss': 0.8291, 'grad_norm': 6.269826412200928, 'learning_rate': 1.5962441314553992e-06, 'epoch': 0.97}
{'loss': 1.0755, 'grad_norm': 4.714485168457031, 'learning_rate': 1.5727699530516433e-06, 'epoch': 0.97}
{'loss': 1.0778, 'grad_norm': 3.058969020843506, 'learning_rate': 1.5492957746478873e-06, 'epoch': 0.97}
{'loss': 1.0142, 'grad_norm': 2.88645339012146, 'learning_rate': 1.5258215962441317e-06, 'epoch': 0.97}
{'loss': 1.0253, 'grad_norm': 6.492119789123535, 'learning_rate': 1.5023474178403756e-06, 'epoch': 0.98}
{'loss': 1.1045, 'grad_norm': 4.727212429046631, 'learning_rate': 1.4788732394366198e-06, 'epoch': 0.98}
{'loss': 1.2026, 'grad_norm': 4.508062362670898, 'learning_rate': 1.455399061032864e-06, 'epoch': 0.98}
{'loss': 1.1256, 'grad_norm': 3.727285861968994, 'learning_rate': 1.4319248826291082e-06, 'epoch': 0.98}
{'loss': 0.9115, 'grad_norm': 3.7817647457122803, 'learning_rate': 1.4084507042253523e-06, 'epoch': 0.98}
{'loss': 1.1048, 'grad_norm': 3.7918314933776855, 'learning_rate': 1.3849765258215963e-06, 'epoch': 0.98}
{'loss': 1.2185, 'grad_norm': 4.772357940673828, 'learning_rate': 1.3615023474178405e-06, 'epoch': 0.98}
































                                                 


                                               
[A


                                               [A
                                                 

                                                 

                                                 

                                                 

                                                 

                                                 

                                                 

                                                 

                                                 

                                                 

                                                 

                                                 

                                                 

                                                 

                                                 

                                                 

                                                 

                                                 

                                                 

                                                 

                                                 

                                                 

                                                 

                                                 

                                                 

                                                 

                                                 

                                                 

                                                 

                                                 

                                                 

                                                 

                                                 

                                                 

                                                 

                                                 

                                                 

                                                 

                                                 

                                                 

                                                 

                                                 

                                                 

                                                 

                                                 

                                                 

                                                 

                                                 

                                                 

                                                 

                                                 

                                                 

                                                 

                                                 

                                                 

                                                 

                                                 

                                                 

No files have been modified since last commit. Skipping to prevent empty commit.
{'eval_loss': 0.9028185606002808, 'eval_runtime': 9.6494, 'eval_samples_per_second': 13.265, 'eval_steps_per_second': 3.316, 'epoch': 0.98}
{'loss': 0.9491, 'grad_norm': 7.474852561950684, 'learning_rate': 1.3380281690140844e-06, 'epoch': 0.98}
{'loss': 0.9813, 'grad_norm': 2.688812017440796, 'learning_rate': 1.3145539906103288e-06, 'epoch': 0.99}
{'loss': 0.8395, 'grad_norm': 5.010163307189941, 'learning_rate': 1.291079812206573e-06, 'epoch': 0.99}
{'loss': 1.0182, 'grad_norm': 5.291183948516846, 'learning_rate': 1.267605633802817e-06, 'epoch': 0.99}
{'loss': 0.7338, 'grad_norm': 5.2372846603393555, 'learning_rate': 1.244131455399061e-06, 'epoch': 0.99}
{'loss': 1.1042, 'grad_norm': 3.390439510345459, 'learning_rate': 1.2206572769953053e-06, 'epoch': 0.99}
{'loss': 1.0166, 'grad_norm': 3.295912504196167, 'learning_rate': 1.1971830985915492e-06, 'epoch': 0.99}
{'loss': 1.1264, 'grad_norm': 9.37085247039795, 'learning_rate': 1.1737089201877936e-06, 'epoch': 0.99}
{'loss': 0.9913, 'grad_norm': 3.789015054702759, 'learning_rate': 1.1502347417840376e-06, 'epoch': 0.99}
{'loss': 1.006, 'grad_norm': 5.240883827209473, 'learning_rate': 1.1267605633802817e-06, 'epoch': 1.0}
{'loss': 1.1293, 'grad_norm': 4.667544841766357, 'learning_rate': 1.103286384976526e-06, 'epoch': 1.0}
{'loss': 0.8829, 'grad_norm': 3.5231776237487793, 'learning_rate': 1.07981220657277e-06, 'epoch': 1.0}
{'loss': 1.2322, 'grad_norm': 4.988046169281006, 'learning_rate': 1.0563380281690142e-06, 'epoch': 1.0}
{'loss': 0.7587, 'grad_norm': 9.167372703552246, 'learning_rate': 1.0328638497652584e-06, 'epoch': 1.0}
{'loss': 1.1309, 'grad_norm': 4.832117080688477, 'learning_rate': 1.0093896713615024e-06, 'epoch': 1.0}
{'loss': 0.9643, 'grad_norm': 4.979979038238525, 'learning_rate': 9.859154929577465e-07, 'epoch': 1.0}
{'loss': 1.2883, 'grad_norm': 5.874708652496338, 'learning_rate': 9.624413145539907e-07, 'epoch': 1.0}
{'loss': 0.8927, 'grad_norm': 6.578455924987793, 'learning_rate': 9.389671361502348e-07, 'epoch': 1.0}
{'loss': 0.8347, 'grad_norm': 4.021728515625, 'learning_rate': 9.154929577464789e-07, 'epoch': 1.01}
{'loss': 1.1201, 'grad_norm': 4.458685874938965, 'learning_rate': 8.92018779342723e-07, 'epoch': 1.01}
{'loss': 1.272, 'grad_norm': 4.697023391723633, 'learning_rate': 8.685446009389673e-07, 'epoch': 1.01}
{'loss': 1.1175, 'grad_norm': 4.695356369018555, 'learning_rate': 8.450704225352114e-07, 'epoch': 1.01}
{'loss': 0.9448, 'grad_norm': 3.4478752613067627, 'learning_rate': 8.215962441314555e-07, 'epoch': 1.01}
{'loss': 1.057, 'grad_norm': 2.8817405700683594, 'learning_rate': 7.981220657276996e-07, 'epoch': 1.01}
{'loss': 0.8307, 'grad_norm': 3.897029161453247, 'learning_rate': 7.746478873239437e-07, 'epoch': 1.01}
{'loss': 1.1098, 'grad_norm': 3.249908685684204, 'learning_rate': 7.511737089201878e-07, 'epoch': 1.01}
{'loss': 1.1748, 'grad_norm': 3.6818909645080566, 'learning_rate': 7.27699530516432e-07, 'epoch': 1.02}
{'loss': 0.9848, 'grad_norm': 3.8417060375213623, 'learning_rate': 7.042253521126762e-07, 'epoch': 1.02}
{'loss': 1.1273, 'grad_norm': 3.884932279586792, 'learning_rate': 6.807511737089202e-07, 'epoch': 1.02}
{'loss': 0.8045, 'grad_norm': 4.763024806976318, 'learning_rate': 6.572769953051644e-07, 'epoch': 1.02}
{'loss': 1.1737, 'grad_norm': 4.608824729919434, 'learning_rate': 6.338028169014085e-07, 'epoch': 1.02}
{'loss': 0.9664, 'grad_norm': 7.811282157897949, 'learning_rate': 6.103286384976526e-07, 'epoch': 1.02}
{'loss': 1.2151, 'grad_norm': 6.0949296951293945, 'learning_rate': 5.868544600938968e-07, 'epoch': 1.02}
{'loss': 0.9764, 'grad_norm': 5.100520610809326, 'learning_rate': 5.633802816901409e-07, 'epoch': 1.02}
{'loss': 1.087, 'grad_norm': 5.992798805236816, 'learning_rate': 5.39906103286385e-07, 'epoch': 1.03}
{'loss': 0.9179, 'grad_norm': 4.8890204429626465, 'learning_rate': 5.164319248826292e-07, 'epoch': 1.03}
{'loss': 0.8878, 'grad_norm': 3.390813112258911, 'learning_rate': 4.929577464788733e-07, 'epoch': 1.03}
{'loss': 0.9986, 'grad_norm': 4.022943496704102, 'learning_rate': 4.694835680751174e-07, 'epoch': 1.03}
{'loss': 0.8836, 'grad_norm': 4.560184955596924, 'learning_rate': 4.460093896713615e-07, 'epoch': 1.03}
{'loss': 0.8898, 'grad_norm': 3.222233772277832, 'learning_rate': 4.225352112676057e-07, 'epoch': 1.03}
{'loss': 1.0361, 'grad_norm': 4.441300868988037, 'learning_rate': 3.990610328638498e-07, 'epoch': 1.03}
{'loss': 1.0383, 'grad_norm': 2.274742841720581, 'learning_rate': 3.755868544600939e-07, 'epoch': 1.03}
{'loss': 0.7787, 'grad_norm': 6.491133689880371, 'learning_rate': 3.521126760563381e-07, 'epoch': 1.04}
{'loss': 0.9344, 'grad_norm': 3.5878243446350098, 'learning_rate': 3.286384976525822e-07, 'epoch': 1.04}
{'loss': 1.2691, 'grad_norm': 3.651764392852783, 'learning_rate': 3.051643192488263e-07, 'epoch': 1.04}
{'loss': 0.8975, 'grad_norm': 4.468095302581787, 'learning_rate': 2.8169014084507043e-07, 'epoch': 1.04}
{'loss': 1.0084, 'grad_norm': 2.7432398796081543, 'learning_rate': 2.582159624413146e-07, 'epoch': 1.04}
{'loss': 0.929, 'grad_norm': 5.526341438293457, 'learning_rate': 2.347417840375587e-07, 'epoch': 1.04}
{'loss': 1.0085, 'grad_norm': 5.315605163574219, 'learning_rate': 2.1126760563380284e-07, 'epoch': 1.04}
{'loss': 1.1601, 'grad_norm': 4.647852420806885, 'learning_rate': 1.8779342723004696e-07, 'epoch': 1.04}
{'loss': 1.0638, 'grad_norm': 3.506140947341919, 'learning_rate': 1.643192488262911e-07, 'epoch': 1.05}
{'loss': 0.9327, 'grad_norm': 4.573635578155518, 'learning_rate': 1.4084507042253522e-07, 'epoch': 1.05}
{'loss': 1.1069, 'grad_norm': 4.932702541351318, 'learning_rate': 1.1737089201877935e-07, 'epoch': 1.05}
{'loss': 0.9805, 'grad_norm': 3.504795551300049, 'learning_rate': 9.389671361502348e-08, 'epoch': 1.05}
{'loss': 0.8612, 'grad_norm': 4.621238708496094, 'learning_rate': 7.042253521126761e-08, 'epoch': 1.05}
{'loss': 0.9729, 'grad_norm': 8.555619239807129, 'learning_rate': 4.694835680751174e-08, 'epoch': 1.05}
{'loss': 1.1457, 'grad_norm': 8.246638298034668, 'learning_rate': 2.347417840375587e-08, 'epoch': 1.05}
{'train_runtime': 1441.4741, 'train_samples_per_second': 9.512, 'train_steps_per_second': 0.595, 'train_loss': 1.081536479007405, 'epoch': 1.05}
Pushing full model and tokenizer to jrepifano/q14b-mix-arm2-r1-seed2...
Saved model to https://huggingface.co/jrepifano/q14b-mix-arm2-r1-seed2
Successfully pushed full model and tokenizer!

{'eval_loss': 0.9026428461074829, 'eval_runtime': 9.6394, 'eval_samples_per_second': 13.279, 'eval_steps_per_second': 3.32}
[1;34mwandb[0m: 
[1;34mwandb[0m: You can sync this run to the cloud by running:
[1;34mwandb[0m: [1mwandb sync /workspace/model-organisms-for-EM/wandb/offline-run-20260817_141824-gh98kntu[0m
[1;34mwandb[0m: Find logs at: [1;35mwandb/offline-run-20260817_141824-gh98kntu/logs[0m
